Chromosome	Distance_bp
chr1 52
chr1 7468
chr1 361199
chr1 29
chr1 1184
chr1 12114
chr1 183648
chr1 28302
chr1 10445
chr1 12120
chr1 57764
chr1 45356
chr1 15051
chr1 49885
chr1 31909
chr1 1416683
chr1 95
chr1 66356
chr1 288655
chr1 53
chr1 417
chr1 3
chr1 4559
chr1 42
chr1 615
chr1 1777
chr1 27
chr1 15632
chr1 251
chr1 14
chr1 7539
chr1 102
chr1 10968
chr1 44
chr1 52054
chr1 140
chr1 24954
chr1 35072
chr1 443099
chr1 625946
chr1 201389
chr1 13805
chr1 10044
chr1 164795
chr1 39463
chr1 40635
chr1 14407
chr1 39446
chr1 72997
chr1 120596
chr1 84
chr1 19706
chr1 48
chr1 85816
chr1 142124
chr1 13244
chr1 866
chr1 13979
chr1 306933
chr1 274862
chr1 87258
chr1 86116
chr1 11869
chr1 11839
chr1 129074
chr1 23022
chr1 18565
chr1 69336
chr1 1119827
chr1 27
chr1 42372
chr1 112473
chr1 43169
chr1 41291
chr1 126007
chr1 164399
chr1 52067
chr1 451062
chr1 99127
chr1 242
chr1 296768
chr1 1213252
chr1 4396
chr1 418932
chr1 207373
chr1 793306
chr1 83230
chr1 101987
chr1 403991
chr1 366
chr1 999092
chr1 9696
chr1 47590
chr1 71208
chr1 10915
chr1 54749
chr1 42266
chr1 12611
chr1 114936
chr1 152308
chr1 75723
chr1 11943
chr1 57741
chr1 113408
chr1 219506
chr1 46569
chr1 124381
chr1 146335
chr1 15794
chr1 46018
chr1 24000
chr1 160766
chr1 98456
chr1 22416
chr1 76999
chr1 33746
chr1 24782
chr1 41042
chr1 9587
chr1 138141
chr1 283038
chr1 304239
chr1 431073
chr1 843533
chr1 187189
chr1 134502
chr1 38
chr1 305275
chr1 637266
chr1 144260
chr1 59130
chr1 32459
chr1 91326
chr1 29349
chr1 108876
chr1 118523
chr1 59391
chr1 10678
chr1 127337
chr1 38
chr1 1200583
chr1 100439
chr1 115667
chr1 240876
chr1 2495
chr1 16504
chr1 140562
chr1 465192
chr1 3
chr1 33576
chr1 186325
chr1 366259
chr1 688780
chr1 550002
chr1 6878
chr1 231603
chr1 454286
chr1 875829
chr1 216913
chr1 34965
chr1 151227
chr1 216770
chr1 171905
chr1 55078
chr1 344989
chr1 10992
chr1 295855
chr1 596138
chr1 722072
chr1 67
chr1 93
chr1 298208
chr1 116217
chr1 319401
chr1 863597
chr1 297165
chr1 319565
chr1 14834
chr1 83331
chr1 18943
chr1 170399
chr1 138351
chr1 129202
chr1 110
chr1 29881
chr1 106945
chr1 160125
chr1 154677
chr1 143540
chr1 45571
chr1 53486
chr1 53
chr1 28057
chr1 350757
chr1 432283
chr1 130477
chr1 70430
chr1 146380
chr1 64113
chr1 827736
chr1 537126
chr1 65243
chr1 83020
chr1 387665
chr1 79074
chr1 78220
chr1 180624
chr1 71079
chr1 10648
chr1 92664
chr1 54161
chr1 128
chr1 246950
chr1 20668
chr1 43784
chr1 160114
chr1 55896
chr1 184437
chr1 428474
chr1 40
chr1 411295
chr1 229952
chr1 237288
chr1 88512
chr1 329200
chr1 75558
chr1 3686
chr1 4144
chr1 192137
chr1 100131
chr1 107015
chr1 46285
chr1 82
chr1 5101
chr1 116329
chr1 39758
chr1 30586
chr1 333039
chr1 234956
chr1 449996
chr1 280825
chr1 65875
chr1 74161
chr1 458534
chr1 703812
chr1 447515
chr1 71656
chr1 8898
chr1 40039
chr1 2105
chr1 514277
chr1 14
chr1 38172
chr1 50408
chr1 29587
chr1 17453
chr1 300186
chr1 19042
chr1 249027
chr1 45606
chr1 119518
chr1 23675
chr1 9824
chr1 56184
chr1 11674
chr1 794
chr1 11738
chr1 16144
chr1 3779
chr1 7166
chr1 126315
chr1 263363
chr1 137
chr1 67658
chr1 6418
chr1 245006
chr1 38
chr1 281574
chr1 541737
chr1 375558
chr1 23747
chr1 114554
chr1 133286
chr1 98237
chr1 74910
chr1 74334
chr1 377060
chr1 82
chr1 44420
chr1 109487
chr1 20533
chr1 15133
chr1 30689
chr1 53401
chr1 104172
chr1 486731
chr1 80186
chr1 104047
chr1 52279
chr1 72704
chr1 567414
chr1 8117
chr1 32058
chr1 39305
chr1 18631
chr1 40242
chr1 28251
chr1 14406
chr1 83040
chr1 25265
chr1 36684
chr1 8795
chr1 2022
chr1 19238
chr1 40496
chr1 32629
chr1 29365
chr1 11923
chr1 5192
chr1 25170
chr1 2029
chr1 17578
chr1 326876
chr1 99989
chr1 86297
chr1 354089
chr1 49037
chr1 23436
chr1 14611
chr1 34441
chr1 96807
chr1 8850
chr1 9604
chr1 34219
chr1 143
chr1 5458
chr1 244
chr1 40002
chr1 38437
chr1 59545
chr1 14448
chr1 35301
chr1 29516
chr1 238139
chr1 32689
chr1 169201
chr1 29448
chr1 55864
chr1 360
chr1 28221
chr1 19519
chr1 16780
chr1 23822
chr1 60078
chr1 45764
chr1 49475
chr1 1234
chr1 146953
chr1 49748
chr1 4308
chr1 45407
chr1 32914
chr1 8088
chr1 15146
chr1 16086
chr1 24557
chr1 51457
chr1 4495
chr1 28701
chr1 4096
chr1 119204
chr1 7112
chr1 132
chr1 46027
chr1 19487
chr1 17868
chr1 8696
chr1 114155
chr1 73219
chr1 85351
chr1 244219
chr1 26280
chr1 247663
chr1 106299
chr1 39187
chr1 13181
chr1 104763
chr1 367997
chr1 20768
chr1 62445
chr1 226841
chr1 97436
chr1 95678
chr1 213559
chr1 62180
chr1 839389
chr1 871469
chr1 115679
chr1 12985
chr1 108763
chr1 91
chr1 322870
chr1 236809
chr1 435953
chr1 11038
chr1 169279
chr1 208
chr1 139627
chr1 51797
chr1 5463
chr1 20284
chr1 47215
chr1 23886
chr1 63180
chr1 31566
chr1 58361
chr1 3635
chr1 22633
chr1 134047
chr1 41774
chr1 106266
chr1 44190
chr1 31094
chr1 60592
chr1 58386
chr1 4691
chr1 26620
chr1 5458
chr1 90884
chr1 224341
chr1 72394
chr1 12083
chr1 54067
chr1 12566
chr1 86601
chr1 53765
chr1 134058
chr1 60366
chr1 138481
chr1 24049
chr1 222776
chr1 9679
chr1 223413
chr1 190177
chr1 87446
chr1 71624
chr1 99516
chr1 38
chr1 65105
chr1 9552
chr1 97155
chr1 26335
chr1 145573
chr1 68698
chr1 4854
chr1 35
chr1 12992
chr1 73826
chr1 114880
chr1 29652
chr1 162739
chr1 5271
chr1 134095
chr1 65028
chr1 10633
chr1 56607
chr1 39
chr1 20041
chr1 193
chr1 79301
chr1 10478
chr1 32579
chr1 81906
chr1 5287
chr1 71373
chr1 37429
chr1 9965
chr1 6153
chr1 36165
chr1 26184
chr1 55776
chr1 126395
chr1 44489
chr1 184227
chr1 120692
chr1 52676
chr1 82664
chr1 187688
chr1 289
chr1 49951
chr1 45687
chr1 6001
chr1 141
chr1 76368
chr1 53016
chr1 29211
chr1 10044
chr1 20676
chr1 769739
chr1 157435
chr1 69517
chr1 167856
chr1 31514
chr1 239193
chr1 73948
chr1 51408
chr1 51974
chr1 103618
chr1 6502
chr1 39695
chr1 42913
chr1 1679
chr1 38776
chr1 48093
chr1 114809
chr1 12138
chr1 198189
chr1 137247
chr1 53077
chr1 135873
chr1 70178
chr1 26186
chr1 54310
chr1 4441
chr1 15
chr1 261034
chr1 62
chr1 161409
chr1 166133
chr1 8120
chr1 134784
chr1 11307
chr1 7397
chr1 40469
chr1 89948
chr1 72430
chr1 56620
chr1 222588
chr1 32146
chr1 9423
chr1 15068
chr1 96865
chr1 83
chr1 23809
chr1 11744
chr1 49312
chr1 135
chr1 141469
chr1 134563
chr1 21077
chr1 50
chr1 40193
chr1 131402
chr1 92
chr1 11591
chr1 80338
chr1 2192
chr1 32879
chr1 79883
chr1 14497
chr1 65296
chr1 101278
chr1 16334
chr1 419
chr1 3724
chr1 18446
chr1 6729
chr1 38
chr1 82034
chr1 52436
chr1 47391
chr1 19800
chr1 16058
chr1 14395
chr1 66262
chr1 104452
chr1 8
chr1 122397
chr1 54868
chr1 99590
chr1 60913
chr1 37019
chr1 40660
chr1 21
chr1 3133
chr1 76895
chr1 8286
chr1 1116
chr1 27082
chr1 34190
chr1 292907
chr1 26239
chr1 66550
chr1 40460
chr1 36703
chr1 229956
chr1 114269
chr1 240510
chr1 58024
chr1 38907
chr1 84346
chr1 84329
chr1 80711
chr1 94682
chr1 196547
chr1 39885
chr1 58632
chr1 5450
chr1 32552
chr1 32868
chr1 3948
chr1 4833
chr1 31567
chr1 34405
chr1 75762
chr1 4228
chr1 25692
chr1 72277
chr1 23209
chr1 58430
chr1 91674
chr1 46892
chr1 27195
chr1 128841
chr1 69801
chr1 32753
chr1 37992
chr1 92260
chr1 47734
chr1 41448
chr1 143387
chr1 8588
chr1 42210
chr1 60011
chr1 72475
chr1 482244
chr1 117235
chr1 14805
chr1 5150
chr1 39846
chr1 66801
chr1 73079
chr1 1668
chr1 314778
chr1 12528
chr1 61354
chr1 34722
chr1 48
chr1 15995
chr1 85976
chr1 22234
chr1 234077
chr1 48110
chr1 32162
chr1 58802
chr1 51434
chr1 27736
chr1 12718
chr1 53466
chr1 271870
chr1 78501
chr1 19934
chr1 117019
chr1 30892
chr1 3409
chr1 17228
chr1 57901
chr1 28887
chr1 320463
chr1 23151
chr1 128581
chr1 67129
chr1 11
chr1 7693
chr1 16103
chr1 25389
chr1 158636
chr1 44781
chr1 44111
chr1 99233
chr1 42545
chr1 14584
chr1 101826
chr1 95261
chr1 31420
chr1 52276
chr1 39706
chr1 160601
chr1 63205
chr1 15706
chr1 54343
chr1 19663
chr1 16121
chr1 102829
chr1 210227
chr1 72505
chr1 8577
chr1 25709
chr1 229851
chr1 25483
chr1 12703
chr1 45494
chr1 29508
chr1 13642
chr1 37546
chr1 89959
chr1 3665
chr1 128269
chr1 88071
chr1 116
chr1 58700
chr1 85529
chr1 73438
chr1 62576
chr1 56280
chr1 18439
chr1 24683
chr1 38729
chr1 19780
chr1 79948
chr1 568
chr1 39171
chr1 16805
chr1 22
chr1 15772
chr1 60161
chr1 2673
chr1 21709
chr1 108587
chr1 7319
chr1 60462
chr1 66375
chr1 27076
chr1 30641
chr1 68701
chr1 30305
chr1 133867
chr1 6902
chr1 116431
chr1 65840
chr1 69375
chr1 61957
chr1 239
chr1 154012
chr1 13113
chr1 22172
chr1 124465
chr1 316984
chr1 470667
chr1 121463
chr1 88817
chr1 12
chr1 6309
chr1 47344
chr1 22014
chr1 23217
chr1 44907
chr1 8772
chr1 1547
chr1 50917
chr1 21035
chr1 5852
chr1 35105
chr1 10710
chr1 4359
chr1 81767
chr1 5096
chr1 79
chr1 36516
chr1 124
chr1 47081
chr1 5
chr1 14173
chr1 101394
chr1 129872
chr1 124173
chr1 78441
chr1 107082
chr1 49611
chr1 231602
chr1 138162
chr1 326176
chr1 21374
chr1 75508
chr1 37839
chr1 2067
chr1 73817
chr1 9717
chr1 57288
chr1 143670
chr1 48418
chr1 6752
chr1 65050
chr1 48639
chr1 43735
chr1 11232
chr1 1749
chr1 93863
chr1 85128
chr1 8465
chr1 85649
chr1 55017
chr1 14169
chr1 92313
chr1 61325
chr1 76323
chr1 781639
chr1 244690
chr1 117910
chr1 58
chr1 134177
chr1 13119
chr1 8264
chr1 49471
chr1 89709
chr1 56680
chr1 53639
chr1 28234
chr1 25
chr1 186342
chr1 11916
chr1 162278
chr1 9263
chr1 10978
chr1 123550
chr1 256054
chr1 21455
chr1 233304
chr1 140142
chr1 57048
chr1 2510
chr1 31643
chr1 263295
chr1 48905
chr1 114535
chr1 105237
chr1 339348
chr1 111360
chr1 5051
chr1 4154
chr1 17481
chr1 41936
chr1 131716
chr1 45149
chr1 41498
chr1 124751
chr1 34754
chr1 81390
chr1 85131
chr1 111471
chr1 21835
chr1 123230
chr1 15971
chr1 37582
chr1 55
chr1 8805
chr1 30309
chr1 9172
chr1 52863
chr1 17920
chr1 12360
chr1 34703
chr1 128981
chr1 10211
chr1 16863
chr1 13855
chr1 17830
chr1 117015
chr1 37121
chr1 15278
chr1 313105
chr1 10296
chr1 13046
chr1 348774
chr1 30628
chr1 162952
chr1 134809
chr1 134285
chr1 49510
chr1 120207
chr1 484616
chr1 59455
chr1 21733
chr1 353293
chr1 124138
chr1 106991
chr1 207059
chr1 1320
chr1 7470
chr1 41486
chr1 82241
chr1 5433
chr1 40261
chr1 17952
chr1 578
chr1 18627
chr1 87700
chr1 21338
chr1 20526
chr1 25492
chr1 71141
chr1 26281
chr1 65
chr1 12760
chr1 152746
chr1 42213
chr1 71514
chr1 18537
chr1 166020
chr1 95566
chr1 6959
chr1 12707
chr1 3190
chr1 17322
chr1 14451
chr1 60063
chr1 41883
chr1 38328
chr1 17166
chr1 46400
chr1 190746
chr1 49082
chr1 44555
chr1 24120
chr1 8622
chr1 137938
chr1 95254
chr1 85073
chr1 50074
chr1 103930
chr1 25416
chr1 49553
chr1 59339
chr1 4307
chr1 90317
chr1 35370
chr1 19898
chr1 14492
chr1 40822
chr1 526854
chr1 23101
chr1 233615
chr1 26406
chr1 11220
chr1 15332
chr1 96272
chr1 12319
chr1 36406
chr1 68203
chr1 36417
chr1 14464
chr1 44945
chr1 34239
chr1 11165
chr1 33366
chr1 46867
chr1 777
chr1 174953
chr1 154866
chr1 6725
chr1 73
chr1 160938
chr1 39925
chr1 8420
chr1 132671
chr1 63121
chr1 3758
chr1 46442
chr1 345820
chr1 7018
chr1 41875
chr1 28265
chr1 135801
chr1 64790
chr1 58872
chr1 88402
chr1 26236
chr1 50272
chr1 38409
chr1 90903
chr1 65315
chr1 100575
chr1 91258
chr1 12860
chr1 297823
chr1 148265
chr1 80563
chr1 167557
chr1 34630
chr1 137829
chr1 148
chr1 170973
chr1 165717
chr1 82540
chr1 13152
chr1 14954
chr1 182151
chr1 16333
chr1 23069
chr1 80074
chr1 51327
chr1 178176
chr1 45275
chr1 195655
chr1 116
chr1 30786
chr1 11833
chr1 20112
chr1 279
chr1 240196
chr1 4443
chr1 104834
chr1 82692
chr1 14218
chr1 6489
chr1 35957
chr1 76862
chr1 36956
chr1 64086
chr1 57807
chr1 1076
chr1 43918
chr1 137509
chr1 4116
chr1 86312
chr1 55339
chr1 9444
chr1 171485
chr1 13600
chr1 45231
chr1 37875
chr1 34600
chr1 80699
chr1 79181
chr1 141627
chr1 32583
chr1 111540
chr1 58943
chr1 70056
chr1 15406
chr1 81318
chr1 88560
chr1 52145
chr1 666
chr1 3554
chr1 9510
chr1 43876
chr1 31482
chr1 12040
chr1 60198
chr1 8550
chr1 33464
chr1 35397
chr1 61692
chr1 121658
chr1 4
chr1 75847
chr1 196729
chr1 411153
chr1 52395
chr1 11211
chr1 103993
chr1 195163
chr1 21979
chr1 40923
chr1 21541
chr1 9000
chr1 13819
chr1 7880
chr1 145510
chr1 8964
chr1 93519
chr1 10965
chr1 162882
chr1 6782
chr1 74732
chr1 43096
chr1 192910
chr1 25347
chr1 178600
chr1 38546
chr1 23366
chr1 8397
chr1 66671
chr1 18655
chr1 26002
chr1 77193
chr1 129638
chr1 9681
chr1 37068
chr1 7137
chr1 22
chr1 34661
chr1 34048
chr1 79088
chr1 20809
chr1 47279
chr1 1153
chr1 21923
chr1 46516
chr1 66415
chr1 468
chr1 20861
chr1 9640
chr1 3543
chr1 20879
chr1 21380
chr1 128
chr1 46918
chr1 53231
chr1 19446
chr1 25528
chr1 52635
chr1 7672
chr1 121673
chr1 27391
chr1 159422
chr1 112532
chr1 17
chr1 3145
chr1 115309
chr1 13603
chr1 14436
chr1 6757
chr1 25361
chr1 64728
chr1 79337
chr1 36401
chr1 16967
chr1 90961
chr1 77461
chr1 116631
chr1 43392
chr1 44113
chr1 45003
chr1 77959
chr1 109139
chr1 37050
chr1 62653
chr1 56186
chr1 60182
chr1 9733
chr1 34434
chr1 18094
chr1 14501
chr1 20342
chr1 47420
chr1 9831
chr1 54146
chr1 2002
chr1 47073
chr1 21295
chr1 46525
chr1 40045
chr1 119001
chr1 19067
chr1 27216
chr1 56243
chr1 13967
chr1 248537
chr1 5578
chr1 28716
chr1 26978
chr1 15531
chr1 29426
chr1 4441
chr1 9922
chr1 38803
chr1 13598
chr1 190772
chr1 94
chr1 113680
chr1 55306
chr1 11422
chr1 19130
chr1 37098
chr1 18311
chr1 10717
chr1 63027
chr1 64356
chr1 23378
chr1 4078
chr1 45992
chr1 79
chr1 71479
chr1 26822
chr1 53091
chr1 3966
chr1 40262
chr1 63
chr1 25401
chr1 59838
chr1 122002
chr1 78297
chr1 45586
chr1 5136
chr1 9490
chr1 35749
chr1 56263
chr1 112578
chr1 49843
chr1 43549
chr1 64694
chr1 98872
chr1 314
chr1 38
chr1 27564
chr1 36891
chr1 102186
chr1 114185
chr1 215346
chr1 115027
chr1 15077
chr1 13498
chr1 36030
chr1 37674
chr1 112243
chr1 108046
chr1 80734
chr1 76900
chr1 27779
chr1 58870
chr1 62218
chr1 20589
chr1 61266
chr1 2435
chr1 7709
chr1 49160
chr1 20589
chr1 73444
chr1 11740
chr1 33833
chr1 82448
chr1 1112341
chr1 118965
chr1 817261
chr1 62266
chr1 10870
chr1 80895
chr1 26716
chr1 70366
chr1 52170
chr1 20000
chr1 10272
chr1 33367
chr1 5713
chr1 4325
chr1 15792
chr1 22073
chr1 163860
chr1 31577
chr1 180
chr1 49237
chr1 21098
chr1 37201
chr1 31448
chr1 507724
chr1 401818
chr1 6
chr1 8287
chr1 727854
chr1 5880
chr1 148873
chr1 8754
chr1 63069
chr1 13900
chr1 27504
chr1 65213
chr1 42500
chr1 59892
chr1 55237
chr1 31943
chr1 401142
chr1 179124
chr1 64927
chr1 21007
chr1 40957
chr1 22
chr1 73
chr1 253252
chr1 135686
chr1 77494
chr1 6570
chr1 80035
chr1 24712
chr1 49456
chr1 24966
chr1 295944
chr1 49914
chr1 73788
chr1 81224
chr1 113423
chr1 24671
chr1 30325
chr1 424191
chr1 18
chr1 43536
chr1 110699
chr1 195517
chr1 442909
chr1 129397
chr1 197
chr1 19806
chr1 169831
chr1 52511
chr1 38100
chr1 53081
chr1 160426
chr1 78930
chr1 94174
chr1 115134
chr1 66901
chr1 41444
chr1 125992
chr1 31469
chr1 33907
chr1 305690
chr1 38533
chr1 19903
chr1 8800
chr1 59147
chr1 14440
chr1 131780
chr1 34689
chr1 18880
chr1 11333
chr1 13619
chr1 4507
chr1 49984
chr1 30085
chr1 29626
chr1 120039
chr1 132266
chr1 60942
chr1 38
chr1 50536
chr1 104634
chr1 135
chr1 6417
chr1 85913
chr1 104077
chr1 187429
chr1 15658
chr1 4109
chr1 107313
chr1 187
chr1 1701
chr1 53984
chr1 123826
chr1 28645
chr1 191391
chr1 41888
chr1 131624
chr1 41546
chr1 52110
chr1 117872
chr1 3
chr1 161155
chr1 18
chr1 137416
chr1 7516
chr1 319732
chr1 18542
chr1 157481
chr1 75696
chr1 18837
chr1 13535
chr1 31995
chr1 33441
chr1 3431943
chr1 7563
chr1 20147
chr1 87479
chr1 37
chr1 18201201
chr1 19825
chr1 226835
chr1 42280
chr1 58338
chr1 73613
chr1 266539
chr1 18579
chr1 80712
chr1 11895
chr1 25702
chr1 19828
chr1 183829
chr1 81941
chr1 102840
chr1 61357
chr1 183694
chr1 19827
chr1 24784
chr1 11897
chr1 183187
chr1 18591
chr1 176133
chr1 181632
chr1 38496
chr1 32010
chr1 42537
chr1 28647
chr1 3840
chr1 77561
chr1 18742
chr1 11142
chr1 5213
chr1 59790
chr1 194032
chr1 237396
chr1 28571
chr1 143531
chr1 346458
chr1 10389
chr1 43448
chr1 36610
chr1 104143
chr1 154
chr1 85410
chr1 22906
chr1 35244
chr1 53296
chr1 54617
chr1 121
chr1 27307
chr1 54267
chr1 101737
chr1 3907
chr1 17767
chr1 31739
chr1 669
chr1 22307
chr1 58351
chr1 17049
chr1 243555
chr1 31332
chr1 124442
chr1 11877
chr1 116293
chr1 61558
chr1 45523
chr1 31973
chr1 332705
chr1 7543
chr1 139590
chr1 28355
chr1 192724
chr1 42305
chr1 32413
chr1 129484
chr1 48914
chr1 140460
chr1 39
chr1 32385
chr1 42287
chr1 133514
chr1 28561
chr1 103385
chr1 31990
chr1 354444
chr1 152888
chr1 2033491
chr1 68913
chr1 59353
chr1 6524
chr1 24966
chr1 71468
chr1 24723
chr1 4785
chr1 63852
chr1 15783
chr1 67666
chr1 69394
chr1 48617
chr1 22277
chr1 36453
chr1 32032
chr1 14760
chr1 63911
chr1 1848
chr1 90062
chr1 8377
chr1 30952
chr1 49500
chr1 92782
chr1 71774
chr1 131725
chr1 98506
chr1 19473
chr1 20662
chr1 43095
chr1 70590
chr1 447670
chr1 53589
chr1 1101
chr1 25884
chr1 24295
chr1 590742
chr1 2647
chr1 21
chr1 98162
chr1 221792
chr1 129353
chr1 1900658
chr1 141726
chr1 35203
chr1 67
chr1 17898
chr1 40197
chr1 22030
chr1 14778
chr1 2995
chr1 45650
chr1 162971
chr1 28
chr1 6915
chr1 2706
chr1 33697
chr1 87579
chr1 466
chr1 47865
chr1 8531
chr1 122478
chr1 16669
chr1 30998
chr1 227085
chr1 80078
chr1 26457
chr1 33820
chr1 4538
chr1 33428
chr1 46215
chr1 27381
chr1 20521
chr1 17760
chr1 41751
chr1 53502
chr1 44867
chr1 74405
chr1 22244
chr1 24075
chr1 2668
chr1 16535
chr1 55539
chr1 20
chr1 45091
chr1 38577
chr1 18419
chr1 4115
chr1 65394
chr1 13200
chr1 167063
chr1 32035
chr1 5397
chr1 80359
chr1 24028
chr1 5886
chr1 84604
chr1 23119
chr1 18318
chr1 16913
chr1 5177
chr1 44999
chr1 36795
chr1 48244
chr1 6702
chr1 5111
chr1 53461
chr1 27
chr1 12352
chr1 2174
chr1 90340
chr1 26218
chr1 35708
chr1 137403
chr1 114
chr1 52011
chr1 508105
chr1 33962
chr1 8224
chr1 5780
chr1 39691
chr1 18757
chr1 14239
chr1 134558
chr1 117744
chr1 50572
chr1 19078
chr1 580207
chr1 17
chr1 120804
chr1 78253
chr1 35709
chr1 68396
chr1 307
chr1 5078
chr1 25343
chr1 102990
chr1 161881
chr1 17991
chr1 147256
chr1 46243
chr1 9749
chr1 165004
chr1 7195
chr1 192219
chr1 65522
chr1 256827
chr1 49139
chr1 22504
chr1 8110
chr1 25951
chr1 20448
chr1 107422
chr1 321
chr1 10019
chr1 8123
chr1 169870
chr1 58551
chr1 26435
chr1 232951
chr1 13836
chr1 172922
chr1 23586
chr1 34418
chr1 10454
chr1 44734
chr1 43772
chr1 20443
chr1 56242
chr1 3892
chr1 24387
chr1 21433
chr1 65226
chr1 98504
chr1 117503
chr1 5446
chr1 61031
chr1 259281
chr1 108535
chr1 77074
chr1 75389
chr1 12071
chr1 20
chr1 56542
chr1 89941
chr1 127312
chr1 234561
chr1 7164
chr1 74531
chr1 110708
chr1 46720
chr1 37968
chr1 80132
chr1 41365
chr1 94886
chr1 87715
chr1 16805
chr1 6
chr1 28220
chr1 274
chr1 30085
chr1 23587
chr1 16854
chr1 91281
chr1 1678
chr1 6812
chr1 111
chr1 12034
chr1 8497
chr1 9306
chr1 51880
chr1 9752
chr1 553
chr1 41777
chr1 56455
chr1 48992
chr1 15118
chr1 30517
chr1 52605
chr1 11792
chr1 16104
chr1 554797
chr1 11353
chr1 115550
chr1 98647
chr1 10488
chr1 440
chr1 316719
chr1 359650
chr1 55725
chr1 55247
chr1 15157
chr1 33664
chr1 32126
chr1 47318
chr1 38422
chr1 24620
chr1 44734
chr1 64178
chr1 18557
chr1 38221
chr1 98661
chr1 8699
chr1 35471
chr1 23810
chr1 41742
chr1 28055
chr1 38825
chr1 104958
chr1 67445
chr1 107686
chr1 251
chr1 17803
chr1 115021
chr1 7109
chr1 52636
chr1 37253
chr1 3144
chr1 133041
chr1 29987
chr1 44737
chr1 62401
chr1 2530
chr1 125418
chr1 99214
chr1 3260
chr1 45581
chr1 34348
chr1 18181
chr1 32445
chr1 45041
chr1 75591
chr1 109834
chr1 80770
chr1 17821
chr1 34759
chr1 70331
chr1 33020
chr1 18912
chr1 135762
chr1 35843
chr1 17430
chr1 17992
chr1 25645
chr1 18006
chr1 131135
chr1 12473
chr1 37139
chr1 19329
chr1 69545
chr1 163749
chr1 52693
chr1 13444
chr1 344783
chr1 6819
chr1 163308
chr1 24446
chr1 112006
chr1 14862
chr1 15168
chr1 12642
chr1 115570
chr1 2213
chr1 43231
chr1 71902
chr1 5915
chr1 6198
chr1 51671
chr1 65431
chr1 153678
chr1 237805
chr1 23034
chr1 25121
chr1 45214
chr1 38119
chr1 13374
chr1 60841
chr1 33348
chr1 60060
chr1 30232
chr1 74924
chr1 37279
chr1 56036
chr1 129309
chr1 52350
chr1 34284
chr1 75619
chr1 29415
chr1 30196
chr1 339
chr1 50612
chr1 40461
chr1 45625
chr1 62940
chr1 148698
chr1 95572
chr1 53179
chr1 22790
chr1 52545
chr1 51304
chr1 25788
chr1 23549
chr1 80180
chr1 27619
chr1 99218
chr1 17652
chr1 33
chr1 20544
chr1 8548
chr1 12411
chr1 22499
chr1 28436
chr1 125
chr1 221230
chr1 33386
chr1 53057
chr1 1791
chr1 72552
chr1 118992
chr1 80103
chr1 36892
chr1 32507
chr1 114383
chr1 10833
chr1 34780
chr1 21747
chr1 26973
chr1 54558
chr1 67799
chr1 226607
chr1 113704
chr1 89668
chr1 143788
chr1 62593
chr1 38108
chr1 28752
chr1 26043
chr1 22657
chr1 48953
chr1 118060
chr1 8198
chr1 11054
chr1 36782
chr1 37347
chr1 84788
chr1 32457
chr1 113943
chr1 299817
chr1 112593
chr1 194803
chr1 52361
chr1 108348
chr1 26461
chr1 18761
chr1 10657
chr1 79740
chr1 37199
chr1 15561
chr1 56573
chr1 20
chr1 51599
chr1 22318
chr1 120595
chr1 31
chr1 84942
chr1 46735
chr1 50538
chr1 92009
chr1 205339
chr1 211315
chr1 570310
chr1 30067
chr1 31638
chr1 23322
chr1 20817
chr1 22446
chr1 31543
chr1 30224
chr1 60255
chr1 22259
chr1 33841
chr1 17792
chr1 104292
chr1 36013
chr1 165854
chr1 18903
chr1 18848
chr1 261255
chr1 33308
chr1 49461
chr1 31877
chr1 28565
chr1 5485
chr1 109210
chr1 118301
chr1 148284
chr1 354506
chr1 11022
chr1 45128
chr1 23429
chr1 15622
chr1 50257
chr1 241770
chr1 114819
chr1 126008
chr1 51023
chr1 40
chr1 21980
chr1 4815
chr1 30864
chr1 29437
chr1 1954
chr1 21850
chr1 2973
chr1 23918
chr1 57290
chr1 91839
chr1 66037
chr1 4168
chr1 240129
chr1 3031
chr1 281095
chr1 230702
chr1 86011
chr1 84408
chr1 250447
chr1 255359
chr1 6535
chr1 15163
chr1 21072
chr1 143
chr1 45767
chr1 16355
chr1 83031
chr1 77953
chr1 206086
chr1 53742
chr1 11400
chr1 32882
chr1 23241
chr1 84895
chr1 94933
chr1 152895
chr1 94114
chr1 119249
chr1 17710
chr1 16845
chr1 173296
chr1 187569
chr1 14106
chr1 2594
chr1 25370
chr1 141041
chr1 82244
chr1 114505
chr1 864
chr1 15559
chr1 51447
chr1 185358
chr1 103204
chr1 199939
chr1 35996
chr1 42952
chr1 44628
chr1 8738
chr1 240821
chr1 38770
chr1 124621
chr1 53680
chr1 35527
chr1 49359
chr1 17191
chr1 109
chr1 30916
chr1 96599
chr1 70133
chr1 73012
chr1 10444
chr1 34873
chr1 179303
chr1 11268
chr1 67086
chr1 114198
chr1 18380
chr1 6455
chr1 62671
chr1 30373
chr1 83042
chr1 39307
chr1 47304
chr1 25817
chr1 43279
chr1 196
chr1 38
chr1 94299
chr1 13565
chr1 48925
chr1 15
chr1 60547
chr1 53617
chr1 48426
chr1 146442
chr1 33388
chr1 112073
chr1 12861
chr1 58468
chr1 70776
chr1 8427
chr1 20027
chr1 11260
chr1 21148
chr1 84377
chr1 21035
chr1 2247
chr1 38177
chr1 2009
chr1 192827
chr1 28648
chr1 30817
chr1 46225
chr1 24440
chr1 46051
chr1 32101
chr1 2283
chr1 107
chr1 17053
chr1 39781
chr1 24781
chr1 38688
chr1 8632
chr1 31374
chr1 6212
chr1 33766
chr1 2027
chr1 14646
chr1 7162
chr1 152965
chr1 102160
chr1 23109
chr1 131862
chr1 147453
chr1 42881
chr1 85352
chr1 78
chr1 64526
chr1 25201
chr1 62652
chr1 50394
chr1 145272
chr1 51757
chr1 53229
chr1 80203
chr1 3184
chr1 18100
chr1 18668
chr1 84058
chr1 104547
chr1 14289
chr1 39325
chr1 27432
chr1 12266
chr1 26436
chr1 17630
chr1 7456
chr1 5766
chr1 6870
chr1 126142
chr1 54632
chr1 38
chr1 62825
chr1 50548
chr1 103656
chr1 145787
chr1 21
chr1 58414
chr1 152305
chr1 19854
chr1 72789
chr1 5550
chr1 8743
chr1 19801
chr1 58135
chr1 73532
chr1 5622
chr1 32250
chr1 19229
chr1 99073
chr1 4980
chr1 21885
chr1 137576
chr1 474
chr1 1147
chr1 48813
chr1 16263
chr1 5646
chr1 44369
chr1 5639
chr1 83503
chr1 32897
chr1 9000
chr1 19870
chr1 71518
chr1 36747
chr1 38688
chr1 13
chr1 50742
chr1 28757
chr1 122976
chr1 40349
chr1 310938
chr1 123791
chr1 61865
chr1 68551
chr1 23269
chr1 7588
chr1 19605
chr1 51796
chr1 7510
chr1 45846
chr1 8638
chr1 23425
chr1 42338
chr1 76989
chr1 11649
chr1 116
chr1 55505
chr1 20692
chr1 41962
chr1 78618
chr1 43175
chr1 60007
chr1 55640
chr1 89828
chr1 28457
chr1 49930
chr1 5597
chr1 50429
chr1 11868
chr1 76396
chr1 35049
chr1 74066
chr1 19216
chr1 2453
chr1 72950
chr1 9763
chr1 199256
chr1 68203
chr1 45473
chr1 22077
chr1 42407
chr1 5230
chr1 44196
chr1 192073
chr1 30796
chr1 66398
chr1 50341
chr1 2259
chr1 6586
chr1 28257
chr1 19195
chr1 118390
chr1 15414
chr1 17756
chr1 241952
chr1 31838
chr1 10635
chr1 5803
chr1 26488
chr1 66430
chr1 58915
chr1 105833
chr1 40854
chr1 8747
chr1 19
chr1 20468
chr1 64166
chr1 44683
chr1 144972
chr1 3761
chr1 14600
chr1 68060
chr1 33139
chr1 47705
chr1 46009
chr1 27793
chr1 50292
chr1 15059
chr1 46200
chr1 192222
chr1 19133
chr1 35237
chr1 8046
chr1 247292
chr1 14815
chr1 10205
chr1 53472
chr1 122956
chr1 82250
chr1 1475
chr1 151473
chr1 27671
chr1 210749
chr1 21897
chr1 60468
chr1 112229
chr1 51842
chr1 397480
chr1 323255
chr1 15037
chr1 145762
chr1 11445
chr1 74734
chr1 165263
chr1 18827
chr1 12104
chr1 14342
chr1 79522
chr1 147881
chr1 49242
chr1 52
chr1 260596
chr1 230535
chr1 311206
chr1 225813
chr1 47552
chr1 77
chr1 227131
chr1 132496
chr1 243
chr1 278035
chr1 55736
chr1 559665
chr1 14538
chr1 191373
chr1 141528
chr1 15145
chr1 312061
chr1 148582
chr1 104332
chr1 51929
chr1 16287
chr1 56641
chr1 122590
chr1 174337
chr1 438337
chr1 734500
chr1 6089
chr1 221482
chr1 268562
chr1 119266
chr1 320176
chr1 170034
chr1 14117
chr1 89527
chr1 38
chr1 9282
chr1 244865
chr1 18482
chr1 358442
chr1 15936
chr1 304805
chr1 44739
chr1 48647
chr1 100561
chr1 1178
chr1 39999
chr1 29164
chr1 85353
chr1 22152
chr1 49274
chr1 115133
chr1 44371
chr1 18439
chr1 46100
chr1 87420
chr1 39185
chr1 30
chr1 14910
chr1 34060
chr1 107694
chr1 116514
chr1 461842
chr1 251764
chr1 288427
chr1 44176
chr1 211634
chr1 28623
chr1 40681
chr1 34992
chr1 88701
chr1 61090
chr1 465012
chr1 66919
chr1 9054
chr1 16168
chr1 22349
chr1 556
chr1 21000
chr1 452527
chr1 13623
chr1 2541
chr1 1160
chr1 14469
chr1 19322
chr1 47243
chr1 57587
chr1 50514
chr1 121715
chr1 61824
chr1 13030
chr1 2914
chr1 6942
chr1 4965
chr1 28586
chr1 22547
chr1 28896
chr1 18837
chr1 40885
chr1 119626
chr1 159730
chr1 56821
chr1 166860
chr1 419932
chr1 349908
chr1 79208
chr1 117382
chr1 70613
chr1 201092
chr1 120298
chr1 126874
chr1 48047
chr1 58885
chr1 72118
chr1 333317
chr1 301453
chr1 37889
chr1 413621
chr1 21921
chr1 310049
chr1 10539
chr1 54432
chr1 1
chr1 8508
chr1 95341
chr1 6427
chr1 42385
chr1 2780
chr1 133488
chr1 59320
chr1 28019
chr1 7697
chr1 7038
chr1 4240
chr1 74876
chr1 2101
chr1 9236
chr1 2278
chr1 39986
chr1 15194
chr1 52706
chr1 56810
chr1 82884
chr1 143889
chr1 43513
chr1 17025
chr1 38435
chr1 51348
chr1 37551
chr1 19463
chr1 21530
chr1 31827
chr1 38402
chr1 61504
chr1 50944
chr1 36790
chr1 32545
chr1 237224
chr1 63522
chr1 9659
chr1 99247
chr1 7587
chr1 154231
chr1 53366
chr1 495939
chr1 22183
chr1 6722
chr1 11397
chr1 86280
chr1 56538
chr1 385417
chr1 410307
chr1 43876
chr1 37710
chr1 107150
chr1 127253
chr1 72985
chr1 19556
chr1 172133
chr1 26884
chr1 231162
chr1 24483
chr1 13036
chr1 120642
chr1 83561
chr1 277291
chr1 108672
chr1 539
chr1 19855
chr1 47500
chr1 24636
chr1 54143
chr1 38532
chr1 56817
chr1 142
chr1 203675
chr1 16428
chr1 48198
chr1 41937
chr1 49787
chr1 38374
chr1 188059
chr1 68303
chr1 42140
chr1 60522
chr1 150206
chr1 38569
chr1 75858
chr1 79686
chr1 158897
chr1 45055
chr1 125484
chr1 208318
chr1 340384
chr1 6
chr1 219423
chr1 34114
chr1 22973
chr1 113446
chr1 74655
chr1 9036
chr1 356070
chr1 107181
chr1 93672
chr1 209611
chr1 78466
chr1 114435
chr1 400583
chr1 241073
chr1 17029
chr1 525035
chr1 15544
chr1 119511
chr1 114083
chr1 13469
chr1 113935
chr1 12506
chr1 36578
chr1 30576
chr1 47487
chr1 21135
chr1 24782
chr1 28542
chr1 12
chr1 43316
chr1 37784
chr1 20760
chr1 14191
chr1 139869
chr1 356876
chr1 185346
chr1 502471
chr1 66925
chr1 355425
chr1 144916
chr1 206970
chr1 23929
chr1 25098
chr1 223401
chr1 75874
chr1 214
chr1 120271
chr1 28854
chr1 172399
chr1 234
chr1 642137
chr1 141754
chr1 31625
chr1 18141
chr1 179254
chr1 28993
chr1 38656
chr1 3234
chr1 176644
chr1 151845
chr1 102679
chr1 117024
chr1 222511
chr1 55048
chr1 38998
chr1 469857
chr1 171644
chr1 50419
chr1 29494
chr1 576452
chr1 466356
chr1 3608
chr1 39059
chr1 91914
chr1 178201
chr1 41051
chr1 21088
chr1 13019
chr1 12554
chr1 78423
chr1 8618
chr1 73591
chr1 188011
chr1 196417
chr1 244393
chr1 218235
chr1 39392
chr1 6444
chr1 173229
chr1 1249
chr1 34456
chr1 85871
chr1 11548
chr1 152937
chr1 253904
chr1 20949
chr1 42734
chr1 10235
chr1 46472
chr1 46886
chr1 105819
chr1 11550
chr1 71802
chr1 764
chr1 29641
chr1 149625
chr1 97743
chr1 362098
chr1 876385
chr1 60464
chr1 62648
chr1 21382
chr1 132230
chr1 270485
chr1 670070
chr1 253622
chr1 34565
chr1 3160
chr1 223402
chr1 10469
chr1 45983
chr1 111046
chr1 145659
chr1 43200
chr1 139632
chr1 135360
chr1 33063
chr1 8909
chr1 72129
chr1 88208
chr1 2701
chr1 292729
chr1 121149
chr1 105285
chr1 68236
chr1 38
chr1 57634
chr1 25578
chr1 23162
chr1 100
chr1 1264
chr1 91516
chr1 90438
chr1 32920
chr1 44668
chr1 16
chr1 135956
chr1 71277
chr1 120723
chr1 62798
chr1 65503
chr1 14526
chr1 27634
chr1 74807
chr1 132749
chr1 109816
chr1 61787
chr1 158261
chr1 17036
chr1 43540
chr1 10584
chr1 85644
chr1 54290
chr1 465840
chr1 1415
chr1 12423
chr1 12673
chr1 101712
chr1 9312
chr1 107948
chr1 37963
chr1 58455
chr1 20623
chr1 49208
chr1 44581
chr1 85967
chr1 158875
chr1 88970
chr1 81379
chr1 117660
chr1 76634
chr1 20
chr1 108796
chr1 38583
chr1 24954
chr1 55351
chr1 95483
chr1 58836
chr1 39833
chr1 1688
chr1 113119
chr1 105729
chr1 26103
chr1 35482
chr1 17399
chr1 9421
chr1 32574
chr1 33998
chr1 467508
chr1 362150
chr1 70856
chr1 12905
chr1 21564
chr1 88642
chr1 39848
chr1 27201
chr1 36529
chr1 34565
chr1 309524
chr1 28256
chr1 244578
chr1 4862
chr1 25758
chr1 37384
chr1 33735
chr1 64773
chr1 54623
chr1 427970
chr1 9
chr1 129673
chr1 47760
chr1 248713
chr1 22087
chr1 136959
chr1 17252
chr1 49706
chr1 24748
chr1 90840
chr1 32456
chr1 25195
chr1 75056
chr1 40231
chr1 152246
chr1 172490
chr1 114287
chr1 62867
chr1 131916
chr1 10316
chr1 350205
chr1 2428
chr1 156390
chr1 215363
chr1 50789
chr1 59513
chr1 19978
chr1 4713
chr1 4215
chr1 5923
chr1 7034
chr1 38
chr1 50877
chr1 33802
chr1 116580
chr1 143385
chr1 13272
chr1 5689
chr1 4867
chr1 5816
chr1 80214
chr1 9314
chr1 5282
chr1 24520
chr1 51822
chr1 5478
chr1 38830
chr1 13831
chr1 43076
chr1 11430
chr1 19673
chr1 5790
chr1 101147
chr1 17563
chr1 99187
chr1 5922
chr1 13392
chr1 48
chr1 70379
chr1 120040
chr1 29456
chr1 13266
chr10 40
chr10 9624
chr10 165259
chr10 56849
chr10 2498
chr10 30204
chr10 170804
chr10 206363
chr10 218
chr10 97009
chr10 303449
chr10 146010
chr10 23795
chr10 17556
chr10 12364
chr10 4079
chr10 28064
chr10 89974
chr10 54519
chr10 58677
chr10 610
chr10 25525
chr10 245490
chr10 176020
chr10 23943
chr10 45174
chr10 27
chr10 26329
chr10 146390
chr10 92173
chr10 74946
chr10 121556
chr10 230671
chr10 2863
chr10 155014
chr10 61632
chr10 18096
chr10 127929
chr10 98922
chr10 184772
chr10 173890
chr10 4760
chr10 9938
chr10 73478
chr10 319609
chr10 40754
chr10 161191
chr10 118397
chr10 138325
chr10 184986
chr10 137745
chr10 13524
chr10 5831
chr10 37517
chr10 12504
chr10 91743
chr10 61732
chr10 123029
chr10 62883
chr10 21323
chr10 7340
chr10 53478
chr10 11921
chr10 74970
chr10 38
chr10 17328
chr10 11944
chr10 432547
chr10 286458
chr10 223494
chr10 37842
chr10 30598
chr10 45055
chr10 51610
chr10 94761
chr10 23473
chr10 44497
chr10 58964
chr10 128062
chr10 57659
chr10 45228
chr10 92868
chr10 37191
chr10 144797
chr10 10758
chr10 19388
chr10 86945
chr10 11800
chr10 84696
chr10 63379
chr10 4974
chr10 101804
chr10 59552
chr10 77643
chr10 5990
chr10 252482
chr10 54
chr10 126327
chr10 89248
chr10 38168
chr10 68203
chr10 31909
chr10 29052
chr10 72327
chr10 43183
chr10 16524
chr10 13777
chr10 39
chr10 115599
chr10 19649
chr10 4470
chr10 90
chr10 50725
chr10 57007
chr10 16921
chr10 79240
chr10 24650
chr10 7186
chr10 44067
chr10 40228
chr10 122337
chr10 38227
chr10 17771
chr10 5305
chr10 345538
chr10 40420
chr10 61994
chr10 155062
chr10 89018
chr10 191
chr10 53703
chr10 64021
chr10 12875
chr10 105798
chr10 114162
chr10 3513
chr10 49454
chr10 54750
chr10 147763
chr10 7262
chr10 157978
chr10 235376
chr10 391176
chr10 172239
chr10 67298
chr10 28280
chr10 184193
chr10 287856
chr10 36169
chr10 8925
chr10 117234
chr10 148446
chr10 12930
chr10 131218
chr10 68575
chr10 49724
chr10 38
chr10 176940
chr10 129825
chr10 180396
chr10 44394
chr10 251964
chr10 120651
chr10 116081
chr10 9306
chr10 110925
chr10 97216
chr10 110660
chr10 89836
chr10 252015
chr10 163262
chr10 46601
chr10 571
chr10 66462
chr10 104563
chr10 61972
chr10 38093
chr10 8956
chr10 47579
chr10 67345
chr10 19018
chr10 213489
chr10 343669
chr10 130673
chr10 7051
chr10 23399
chr10 48078
chr10 129507
chr10 11201
chr10 99962
chr10 108791
chr10 36149
chr10 11052
chr10 24059
chr10 10875
chr10 16002
chr10 2669
chr10 7795
chr10 35989
chr10 9134
chr10 70028
chr10 50
chr10 9305
chr10 89905
chr10 241338
chr10 162765
chr10 27901
chr10 101119
chr10 140493
chr10 11426
chr10 129181
chr10 44699
chr10 19412
chr10 114606
chr10 11701
chr10 19281
chr10 155815
chr10 34261
chr10 23774
chr10 24692
chr10 4807
chr10 147837
chr10 301164
chr10 63694
chr10 31033
chr10 38
chr10 12277
chr10 108350
chr10 77888
chr10 51730
chr10 11042
chr10 211080
chr10 217051
chr10 12939
chr10 59188
chr10 50273
chr10 55445
chr10 9067
chr10 6398
chr10 11910
chr10 15538
chr10 31022
chr10 17698
chr10 141917
chr10 48843
chr10 47397
chr10 12679
chr10 2818
chr10 104458
chr10 120231
chr10 84772
chr10 38026
chr10 15026
chr10 185257
chr10 79096
chr10 69222
chr10 21546
chr10 24955
chr10 59929
chr10 25289
chr10 9127
chr10 8025
chr10 2064
chr10 5367
chr10 100928
chr10 123243
chr10 21814
chr10 22816
chr10 35824
chr10 29959
chr10 17139
chr10 109178
chr10 21430
chr10 5880
chr10 39540
chr10 59415
chr10 50118
chr10 188
chr10 85454
chr10 16933
chr10 10875
chr10 168
chr10 5422
chr10 88869
chr10 31370
chr10 221
chr10 32640
chr10 9583
chr10 28087
chr10 301850
chr10 342039
chr10 57072
chr10 29
chr10 21280
chr10 48
chr10 210610
chr10 20729
chr10 24132
chr10 238013
chr10 414192
chr10 89119
chr10 24097
chr10 35337
chr10 259933
chr10 408759
chr10 23896
chr10 52512
chr10 61105
chr10 36909
chr10 36319
chr10 43566
chr10 6150
chr10 15711
chr10 8862
chr10 34084
chr10 52934
chr10 9604
chr10 11703
chr10 77194
chr10 19971
chr10 17269
chr10 345668
chr10 1733
chr10 232304
chr10 145344
chr10 95026
chr10 4650
chr10 83660
chr10 1327
chr10 127919
chr10 50914
chr10 12559
chr10 105759
chr10 17667
chr10 33214
chr10 5950
chr10 178
chr10 6800
chr10 59035
chr10 35
chr10 38884
chr10 7562
chr10 61909
chr10 3906
chr10 63547
chr10 17322
chr10 41453
chr10 62253
chr10 111236
chr10 256099
chr10 89980
chr10 57533
chr10 84720
chr10 66999
chr10 6008
chr10 1024
chr10 14313
chr10 40009
chr10 4663
chr10 84320
chr10 46359
chr10 60281
chr10 141490
chr10 95001
chr10 10966
chr10 26782
chr10 36572
chr10 20696
chr10 317814
chr10 118937
chr10 120
chr10 127640
chr10 15191
chr10 25541
chr10 74431
chr10 53716
chr10 127638
chr10 19213
chr10 38047
chr10 134500
chr10 44527
chr10 90598
chr10 50412
chr10 519168
chr10 210510
chr10 47749
chr10 171526
chr10 437697
chr10 90798
chr10 265368
chr10 306905
chr10 127963
chr10 123732
chr10 89404
chr10 96863
chr10 351137
chr10 38357
chr10 122157
chr10 22647
chr10 36234
chr10 17997
chr10 2879
chr10 96499
chr10 6420
chr10 29911
chr10 97552
chr10 22797
chr10 150779
chr10 50534
chr10 107803
chr10 23439
chr10 73876
chr10 130667
chr10 18730
chr10 374806
chr10 22985
chr10 30761
chr10 16019
chr10 20712
chr10 24923
chr10 25505
chr10 16
chr10 30024
chr10 10601
chr10 3204
chr10 28669
chr10 10978
chr10 15789
chr10 2
chr10 7360
chr10 16460
chr10 8875
chr10 14610
chr10 37346
chr10 5709
chr10 10157
chr10 24246
chr10 6065
chr10 49388
chr10 60088
chr10 41402
chr10 92113
chr10 20760
chr10 282785
chr10 119174
chr10 153998
chr10 138046
chr10 2620
chr10 17201
chr10 141053
chr10 17348
chr10 15111
chr10 31921
chr10 9718
chr10 9785
chr10 9751
chr10 185294
chr10 1075786
chr10 134793
chr10 200404
chr10 301405
chr10 13457
chr10 92
chr10 66164
chr10 33552
chr10 68133
chr10 33814
chr10 78951
chr10 17995
chr10 76349
chr10 485772
chr10 35762
chr10 14384
chr10 4466
chr10 7327
chr10 44147
chr10 66578
chr10 7714
chr10 300
chr10 49406
chr10 121557
chr10 774
chr10 106
chr10 15057
chr10 31507
chr10 88328
chr10 49626
chr10 12919
chr10 16262
chr10 118248
chr10 154754
chr10 206842
chr10 113190
chr10 22716
chr10 40749
chr10 28408
chr10 21888
chr10 43299
chr10 15818
chr10 29291
chr10 40711
chr10 62218
chr10 339610
chr10 2519
chr10 59308
chr10 50495
chr10 211637
chr10 22690
chr10 16418
chr10 138655
chr10 97411
chr10 89177
chr10 6258
chr10 6169
chr10 79239
chr10 25952
chr10 15292
chr10 1469
chr10 2650274
chr10 41808
chr10 37145
chr10 35796
chr10 2514
chr10 107889
chr10 84429
chr10 2097
chr10 81012
chr10 137160
chr10 29721
chr10 12352
chr10 51690
chr10 29479
chr10 96975
chr10 18572
chr10 591598
chr10 24783
chr10 129279
chr10 65872
chr10 10013
chr10 23891
chr10 157964
chr10 124108
chr10 57623
chr10 9825
chr10 35692
chr10 3429
chr10 44005
chr10 35522
chr10 26356
chr10 25495
chr10 127175
chr10 37221
chr10 5373
chr10 43687
chr10 30632
chr10 19168
chr10 38
chr10 36442
chr10 5004
chr10 16019
chr10 45328
chr10 108529
chr10 192749
chr10 61989
chr10 17223
chr10 245032
chr10 5155
chr10 60
chr10 17927
chr10 22190
chr10 32798
chr10 17288
chr10 27321
chr10 19855
chr10 125867
chr10 130138
chr10 421639
chr10 84798
chr10 340477
chr10 7019
chr10 156
chr10 478931
chr10 235355
chr10 186867
chr10 20941
chr10 35701
chr10 20
chr10 796122
chr10 66432
chr10 29581
chr10 11187
chr10 162430
chr10 291812
chr10 163584
chr10 189439
chr10 100481
chr10 423796
chr10 21440
chr10 344097
chr10 70986
chr10 20873
chr10 37367
chr10 25609
chr10 55610
chr10 216
chr10 9527
chr10 51
chr10 40002
chr10 18685
chr10 9621
chr10 110663
chr10 50099
chr10 9026
chr10 2696
chr10 19472
chr10 123892
chr10 69973
chr10 19150
chr10 53959
chr10 247142
chr10 57
chr10 43731
chr10 7865
chr10 10
chr10 58273
chr10 18840
chr10 58916
chr10 3598
chr10 62010
chr10 12486
chr10 11739
chr10 10675
chr10 533
chr10 162432
chr10 7279
chr10 38133
chr10 27401
chr10 914
chr10 63227
chr10 49057
chr10 35196
chr10 58376
chr10 124129
chr10 25720
chr10 23960
chr10 31412
chr10 1289
chr10 246153
chr10 89477
chr10 43485
chr10 127
chr10 202778
chr10 716
chr10 78
chr10 26691
chr10 51475
chr10 43730
chr10 15346
chr10 92819
chr10 2080
chr10 20711
chr10 283026
chr10 230
chr10 52808
chr10 42927
chr10 83536
chr10 7815
chr10 7384
chr10 12402
chr10 7526
chr10 15230
chr10 44820
chr10 274053
chr10 11916
chr10 24326
chr10 31857
chr10 150826
chr10 58553
chr10 9255
chr10 118615
chr10 18269
chr10 59409
chr10 20844
chr10 158501
chr10 8521
chr10 48479
chr10 8496
chr10 28498
chr10 40457
chr10 6877
chr10 4438
chr10 138161
chr10 29129
chr10 99842
chr10 51710
chr10 5473
chr10 25
chr10 104164
chr10 51795
chr10 82165
chr10 24785
chr10 38
chr10 160526
chr10 118751
chr10 3992
chr10 65952
chr10 84082
chr10 61849
chr10 17474
chr10 68253
chr10 80683
chr10 18416
chr10 19236
chr10 125150
chr10 135553
chr10 4394
chr10 71353
chr10 12773
chr10 66523
chr10 62838
chr10 111251
chr10 5773
chr10 2998
chr10 12564
chr10 78375
chr10 9077
chr10 56854
chr10 5983
chr10 10143
chr10 8747
chr10 34927
chr10 6947
chr10 20164
chr10 16543
chr10 18026
chr10 3954
chr10 10747
chr10 22129
chr10 67474
chr10 92279
chr10 11833
chr10 4879
chr10 92834
chr10 95321
chr10 202168
chr10 78269
chr10 60120
chr10 25046
chr10 46881
chr10 6584
chr10 19986
chr10 15661
chr10 6076
chr10 6878
chr10 102089
chr10 73286
chr10 62679
chr10 102971
chr10 9064
chr10 70292
chr10 10713
chr10 16740
chr10 16798
chr10 19089
chr10 99560
chr10 25431
chr10 10912
chr10 67866
chr10 11870
chr10 14313
chr10 148981
chr10 6558
chr10 10393
chr10 140981
chr10 1808
chr10 3667
chr10 24230
chr10 54170
chr10 34960
chr10 271
chr10 176735
chr10 184565
chr10 130
chr10 133539
chr10 13280
chr10 5477
chr10 113939
chr10 16777
chr10 306
chr10 12307
chr10 51103
chr10 9448
chr10 13570
chr10 53822
chr10 9177
chr10 17431
chr10 31121
chr10 7551
chr10 113
chr10 63469
chr10 305
chr10 57419
chr10 14267
chr10 75606
chr10 199835
chr10 214845
chr10 162335
chr10 2023
chr10 31156
chr10 66958
chr10 150347
chr10 60387
chr10 323905
chr10 12
chr10 5610
chr10 30384
chr10 70109
chr10 20965
chr10 114295
chr10 172614
chr10 10424
chr10 135151
chr10 5331
chr10 158661
chr10 2951
chr10 282015
chr10 157069
chr10 39694
chr10 68987
chr10 49297
chr10 117824
chr10 34284
chr10 49824
chr10 151188
chr10 26038
chr10 32038
chr10 9182
chr10 43
chr10 74506
chr10 144267
chr10 22464
chr10 345928
chr10 270607
chr10 107783
chr10 68130
chr10 29294
chr10 8494
chr10 3115
chr10 61657
chr10 8747
chr10 138
chr10 83685
chr10 36932
chr10 33302
chr10 60
chr10 178596
chr10 32101
chr10 209625
chr10 152
chr10 124668
chr10 92854
chr10 105432
chr10 44521
chr10 267054
chr10 114881
chr10 205677
chr10 108052
chr10 23764
chr10 3605
chr10 127572
chr10 145431
chr10 29
chr10 127247
chr10 24386
chr10 9047
chr10 65801
chr10 301462
chr10 35078
chr10 22435
chr10 43678
chr10 16805
chr10 24672
chr10 68985
chr10 76700
chr10 70751
chr10 169453
chr10 45229
chr10 120614
chr10 2
chr10 157306
chr10 52847
chr10 266
chr10 80320
chr10 48756
chr10 5011
chr10 21439
chr10 33625
chr10 16128
chr10 26576
chr10 13875
chr10 13313
chr10 12135
chr10 20063
chr10 23000
chr10 11798
chr10 12050
chr10 2375
chr10 62566
chr10 1666
chr10 70014
chr10 2509
chr10 24600
chr10 216
chr10 3853
chr10 8671
chr10 81756
chr10 46554
chr10 10305
chr10 305481
chr10 234156
chr10 287508
chr10 653387
chr10 297371
chr10 26818
chr10 345278
chr10 3211
chr10 47088
chr10 92686
chr10 35284
chr10 368461
chr10 48034
chr10 395278
chr10 494575
chr10 621657
chr10 247751
chr10 41978
chr10 95879
chr10 27958
chr10 108532
chr10 96870
chr10 224583
chr10 31452
chr10 284625
chr10 17000
chr10 65245
chr10 153895
chr10 67656
chr10 402720
chr10 57293
chr10 146028
chr10 203920
chr10 30838
chr10 64878
chr10 45796
chr10 25172
chr10 9062
chr10 157025
chr10 373589
chr10 381493
chr10 35506
chr10 30213
chr10 89726
chr10 94979
chr10 82783
chr10 293062
chr10 82911
chr10 199752
chr10 53057
chr10 53118
chr10 42864
chr10 28398
chr10 10732
chr10 46529
chr10 29629
chr10 16571
chr10 81123
chr10 28419
chr10 6560
chr10 13964
chr10 13861
chr10 488357
chr10 325401
chr10 88503
chr10 154361
chr10 89672
chr10 63020
chr10 40527
chr10 16506
chr10 381429
chr10 10477
chr10 94456
chr10 65978
chr10 291
chr10 3672
chr10 113671
chr10 63680
chr10 471967
chr10 210711
chr10 39103
chr10 16006
chr10 28297
chr10 3046
chr10 53052
chr10 59333
chr10 60444
chr10 36844
chr10 23839
chr10 103826
chr10 136380
chr10 211564
chr10 325450
chr10 176605
chr10 11028
chr10 9485
chr10 124
chr10 2117
chr10 29333
chr10 9663
chr10 12185
chr10 137665
chr10 39807
chr10 240802
chr10 45897
chr10 26
chr10 1465
chr10 24816
chr10 37966
chr10 137320
chr10 3082
chr10 3079
chr10 142256
chr10 314041
chr10 27517
chr10 79762
chr10 5634
chr10 126127
chr10 74
chr10 175670
chr10 60514
chr10 118013
chr10 35611
chr10 88513
chr10 43941
chr10 5245
chr10 51286
chr10 119
chr10 39
chr10 15200
chr10 10521
chr10 31744
chr10 32483
chr10 101450
chr10 36490
chr10 29432
chr10 979
chr10 30826
chr10 110883
chr10 7437
chr10 12199
chr10 39172
chr10 39953
chr10 13414
chr10 278046
chr10 49
chr10 39951
chr10 47597
chr10 63649
chr10 63625
chr10 398
chr10 37066
chr10 15907
chr10 127662
chr10 230109
chr10 187349
chr10 41742
chr10 125390
chr10 31323
chr10 2511
chr10 87442
chr10 548
chr10 15536
chr10 23641
chr10 84868
chr10 57
chr10 22540
chr10 96860
chr10 99300
chr10 24097
chr10 30005
chr10 142672
chr10 24439
chr10 118646
chr10 10418
chr10 44002
chr10 44415
chr10 5
chr10 190810
chr10 8323
chr10 106502
chr10 59460
chr10 82889
chr10 169454
chr10 38426
chr10 34347
chr10 329187
chr10 79773
chr10 641486
chr10 60466
chr10 54946
chr10 104413
chr10 74212
chr10 43
chr10 36930
chr10 157747
chr10 132636
chr10 16453
chr10 102924
chr10 201202
chr10 74902
chr10 72893
chr10 44574
chr10 53831
chr10 86360
chr10 127945
chr10 45756
chr10 92476
chr10 68908
chr10 11819
chr10 63759
chr10 23740
chr10 138522
chr10 28749
chr10 74769
chr10 243387
chr10 54791
chr10 35327
chr10 216872
chr10 87103
chr10 80283
chr10 56576
chr10 16133
chr10 10710
chr10 19684
chr10 77830
chr10 40248
chr10 28939
chr10 83988
chr10 13789
chr10 54630
chr10 30380
chr10 50548
chr10 81379
chr10 112158
chr10 34977
chr10 3645
chr10 56600
chr10 81
chr10 24103
chr10 33165
chr10 65830
chr10 81896
chr10 31419
chr10 6229
chr10 13358
chr10 28665
chr10 37968
chr10 78430
chr10 152356
chr10 105366
chr10 6657
chr10 53763
chr10 11108
chr10 16363
chr10 54317
chr10 14080
chr10 12219
chr10 1222
chr10 70052
chr10 19
chr10 42676
chr10 52995
chr10 52099
chr10 380407
chr10 5346
chr10 632502
chr10 192237
chr10 392274
chr10 15048
chr10 78456
chr10 14600
chr10 73848
chr10 155579
chr10 48818
chr10 187665
chr10 19029
chr10 51
chr10 126213
chr10 80088
chr10 356847
chr10 102931
chr10 14762
chr10 58430
chr10 2088
chr10 6089
chr10 3771
chr10 54
chr10 7798
chr10 12892
chr10 28524
chr10 24028
chr10 9255
chr10 58600
chr10 2292
chr10 6204
chr10 11023
chr10 45438
chr10 33589
chr10 4895
chr10 3489
chr10 53080
chr10 7008
chr10 1332
chr10 236
chr10 7312
chr10 28950
chr10 37491
chr10 8661
chr10 5091
chr10 27114
chr10 8928
chr10 17978
chr10 3511
chr10 4129
chr10 32434
chr10 7067
chr10 50
chr10 32925
chr10 140190
chr10 29
chr10 239654
chr10 101732
chr10 3
chr10 79528
chr10 48849
chr10 2
chr10 31023
chr10 18455
chr10 5071
chr10 15224
chr10 6602
chr10 251814
chr10 89890
chr10 304336
chr10 185175
chr10 940176
chr10 40958
chr10 7634
chr10 247678
chr10 121010
chr10 58799
chr10 13499
chr10 285444
chr10 45537
chr10 25547
chr10 17491
chr10 136076
chr10 24870
chr10 12712
chr10 62988
chr10 13469
chr10 13823
chr10 43129
chr10 22490
chr10 34028
chr10 12858
chr10 12750
chr10 59578
chr10 89119
chr10 33706
chr10 42864
chr10 33610
chr10 135141
chr10 4452
chr10 83
chr10 52233
chr10 9853
chr10 76074
chr10 146432
chr10 132658
chr10 41495
chr10 48355
chr10 451586
chr10 96826
chr10 47944
chr10 179531
chr10 120011
chr10 407573
chr10 35
chr10 465211
chr10 231172
chr10 75699
chr10 224201
chr10 143710
chr10 647970
chr10 5320
chr10 176069
chr10 694234
chr10 626686
chr10 68751
chr10 153311
chr10 38146
chr10 16680
chr10 62526
chr10 60751
chr10 64469
chr10 51762
chr10 71501
chr10 1443
chr10 49
chr10 45717
chr10 137341
chr10 21675
chr10 40239
chr10 78466
chr10 24468
chr10 61638
chr10 1504
chr10 12529
chr10 58518
chr10 1120
chr10 21115
chr10 7008
chr10 59758
chr10 7751
chr10 110546
chr10 58318
chr10 10576
chr10 25252
chr10 16136
chr10 37209
chr10 161727
chr10 17092
chr10 33844
chr10 17556
chr10 103492
chr10 35196
chr10 20637
chr10 37726
chr10 102429
chr10 377613
chr10 177797
chr10 261
chr10 253319
chr10 38
chr10 53474
chr10 267538
chr10 300758
chr10 174895
chr10 6480
chr10 186543
chr10 89511
chr10 61091
chr10 9459
chr10 33441
chr10 27867
chr10 15250
chr10 30623
chr10 21490
chr10 20816
chr10 104082
chr10 7740
chr10 56233
chr10 23658
chr10 70250
chr10 160544
chr10 17587
chr10 25923
chr10 2107
chr10 97190
chr10 32233
chr10 7143
chr10 17767
chr10 28541
chr10 10413
chr10 178632
chr10 158640
chr10 4598
chr10 15433
chr10 19417
chr10 332
chr10 40107
chr10 17559
chr10 1948
chr10 25927
chr10 23226
chr10 22370
chr10 20687
chr10 6104
chr10 35529
chr10 114
chr10 64465
chr10 26668
chr10 120487
chr10 176337
chr10 29841
chr10 62514
chr10 122907
chr10 96875
chr10 259368
chr10 56522
chr10 197279
chr10 28439
chr10 38459
chr10 38731
chr10 26460
chr10 38632
chr10 14217
chr10 90483
chr10 20874
chr10 107001
chr10 224221
chr10 97605
chr10 336153
chr10 65085
chr10 140553
chr10 6311
chr10 24951
chr10 9004
chr10 1121363
chr10 122472
chr10 116149
chr10 25820
chr10 69512
chr10 67796
chr10 81342
chr10 188461
chr10 235052
chr10 185
chr10 51057
chr10 42295
chr10 82295
chr10 369440
chr10 224917
chr10 40630
chr10 50
chr10 18669
chr10 55841
chr10 4799
chr10 41863
chr10 28498
chr10 33600
chr10 11739
chr10 58690
chr10 66895
chr10 2562
chr10 74133
chr10 116040
chr10 14845
chr10 91273
chr10 71875
chr10 73673
chr10 24198
chr10 94547
chr10 34395
chr10 33613
chr10 216941
chr10 71957
chr10 203423
chr10 125379
chr10 27
chr10 97242
chr10 131148
chr10 131751
chr10 12293
chr10 1432
chr10 29283
chr10 321831
chr10 154177
chr10 130864
chr10 8261
chr10 5418
chr10 57032
chr10 24662
chr10 36078
chr10 220163
chr10 32073
chr10 80067
chr10 353278
chr10 112306
chr10 150829
chr10 36781
chr10 28022
chr10 108929
chr10 5001
chr10 262933
chr10 104524
chr10 640804
chr10 62423
chr10 61821
chr10 1276
chr10 38466
chr10 44251
chr10 40236
chr10 22421
chr10 20094
chr10 137411
chr10 26822
chr10 1664
chr10 88394
chr10 132875
chr10 59992
chr10 27
chr10 2818
chr10 146102
chr10 264
chr10 18074
chr10 23568
chr10 31142
chr10 146375
chr10 131642
chr10 8580
chr10 15
chr10 13777
chr10 151012
chr10 52082
chr10 247617
chr10 56344
chr10 79
chr10 104671
chr10 156398
chr10 5435
chr10 410913
chr10 155620
chr10 134640
chr10 81458
chr10 51493
chr10 14259
chr10 33782
chr10 14265
chr10 257560
chr10 113331
chr10 80
chr10 424
chr10 47092
chr10 1043
chr10 126501
chr10 203137
chr10 37
chr10 208352
chr10 375
chr10 112826
chr10 326009
chr10 337260
chr10 225051
chr10 296916
chr10 71558
chr10 66268
chr10 189091
chr10 17581
chr10 89226
chr10 39969
chr10 61081
chr10 248926
chr10 148356
chr10 60780
chr10 206311
chr10 36957
chr10 176850
chr10 51427
chr10 37072
chr10 2196
chr10 26238
chr10 50021
chr10 103277
chr10 23036
chr10 363638
chr10 210888
chr10 126926
chr10 6833
chr10 64949
chr10 6737
chr10 43377
chr10 17236
chr10 17278
chr10 64506
chr10 27987
chr10 135397
chr10 9
chr10 63326
chr10 36608
chr10 148161
chr10 20148
chr10 51419
chr10 137447
chr10 154097
chr10 196211
chr10 121475
chr10 104843
chr10 5197
chr10 50755
chr10 150217
chr10 361535
chr10 109154
chr10 16013
chr10 28098
chr10 73
chr10 48
chr10 363898
chr10 47579
chr10 6939
chr10 214192
chr10 91211
chr10 80842
chr10 107236
chr10 38009
chr10 106903
chr10 89
chr10 55743
chr10 1898
chr10 454042
chr10 201825
chr10 7733
chr10 8208
chr10 141369
chr10 57619
chr10 67958
chr10 23620
chr10 14817
chr10 12893
chr10 148053
chr10 99463
chr10 51
chr10 227372
chr10 50591
chr10 231
chr10 120225
chr10 333971
chr10 99
chr10 1748
chr10 90
chr10 123563
chr10 10082
chr10 54329
chr10 145726
chr10 87
chr10 259519
chr10 52952
chr10 81692
chr10 35040
chr11 12126
chr11 273727
chr11 43
chr11 706934
chr11 26396
chr11 56
chr11 7525
chr11 115
chr11 19958
chr11 585447
chr11 96573
chr11 277685
chr11 245142
chr11 168482
chr11 8275
chr11 2540
chr11 1500
chr11 25476
chr11 103482
chr11 272307
chr11 357319
chr11 45705
chr11 587514
chr11 107827
chr11 47877
chr11 164647
chr11 49872
chr11 6744
chr11 23046
chr11 51058
chr11 45872
chr11 18
chr11 5038
chr11 8102
chr11 31889
chr11 66240
chr11 30045
chr11 27447
chr11 30849
chr11 36566
chr11 108553
chr11 65867
chr11 246924
chr11 125129
chr11 14775
chr11 17965
chr11 50173
chr11 13066
chr11 84453
chr11 18196
chr11 18507
chr11 38
chr11 20079
chr11 382
chr11 27253
chr11 55652
chr11 82385
chr11 72798
chr11 1568
chr11 58294
chr11 4367
chr11 6965
chr11 57259
chr11 43838
chr11 12150
chr11 4647
chr11 785
chr11 73273
chr11 83
chr11 53267
chr11 25018
chr11 86289
chr11 94799
chr11 9264
chr11 41
chr11 568556
chr11 4167
chr11 14851
chr11 99588
chr11 8523
chr11 22747
chr11 38176
chr11 17938
chr11 5972
chr11 7588
chr11 84976
chr11 62048
chr11 22375
chr11 18692
chr11 5283
chr11 6180
chr11 12819
chr11 79784
chr11 94425
chr11 5433
chr11 336671
chr11 42455
chr11 17647
chr11 19712
chr11 29224
chr11 23504
chr11 16007
chr11 75180
chr11 38786
chr11 146022
chr11 13431
chr11 76412
chr11 191717
chr11 21511
chr11 25406
chr11 652
chr11 45418
chr11 3850
chr11 22430
chr11 21435
chr11 351001
chr11 290212
chr11 17804
chr11 54739
chr11 484629
chr11 134373
chr11 59168
chr11 72447
chr11 26764
chr11 32891
chr11 9240
chr11 100441
chr11 25689
chr11 132553
chr11 47561
chr11 28703
chr11 5858
chr11 51858
chr11 15211
chr11 34
chr11 127831
chr11 68550
chr11 71772
chr11 103266
chr11 2857
chr11 17
chr11 83367
chr11 35738
chr11 52800
chr11 25562
chr11 137816
chr11 75623
chr11 400509
chr11 35979
chr11 34000
chr11 51254
chr11 143889
chr11 137881
chr11 1970
chr11 8785
chr11 57084
chr11 187380
chr11 261103
chr11 13094
chr11 300390
chr11 24737
chr11 114901
chr11 9785
chr11 29915
chr11 42193
chr11 7203
chr11 18663
chr11 61132
chr11 70274
chr11 105039
chr11 76685
chr11 151527
chr11 33984
chr11 30581
chr11 112475
chr11 19426
chr11 45437
chr11 27251
chr11 39965
chr11 53398
chr11 168812
chr11 12878
chr11 40636
chr11 191452
chr11 33826
chr11 299
chr11 105483
chr11 119
chr11 34016
chr11 2577
chr11 16673
chr11 13415
chr11 58748
chr11 40
chr11 73
chr11 1764
chr11 52460
chr11 15445
chr11 45753
chr11 12253
chr11 10994
chr11 10055
chr11 32928
chr11 12536
chr11 21409
chr11 80124
chr11 33268
chr11 195124
chr11 75933
chr11 336
chr11 45207
chr11 18
chr11 72516
chr11 586
chr11 10447
chr11 58710
chr11 344458
chr11 47714
chr11 287864
chr11 8564
chr11 228552
chr11 15040
chr11 111000
chr11 24047
chr11 15706
chr11 7878
chr11 31011
chr11 56440
chr11 46437
chr11 35838
chr11 12
chr11 12911
chr11 181814
chr11 189892
chr11 137708
chr11 95996
chr11 84574
chr11 1497
chr11 125616
chr11 212345
chr11 62
chr11 295494
chr11 62601
chr11 4180
chr11 37049
chr11 323215
chr11 177519
chr11 179037
chr11 12880
chr11 13462
chr11 56626
chr11 21980
chr11 39380
chr11 56994
chr11 7058
chr11 9586
chr11 71697
chr11 139002
chr11 89121
chr11 38
chr11 97331
chr11 120698
chr11 61584
chr11 12340
chr11 241375
chr11 4
chr11 104348
chr11 69240
chr11 157925
chr11 7461
chr11 87731
chr11 213596
chr11 40397
chr11 121735
chr11 5772
chr11 20065
chr11 159868
chr11 21612
chr11 73
chr11 63369
chr11 81062
chr11 47594
chr11 98684
chr11 94046
chr11 90474
chr11 24747
chr11 189101
chr11 10134
chr11 59884
chr11 75
chr11 17340
chr11 5821
chr11 42605
chr11 55461
chr11 48031
chr11 8776
chr11 31878
chr11 115803
chr11 34850
chr11 3216
chr11 15831
chr11 62904
chr11 10138
chr11 54947
chr11 113023
chr11 23
chr11 68513
chr11 45718
chr11 22217
chr11 6511
chr11 4302
chr11 65541
chr11 12827
chr11 4732
chr11 14132
chr11 71894
chr11 20455
chr11 16618
chr11 48935
chr11 13832
chr11 92171
chr11 109130
chr11 49230
chr11 49203
chr11 17857
chr11 39113
chr11 95664
chr11 12666
chr11 31
chr11 4422
chr11 12718
chr11 26815
chr11 147193
chr11 14590
chr11 25147
chr11 13027
chr11 25204
chr11 11063
chr11 32258
chr11 31943
chr11 41950
chr11 71002
chr11 11042
chr11 230910
chr11 98598
chr11 9421
chr11 88224
chr11 123301
chr11 25591
chr11 1414
chr11 42702
chr11 11517
chr11 76938
chr11 96696
chr11 35368
chr11 71267
chr11 1574
chr11 60446
chr11 37064
chr11 35375
chr11 139123
chr11 14972
chr11 25847
chr11 3415
chr11 37647
chr11 41295
chr11 38743
chr11 17006
chr11 12155
chr11 41899
chr11 3379
chr11 56090
chr11 3132
chr11 10268
chr11 25494
chr11 6661
chr11 18917
chr11 81700
chr11 32174
chr11 32898
chr11 26405
chr11 14548
chr11 33570
chr11 45655
chr11 31523
chr11 38
chr11 3417
chr11 26
chr11 89934
chr11 35039
chr11 22292
chr11 12683
chr11 36279
chr11 12644
chr11 58304
chr11 43128
chr11 29600
chr11 39831
chr11 79959
chr11 32119
chr11 40176
chr11 53592
chr11 35673
chr11 65417
chr11 7786
chr11 16003
chr11 2825
chr11 21760
chr11 77877
chr11 6021
chr11 12969
chr11 65479
chr11 12035
chr11 5490
chr11 10246
chr11 116176
chr11 2153
chr11 102067
chr11 64139
chr11 178384
chr11 85
chr11 82532
chr11 5625
chr11 1001
chr11 6738
chr11 40532
chr11 17560
chr11 72640
chr11 30475
chr11 28430
chr11 92375
chr11 59317
chr11 17833
chr11 101512
chr11 147454
chr11 76419
chr11 5519
chr11 5518
chr11 7171
chr11 80
chr11 210169
chr11 44886
chr11 108428
chr11 14528
chr11 18784
chr11 87740
chr11 6186
chr11 23724
chr11 60581
chr11 6521
chr11 19479
chr11 48874
chr11 19477
chr11 6
chr11 8106
chr11 3606
chr11 15937
chr11 425
chr11 250000
chr11 7672
chr11 193117
chr11 32908
chr11 5180
chr11 6581
chr11 46265
chr11 19728
chr11 25628
chr11 39405
chr11 28697
chr11 9116
chr11 56323
chr11 136200
chr11 5786
chr11 13683
chr11 20111
chr11 91821
chr11 4972
chr11 8246
chr11 8111
chr11 13739
chr11 53069
chr11 98680
chr11 82458
chr11 14400
chr11 3974
chr11 97014
chr11 103989
chr11 29433
chr11 1403
chr11 3728
chr11 154139
chr11 44354
chr11 406
chr11 35819
chr11 44313
chr11 35241
chr11 39857
chr11 3336
chr11 129430
chr11 20
chr11 286692
chr11 13616
chr11 244921
chr11 11196
chr11 88094
chr11 24695
chr11 31873
chr11 74202
chr11 15924
chr11 94353
chr11 49650
chr11 29797
chr11 40312
chr11 179786
chr11 124466
chr11 32869
chr11 9295
chr11 152238
chr11 120561
chr11 1623
chr11 20386
chr11 695
chr11 447882
chr11 32198
chr11 72704
chr11 26354
chr11 77084
chr11 29267
chr11 12515
chr11 26426
chr11 167706
chr11 5070
chr11 72015
chr11 398009
chr11 22140
chr11 6991
chr11 25810
chr11 28019
chr11 234153
chr11 4778
chr11 53919
chr11 42
chr11 133108
chr11 57950
chr11 393968
chr11 227935
chr11 145601
chr11 86204
chr11 62283
chr11 84416
chr11 23492
chr11 23515
chr11 52979
chr11 15182
chr11 28293
chr11 210884
chr11 93778
chr11 13101
chr11 16992
chr11 20237
chr11 21483
chr11 45397
chr11 31138
chr11 117813
chr11 73
chr11 28
chr11 11070
chr11 304517
chr11 32365
chr11 260161
chr11 107481
chr11 104001
chr11 8122
chr11 23793
chr11 94613
chr11 5682
chr11 47555
chr11 54969
chr11 74617
chr11 19798
chr11 45458
chr11 11250
chr11 112771
chr11 11991
chr11 119457
chr11 55380
chr11 157310
chr11 3960
chr11 13934
chr11 44
chr11 27511
chr11 19402
chr11 10437
chr11 6012
chr11 16367
chr11 76076
chr11 68503
chr11 49246
chr11 165900
chr11 12570
chr11 66267
chr11 36431
chr11 67590
chr11 31788
chr11 26406
chr11 71148
chr11 29385
chr11 33481
chr11 36397
chr11 104000
chr11 3057
chr11 75471
chr11 55047
chr11 42735
chr11 24060
chr11 26232
chr11 14029
chr11 9927
chr11 121775
chr11 14187
chr11 13530
chr11 31468
chr11 18500
chr11 119430
chr11 5822
chr11 25846
chr11 4045
chr11 88704
chr11 25468
chr11 96695
chr11 79656
chr11 6473
chr11 63824
chr11 1411
chr11 19785
chr11 103031
chr11 43652
chr11 38
chr11 46035
chr11 10684
chr11 74049
chr11 13560
chr11 15720
chr11 78045
chr11 46250
chr11 36434
chr11 41975
chr11 39762
chr11 13547
chr11 9069
chr11 69145
chr11 42589
chr11 29469
chr11 71088
chr11 79315
chr11 68087
chr11 136578
chr11 48707
chr11 4543
chr11 22309
chr11 43516
chr11 97546
chr11 48003
chr11 40281
chr11 29830
chr11 701
chr11 14403
chr11 42210
chr11 52158
chr11 11914
chr11 26573
chr11 32395
chr11 154577
chr11 140052
chr11 962
chr11 102039
chr11 78
chr11 23522
chr11 212097
chr11 54328
chr11 39849
chr11 43519
chr11 32874
chr11 22769
chr11 10959
chr11 209
chr11 21855
chr11 133898
chr11 62178
chr11 4
chr11 19282
chr11 163521
chr11 53471
chr11 11236
chr11 71134
chr11 81598
chr11 7257
chr11 102298
chr11 11716
chr11 23452
chr11 47143
chr11 5055
chr11 26438
chr11 56277
chr11 82101
chr11 13149
chr11 40715
chr11 6042
chr11 97678
chr11 18687
chr11 30922
chr11 35980
chr11 7543
chr11 5779
chr11 3474
chr11 95522
chr11 31928
chr11 9978
chr11 9519
chr11 47301
chr11 71
chr11 6655
chr11 57361
chr11 82146
chr11 202
chr11 89352
chr11 113164
chr11 169002
chr11 62355
chr11 46600
chr11 331783
chr11 236333
chr11 52190
chr11 565997
chr11 2388
chr11 6077
chr11 179604
chr11 51754
chr11 22323
chr11 4082
chr11 33082
chr11 69968
chr11 22
chr11 238952
chr11 14332
chr11 150743
chr11 54433
chr11 69194
chr11 323700
chr11 99259
chr11 157568
chr11 95068
chr11 191324
chr11 237404
chr11 45687
chr11 23685
chr11 29832
chr11 643594
chr11 54997
chr11 339685
chr11 33780
chr11 23131
chr11 21939
chr11 30321
chr11 43
chr11 29368
chr11 22914
chr11 13130
chr11 2847
chr11 2780
chr11 7706
chr11 1425
chr11 9351
chr11 34983
chr11 13158
chr11 9693
chr11 21670
chr11 8818
chr11 6380
chr11 25385
chr11 5875
chr11 44995
chr11 3810
chr11 13863
chr11 19123
chr11 110
chr11 12597
chr11 18992
chr11 18214
chr11 7602
chr11 752
chr11 32321
chr11 28273
chr11 58504
chr11 267191
chr11 33015
chr11 108672
chr11 164322
chr11 147939
chr11 515
chr11 43836
chr11 118666
chr11 137439
chr11 115873
chr11 34773
chr11 13602
chr11 7432
chr11 5900
chr11 30523
chr11 65076
chr11 1435
chr11 2696
chr11 81762
chr11 34412
chr11 31182
chr11 5028
chr11 23452
chr11 35730
chr11 38773
chr11 19504
chr11 12288
chr11 31339
chr11 119904
chr11 84595
chr11 2145
chr11 87027
chr11 45
chr11 4184
chr11 2022
chr11 43715
chr11 42535
chr11 1371354
chr11 1418364
chr11 1028110
chr11 10189
chr11 7810
chr11 1719
chr11 34
chr11 21267
chr11 46875
chr11 40472
chr11 3838
chr11 21855
chr11 795
chr11 24230
chr11 95390
chr11 33539
chr11 25179
chr11 124965
chr11 68983
chr11 77159
chr11 122337
chr11 77333
chr11 11578
chr11 13987
chr11 12799
chr11 46284
chr11 23703
chr11 22034
chr11 1617
chr11 23480
chr11 43170
chr11 15695
chr11 70
chr11 12127
chr11 21884
chr11 82614
chr11 4874
chr11 47815
chr11 5528
chr11 9699
chr11 124544
chr11 5110
chr11 98607
chr11 7979
chr11 41167
chr11 12715
chr11 7899
chr11 34433
chr11 60286
chr11 37823
chr11 104
chr11 24443
chr11 31784
chr11 17729
chr11 119914
chr11 32818
chr11 39862
chr11 38676
chr11 42129
chr11 18166
chr11 53282
chr11 5743
chr11 23028
chr11 5008
chr11 20276
chr11 8799
chr11 28
chr11 24749
chr11 8332
chr11 42
chr11 20078
chr11 50527
chr11 4197
chr11 13702
chr11 14481
chr11 85980
chr11 13621
chr11 13959
chr11 26761
chr11 3525
chr11 45135
chr11 33983
chr11 1468
chr11 21508
chr11 94415
chr11 25398
chr11 25
chr11 59060
chr11 89405
chr11 181868
chr11 133687
chr11 184707
chr11 69791
chr11 14444
chr11 24577
chr11 38811
chr11 23221
chr11 63665
chr11 7041
chr11 6606
chr11 19423
chr11 32055
chr11 4620
chr11 16828
chr11 12032
chr11 47194
chr11 56736
chr11 20006
chr11 5063
chr11 1354
chr11 68696
chr11 12715
chr11 65019
chr11 6847
chr11 2679
chr11 76569
chr11 146855
chr11 11783
chr11 59312
chr11 58103
chr11 11061
chr11 24400
chr11 87
chr11 21204
chr11 10180
chr11 95062
chr11 4618
chr11 2308
chr11 255365
chr11 73004
chr11 2768
chr11 27440
chr11 33428
chr11 4946
chr11 25994
chr11 4116
chr11 81832
chr11 26271
chr11 23061
chr11 158291
chr11 145952
chr11 37161
chr11 438
chr11 17864
chr11 101623
chr11 7575
chr11 35193
chr11 199948
chr11 71853
chr11 8095
chr11 113259
chr11 105579
chr11 8016
chr11 16100
chr11 25296
chr11 2966
chr11 51211
chr11 74333
chr11 160040
chr11 504111
chr11 492988
chr11 139363
chr11 138870
chr11 34494
chr11 542556
chr11 240321
chr11 76232
chr11 8426
chr11 7523
chr11 20913
chr11 3690
chr11 7983
chr11 2790
chr11 12667
chr11 3076
chr11 193
chr11 1697
chr11 24402
chr11 22273
chr11 7216
chr11 3771
chr11 13195
chr11 13975
chr11 2669
chr11 14710
chr11 420
chr11 14714
chr11 9591
chr11 15994
chr11 10763
chr11 5746
chr11 38116
chr11 1637
chr11 10465
chr11 2651
chr11 2814
chr11 15752
chr11 7744
chr11 257
chr11 20492
chr11 35340
chr11 17201
chr11 7423
chr11 31882
chr11 98
chr11 44879
chr11 52331
chr11 23536
chr11 284681
chr11 619426
chr11 76174
chr11 122027
chr11 1385224
chr11 229414
chr11 143218
chr11 315370
chr11 44425
chr11 266388
chr11 638
chr11 182
chr11 577286
chr11 195124
chr11 465532
chr11 11361
chr11 283861
chr11 506463
chr11 110259
chr11 12
chr11 263183
chr11 56184
chr11 102
chr11 27563
chr11 281970
chr11 560667
chr11 216
chr11 183908
chr11 171282
chr11 333086
chr11 244608
chr11 149684
chr11 132681
chr11 79697
chr11 75013
chr11 63967
chr11 80
chr11 306220
chr11 729922
chr11 23159
chr11 17436
chr11 31641
chr11 15359
chr11 51885
chr11 181151
chr11 270586
chr11 7128
chr11 305564
chr11 253218
chr11 1779
chr11 11591
chr11 6540
chr11 52370
chr11 144802
chr11 7709
chr11 76529
chr11 17213
chr11 116513
chr11 26062
chr11 95492
chr11 118670
chr11 152504
chr11 167807
chr11 63849
chr11 91227
chr11 465471
chr11 73734
chr11 730014
chr11 9587
chr11 28
chr11 70346
chr11 110765
chr11 56293
chr11 92485
chr11 83474
chr11 4800
chr11 12411
chr11 42098
chr11 78146
chr11 170313
chr11 17670
chr11 95214
chr11 58
chr11 507888
chr11 49439
chr11 20922
chr11 39538
chr11 38
chr11 495
chr11 25966
chr11 9786
chr11 98582
chr11 10
chr11 90002
chr11 33209
chr11 262356
chr11 13463
chr11 112074
chr11 442021
chr11 103751
chr11 61
chr11 26815
chr11 13
chr11 387528
chr11 47782
chr11 264133
chr11 5538
chr11 34572
chr11 1271
chr11 86915
chr11 1490
chr11 61276
chr11 32206
chr11 20420
chr11 105421
chr11 51902
chr11 5849
chr11 147522
chr11 257239
chr11 106298
chr11 13208
chr11 290526
chr11 43220
chr11 90894
chr11 32415
chr11 42743
chr11 54445
chr11 50094
chr11 1511
chr11 46033
chr11 45520
chr11 31879
chr11 29111
chr11 137325
chr11 163450
chr11 61553
chr11 22254
chr11 177079
chr11 19789
chr11 22947
chr11 114263
chr11 831
chr11 29781
chr11 4939
chr11 26798
chr11 7035
chr11 81929
chr11 45736
chr11 35573
chr11 31273
chr11 33241
chr11 357
chr11 153886
chr11 25323
chr11 1269
chr11 68722
chr11 118531
chr11 124613
chr11 101319
chr11 24261
chr11 63721
chr11 148053
chr11 214068
chr11 103782
chr11 15202
chr11 143259
chr11 96087
chr11 65327
chr11 4422
chr11 7650
chr11 90548
chr11 28953
chr11 97741
chr11 20519
chr11 23004
chr11 117079
chr11 1618
chr11 68628
chr11 27913
chr11 7204
chr11 45128
chr11 23327
chr11 109007
chr11 6405
chr11 104095
chr11 3743
chr11 21073
chr11 34
chr11 468
chr11 15607
chr11 91348
chr11 33694
chr11 15625
chr11 50447
chr11 59779
chr11 99799
chr11 36356
chr11 7522
chr11 61619
chr11 4570
chr11 8912
chr11 16284
chr11 34731
chr11 2434
chr11 11510
chr11 15111
chr11 6823
chr11 25360
chr11 2642
chr11 36725
chr11 18
chr11 73
chr11 8407
chr11 15945
chr11 11459
chr11 4124
chr11 89691
chr11 99553
chr11 43649
chr11 154281
chr11 2
chr11 21230
chr11 356435
chr11 43144
chr11 170388
chr11 9206
chr11 15529
chr11 24628
chr11 39527
chr11 44382
chr11 745
chr11 71968
chr11 94906
chr11 19555
chr11 317949
chr11 79509
chr11 27369
chr11 23912
chr11 133800
chr11 29630
chr11 43303
chr11 1606
chr11 124752
chr11 2660
chr11 22590
chr11 20347
chr11 85237
chr11 33343
chr11 2489
chr11 62256
chr11 17399
chr11 57562
chr11 14237
chr11 121135
chr11 42482
chr11 16055
chr11 91632
chr11 28027
chr11 165624
chr11 29340
chr11 16207
chr11 41600
chr11 138346
chr11 41785
chr11 50546
chr11 23290
chr11 18150
chr11 31849
chr11 61742
chr11 133562
chr11 28688
chr11 89853
chr11 36496
chr11 43282
chr11 16383
chr11 179122
chr11 56323
chr11 9970
chr11 88321
chr11 146471
chr11 99406
chr11 34025
chr11 184576
chr11 29182
chr11 62887
chr11 6902
chr11 151284
chr11 7811
chr11 2451
chr11 20854
chr11 11898
chr11 62388
chr11 34864
chr11 229932
chr11 14335
chr11 13725
chr11 195606
chr11 22946
chr11 10646
chr11 83883
chr11 1037
chr11 36393
chr11 57255
chr11 22861
chr11 66288
chr11 39152
chr11 24538
chr11 8431
chr11 15932
chr11 6183
chr11 10
chr11 18061
chr11 15413
chr11 25185
chr11 63620
chr11 12406
chr11 7690
chr11 23412
chr11 28475
chr11 52008
chr11 38554
chr11 66021
chr11 238658
chr11 70356
chr11 90655
chr11 12209
chr11 19292
chr11 3390
chr11 45123
chr11 43047
chr11 111885
chr11 180036
chr11 5000
chr11 34965
chr11 52674
chr11 296074
chr11 178626
chr11 11292
chr11 6135
chr11 3
chr11 49001
chr11 41632
chr11 40549
chr11 104084
chr11 171740
chr11 116
chr11 19868
chr11 16025
chr11 8559
chr11 110802
chr11 27853
chr11 156410
chr11 18714
chr11 123116
chr11 102917
chr11 76610
chr11 12411
chr11 164
chr11 62603
chr11 32807
chr11 80761
chr11 49020
chr11 189
chr11 21092
chr11 8
chr11 34914
chr11 15844
chr11 17649
chr11 53566
chr11 10006
chr11 97269
chr11 16539
chr11 157107
chr11 46986
chr11 60804
chr11 272169
chr11 11016
chr11 73373
chr11 63662
chr11 125947
chr11 11609
chr11 15117
chr11 153093
chr11 46061
chr11 88063
chr11 96666
chr11 474829
chr11 58571
chr11 5354
chr11 47996
chr11 55293
chr11 41
chr11 38573
chr11 57954
chr11 58034
chr11 48318
chr11 20186
chr11 6067
chr11 41405
chr11 3308
chr11 21809
chr11 64024
chr11 88800
chr11 23818
chr11 112274
chr11 61753
chr11 32612
chr11 7368
chr11 50227
chr11 33517
chr11 1
chr11 61519
chr11 12133
chr11 218876
chr11 23481
chr11 97989
chr11 51665
chr11 18362
chr11 30010
chr11 37791
chr11 147531
chr11 22158
chr11 13591
chr11 54967
chr11 77014
chr11 16890
chr11 219017
chr11 10266
chr11 51162
chr11 53408
chr11 150
chr11 16260
chr11 58876
chr11 127413
chr11 217
chr11 50393
chr11 45201
chr11 7162
chr11 67353
chr11 151448
chr11 10414
chr11 18879
chr11 11019
chr11 28536
chr11 31151
chr11 173841
chr11 18
chr11 103321
chr11 222877
chr11 3798
chr11 67732
chr11 21807
chr11 26736
chr11 16838
chr11 49637
chr11 22755
chr11 51870
chr11 55064
chr11 12673
chr11 5432
chr11 32687
chr11 57242
chr11 34952
chr11 10928
chr11 4157
chr11 39276
chr11 69768
chr11 60
chr11 74483
chr11 28012
chr11 163998
chr11 4354
chr11 44272
chr11 18713
chr11 3663
chr11 15496
chr11 381815
chr11 117589
chr11 56045
chr11 37087
chr11 41961
chr11 3208
chr11 116310
chr11 11529
chr11 28592
chr11 65125
chr11 19537
chr11 150382
chr11 14894
chr11 12986
chr11 71905
chr11 3354
chr11 1822
chr11 126893
chr11 25401
chr11 12271
chr11 23681
chr11 4199
chr11 15033
chr11 37882
chr11 76922
chr11 21347
chr11 36398
chr11 55296
chr11 206875
chr11 2667
chr11 147666
chr11 204489
chr11 164716
chr11 96572
chr11 57372
chr11 12514
chr11 37557
chr11 10379
chr11 43643
chr11 192368
chr11 7070
chr11 80655
chr11 33334
chr11 29412
chr11 54261
chr11 35796
chr11 4841
chr11 105769
chr11 144998
chr11 52385
chr11 87794
chr11 13970
chr11 7866
chr11 12615
chr11 18384
chr11 75810
chr11 14724
chr11 55950
chr11 108393
chr11 39416
chr11 37
chr11 15298
chr11 32303
chr11 5354
chr11 136581
chr11 5365
chr11 54076
chr11 44131
chr11 60429
chr11 10295
chr11 11993
chr11 117889
chr11 61770
chr11 76656
chr11 35187
chr11 12627
chr11 38477
chr11 27383
chr11 22868
chr11 110457
chr11 105140
chr11 53849
chr11 7928
chr11 38967
chr11 4984
chr11 127341
chr11 108488
chr11 75017
chr11 76301
chr11 46898
chr11 94015
chr11 10229
chr11 71742
chr11 126480
chr11 42742
chr11 55549
chr11 88097
chr11 267862
chr11 4799
chr11 120
chr11 195564
chr11 14842
chr11 25081
chr11 22935
chr11 38997
chr11 25667
chr11 7130
chr11 11032
chr11 17451
chr11 5794
chr11 43233
chr11 65978
chr11 72779
chr11 8405
chr11 181640
chr11 19460
chr11 25776
chr11 52945
chr11 102690
chr11 55872
chr11 85393
chr11 113932
chr11 519362
chr11 122720
chr11 38166
chr11 10768
chr11 24214
chr11 235
chr11 239611
chr11 86402
chr11 169375
chr11 6551
chr11 24096
chr11 9365
chr11 55513
chr11 5884
chr11 33301
chr11 38727
chr11 8820
chr11 53899
chr11 8221
chr11 10981
chr11 9825
chr11 30110
chr11 67513
chr11 17123
chr11 10726
chr11 63206
chr11 40232
chr11 4981
chr11 11812
chr11 8307
chr11 20751
chr11 33294
chr11 4383
chr11 384
chr11 26336
chr11 33420
chr11 30954
chr11 4431
chr11 1595
chr11 84574
chr11 23409
chr11 23798
chr11 187202
chr11 45586
chr11 154199
chr11 186824
chr11 152535
chr11 62792
chr11 47063
chr11 27250
chr11 14241
chr11 15076
chr11 46516
chr11 24113
chr11 21041
chr11 20597
chr11 71230
chr11 43743
chr11 169728
chr11 241173
chr11 20614
chr11 120322
chr11 52401
chr11 164526
chr11 38888
chr11 27219
chr11 131525
chr11 162087
chr11 34652
chr11 45477
chr11 90473
chr11 16245
chr11 26525
chr11 17366
chr11 80079
chr11 27873
chr11 19980
chr11 127
chr11 56750
chr11 35057
chr11 41344
chr11 69225
chr11 103780
chr11 218118
chr11 155760
chr11 234186
chr11 248829
chr11 37327
chr11 31090
chr11 57652
chr11 9920
chr11 10
chr11 45662
chr11 44449
chr11 254718
chr11 238
chr11 287171
chr11 19551
chr11 17085
chr11 149619
chr11 47149
chr11 92089
chr11 1928
chr11 8685
chr11 11945
chr11 115234
chr11 41250
chr11 93684
chr11 157926
chr11 23324
chr11 90707
chr11 44
chr11 297050
chr11 17130
chr11 118136
chr11 229357
chr11 36873
chr11 96146
chr11 37792
chr11 327843
chr11 280234
chr11 53379
chr11 270859
chr11 112593
chr11 56821
chr11 29843
chr11 255688
chr11 141470
chr11 306661
chr11 76084
chr11 178297
chr11 315040
chr11 531789
chr11 488102
chr11 462056
chr11 771039
chr11 87800
chr11 55
chr11 1577
chr11 310019
chr11 220206
chr11 444654
chr11 17350
chr11 28107
chr11 79529
chr11 135076
chr11 58045
chr11 117262
chr11 27349
chr11 153353
chr11 35910
chr11 48052
chr11 11321
chr11 47763
chr11 85397
chr11 247128
chr11 452255
chr11 155112
chr11 275598
chr11 123638
chr11 38150
chr11 114134
chr11 29293
chr11 34138
chr11 74394
chr11 110286
chr11 7462
chr11 18209
chr11 60922
chr11 12644
chr11 14434
chr11 11412
chr11 41
chr11 22690
chr11 102860
chr11 63057
chr11 3030
chr11 5694
chr11 401015
chr11 168245
chr11 91399
chr11 68
chr11 468967
chr11 19080
chr11 521
chr11 112187
chr11 25784
chr11 26778
chr11 108888
chr11 445
chr11 109200
chr11 12366
chr11 35113
chr11 489701
chr11 173452
chr11 7848
chr11 138419
chr11 39039
chr11 176507
chr11 199802
chr11 46841
chr11 38
chr11 94984
chr11 45719
chr11 149506
chr11 7477
chr11 148350
chr11 1
chr11 5776
chr11 73766
chr11 133356
chr11 37075
chr11 32501
chr11 40751
chr11 190091
chr11 49097
chr11 1687
chr11 2188
chr11 15687
chr11 4390
chr11 20843
chr11 78
chr11 62419
chr11 455010
chr11 19641
chr11 41182
chr11 111267
chr11 23183
chr11 21182
chr11 127862
chr11 108294
chr11 29999
chr11 26026
chr11 9456
chr11 5044
chr11 58249
chr11 89
chr11 30262
chr11 46744
chr11 68368
chr11 64107
chr11 326191
chr11 145901
chr11 4605
chr11 299991
chr11 103334
chr11 232
chr11 191852
chr11 19894
chr11 65600
chr11 15782
chr11 13421
chr11 19141
chr11 127026
chr11 150497
chr11 50505
chr11 182060
chr11 107195
chr11 14648
chr11 89178
chr11 41635
chr11 44
chr11 95762
chr11 23415
chr11 155698
chr11 79390
chr11 16940
chr11 71681
chr11 28089
chr11 100067
chr11 44720
chr11 18416
chr11 95391
chr11 4743
chr11 7426
chr11 3288
chr11 256102
chr11 211882
chr11 276992
chr11 70377
chr11 14081
chr11 86787
chr11 76999
chr11 14324
chr11 79801
chr11 1855
chr11 82844
chr11 50419
chr11 40390
chr11 74291
chr11 39438
chr11 90765
chr11 71
chr11 118976
chr11 17786
chr11 5863
chr11 378966
chr11 53806
chr11 2691
chr11 80733
chr11 90073
chr11 19417
chr11 50
chr11 271380
chr11 53871
chr12 256875
chr12 45133
chr12 21847
chr12 118310
chr12 218724
chr12 352127
chr12 86323
chr12 108196
chr12 62221
chr12 24136
chr12 19473
chr12 372349
chr12 212038
chr12 102009
chr12 9
chr12 30826
chr12 23444
chr12 430446
chr12 43
chr12 62657
chr12 109174
chr12 40691
chr12 24505
chr12 448660
chr12 172499
chr12 10925
chr12 45388
chr12 200105
chr12 139141
chr12 68635
chr12 221420
chr12 59691
chr12 207979
chr12 25447
chr12 144456
chr12 6970
chr12 61697
chr12 53796
chr12 38470
chr12 247544
chr12 103540
chr12 75990
chr12 954
chr12 160959
chr12 13153
chr12 60417
chr12 24990
chr12 65
chr12 274316
chr12 1625
chr12 112064
chr12 70
chr12 121185
chr12 16653
chr12 61602
chr12 130258
chr12 14870
chr12 346880
chr12 840521
chr12 47992
chr12 1545
chr12 57156
chr12 36040
chr12 5718
chr12 28352
chr12 3142
chr12 8273
chr12 18595
chr12 8609
chr12 38
chr12 11158
chr12 17437
chr12 15849
chr12 5126
chr12 44877
chr12 484239
chr12 106622
chr12 109796
chr12 78832
chr12 94714
chr12 35964
chr12 27084
chr12 93535
chr12 112965
chr12 56127
chr12 255
chr12 165473
chr12 36506
chr12 1263
chr12 30120
chr12 10406
chr12 37077
chr12 73633
chr12 19191
chr12 10414
chr12 167948
chr12 120447
chr12 6060
chr12 12360
chr12 2749
chr12 24526
chr12 22917
chr12 60120
chr12 3626
chr12 18575
chr12 54957
chr12 118341
chr12 188128
chr12 37189
chr12 168956
chr12 95987
chr12 24999
chr12 23535
chr12 3609
chr12 15
chr12 6789
chr12 62171
chr12 744
chr12 105625
chr12 44115
chr12 17794
chr12 160745
chr12 38714
chr12 2565
chr12 115105
chr12 141
chr12 17641
chr12 122209
chr12 62855
chr12 47043
chr12 99947
chr12 11872
chr12 11843
chr12 11575
chr12 17329
chr12 16140
chr12 13883
chr12 134
chr12 24234
chr12 24150
chr12 1716
chr12 36864
chr12 25878
chr12 30617
chr12 50835
chr12 7338
chr12 81254
chr12 63039
chr12 193088
chr12 40137
chr12 229632
chr12 108501
chr12 165496
chr12 131428
chr12 46117
chr12 480277
chr12 6141
chr12 240614
chr12 33
chr12 67005
chr12 41086
chr12 84947
chr12 72250
chr12 4048
chr12 81541
chr12 119604
chr12 12546
chr12 307030
chr12 61142
chr12 4812
chr12 16208
chr12 14534
chr12 418286
chr12 65707
chr12 120165
chr12 43589
chr12 68731
chr12 54476
chr12 87150
chr12 4888
chr12 18751
chr12 249688
chr12 396105
chr12 201891
chr12 21431
chr12 315132
chr12 96469
chr12 13872
chr12 377737
chr12 57796
chr12 177164
chr12 98029
chr12 115767
chr12 9106
chr12 25559
chr12 195757
chr12 29947
chr12 124
chr12 79614
chr12 63328
chr12 76684
chr12 39669
chr12 16628
chr12 28979
chr12 18586
chr12 10678
chr12 11844
chr12 7701
chr12 65253
chr12 61653
chr12 227262
chr12 45735
chr12 39571
chr12 47161
chr12 11334
chr12 45840
chr12 29909
chr12 39877
chr12 86418
chr12 63414
chr12 65384
chr12 46252
chr12 55331
chr12 24240
chr12 99009
chr12 54189
chr12 98796
chr12 7374
chr12 377865
chr12 136382
chr12 97562
chr12 168833
chr12 4799
chr12 8093
chr12 9199
chr12 31733
chr12 107548
chr12 78364
chr12 4226
chr12 69010
chr12 23603
chr12 131979
chr12 83603
chr12 87275
chr12 3
chr12 515957
chr12 25321
chr12 12186
chr12 23541
chr12 73539
chr12 7297
chr12 15326
chr12 54688
chr12 28558
chr12 44090
chr12 91124
chr12 3923
chr12 94272
chr12 78783
chr12 7293
chr12 70101
chr12 129397
chr12 38690
chr12 22903
chr12 12820
chr12 65051
chr12 5602
chr12 71553
chr12 164384
chr12 9548
chr12 62
chr12 73
chr12 9627
chr12 194064
chr12 1521
chr12 23478
chr12 12458
chr12 103425
chr12 118289
chr12 69453
chr12 143898
chr12 108
chr12 57821
chr12 192241
chr12 72230
chr12 12989
chr12 39428
chr12 71097
chr12 173146
chr12 9614
chr12 20128
chr12 45417
chr12 119629
chr12 74707
chr12 109063
chr12 6471
chr12 50732
chr12 15199
chr12 421952
chr12 32388
chr12 42044
chr12 20120
chr12 16872
chr12 11848
chr12 65419
chr12 78373
chr12 29
chr12 16303
chr12 20875
chr12 31290
chr12 32510
chr12 99323
chr12 264026
chr12 7781
chr12 84005
chr12 109
chr12 297215
chr12 27574
chr12 52499
chr12 41477
chr12 16519
chr12 28533
chr12 55969
chr12 68727
chr12 40444
chr12 46315
chr12 54989
chr12 204743
chr12 89619
chr12 69170
chr12 28455
chr12 46313
chr12 148085
chr12 103962
chr12 64881
chr12 11687
chr12 35838
chr12 97193
chr12 95336
chr12 35363
chr12 131618
chr12 35889
chr12 42634
chr12 22464
chr12 28886
chr12 63936
chr12 38089
chr12 142239
chr12 43969
chr12 39807
chr12 50489
chr12 200324
chr12 110718
chr12 146455
chr12 40520
chr12 107762
chr12 121167
chr12 56653
chr12 31441
chr12 18755
chr12 27782
chr12 69570
chr12 21542
chr12 20090
chr12 18412
chr12 101649
chr12 32986
chr12 43814
chr12 19444
chr12 15373
chr12 83693
chr12 241173
chr12 92
chr12 3401
chr12 17010
chr12 9520
chr12 120055
chr12 46050
chr12 54461
chr12 84419
chr12 29128
chr12 8419
chr12 104298
chr12 29006
chr12 206185
chr12 32253
chr12 4931
chr12 26386
chr12 60928
chr12 34530
chr12 3641
chr12 312
chr12 27267
chr12 45109
chr12 2803
chr12 5857
chr12 31369
chr12 6837
chr12 219447
chr12 43911
chr12 29760
chr12 51955
chr12 100062
chr12 8430
chr12 65382
chr12 13937
chr12 249073
chr12 30914
chr12 256978
chr12 22912
chr12 223
chr12 19910
chr12 2748
chr12 17681
chr12 64040
chr12 50
chr12 275214
chr12 390
chr12 167515
chr12 78890
chr12 88394
chr12 335659
chr12 10498
chr12 84993
chr12 13481
chr12 93635
chr12 82735
chr12 105004
chr12 244394
chr12 3933
chr12 94227
chr12 7097
chr12 36204
chr12 16891
chr12 52057
chr12 74019
chr12 24627
chr12 3318
chr12 6126
chr12 66257
chr12 58501
chr12 48076
chr12 119071
chr12 8384
chr12 21590
chr12 27656
chr12 10928
chr12 2193
chr12 70147
chr12 37248
chr12 4917
chr12 110428
chr12 15389
chr12 17984
chr12 12920
chr12 28694
chr12 15020
chr12 18597
chr12 26117
chr12 3393
chr12 10098
chr12 2268
chr12 21178
chr12 36748
chr12 3719
chr12 99753
chr12 1936
chr12 9995
chr12 57460
chr12 45972
chr12 232612
chr12 156055
chr12 2863221
chr12 242345
chr12 105163
chr12 75932
chr12 29307
chr12 47267
chr12 91516
chr12 37925
chr12 110573
chr12 175
chr12 26543
chr12 64007
chr12 74398
chr12 365
chr12 11565
chr12 17610
chr12 22158
chr12 2082
chr12 94921
chr12 17106
chr12 56889
chr12 6943
chr12 8623
chr12 31507
chr12 38402
chr12 147022
chr12 9509
chr12 52269
chr12 92811
chr12 38376
chr12 157008
chr12 33051
chr12 21220
chr12 51868
chr12 31740
chr12 172055
chr12 19417
chr12 113
chr12 22069
chr12 128
chr12 26
chr12 47746
chr12 103940
chr12 38
chr12 61850
chr12 25502
chr12 30958
chr12 26511
chr12 6686
chr12 45423
chr12 97790
chr12 290544
chr12 16241
chr12 24171
chr12 89014
chr12 257679
chr12 105853
chr12 69055
chr12 45588
chr12 123825
chr12 98502
chr12 11230
chr12 46198
chr12 39493
chr12 119
chr12 54608
chr12 51937
chr12 137284
chr12 47231
chr12 63652
chr12 102994
chr12 28766
chr12 66879
chr12 76046
chr12 33516
chr12 11881
chr12 20759
chr12 97012
chr12 13500
chr12 27
chr12 4158
chr12 77460
chr12 8816
chr12 11312
chr12 27667
chr12 49886
chr12 56594
chr12 474
chr12 24411
chr12 29887
chr12 352698
chr12 21112
chr12 60983
chr12 5554
chr12 218566
chr12 294825
chr12 42537
chr12 108180
chr12 129218
chr12 69031
chr12 29657
chr12 28275
chr12 204288
chr12 111373
chr12 66523
chr12 25477
chr12 29373
chr12 36358
chr12 7077
chr12 28831
chr12 18698
chr12 80420
chr12 3792
chr12 18325
chr12 108
chr12 78785
chr12 40009
chr12 170402
chr12 13374
chr12 17358
chr12 29722
chr12 33484
chr12 23827
chr12 65644
chr12 63752
chr12 51740
chr12 40706
chr12 33680
chr12 2153
chr12 88
chr12 46968
chr12 96774
chr12 53174
chr12 15045
chr12 38
chr12 83392
chr12 80766
chr12 59343
chr12 21015
chr12 140729
chr12 62202
chr12 440784
chr12 14617
chr12 71367
chr12 35382
chr12 26245
chr12 62178
chr12 330
chr12 36597
chr12 17532
chr12 38647
chr12 54140
chr12 20325
chr12 119258
chr12 40978
chr12 688
chr12 13307
chr12 27954
chr12 108184
chr12 23680
chr12 54666
chr12 44035
chr12 27040
chr12 7302
chr12 29850
chr12 22049
chr12 13788
chr12 18525
chr12 14464
chr12 9164
chr12 64774
chr12 54486
chr12 44678
chr12 166282
chr12 14624
chr12 89422
chr12 1
chr12 30842
chr12 15320
chr12 41207
chr12 109325
chr12 48975
chr12 591300
chr12 6508
chr12 35287
chr12 78653
chr12 6763
chr12 4795
chr12 36339
chr12 39490
chr12 39600
chr12 27776
chr12 31203
chr12 53630
chr12 353728
chr12 324103
chr12 404131
chr12 515052
chr12 71276
chr12 73082
chr12 161562
chr12 151798
chr12 84990
chr12 205425
chr12 505236
chr12 8810
chr12 116887
chr12 13780
chr12 617012
chr12 314485
chr12 32881
chr12 13533
chr12 135828
chr12 47993
chr12 2
chr12 69836
chr12 34304
chr12 204647
chr12 168236
chr12 342512
chr12 39901
chr12 227717
chr12 3308
chr12 19925
chr12 729304
chr12 199
chr12 11663
chr12 55291
chr12 9149
chr12 9512
chr12 18898
chr12 2785
chr12 31089
chr12 33130
chr12 12235
chr12 11060
chr12 9827
chr12 16328
chr12 48237
chr12 7600
chr12 58800
chr12 110168
chr12 19559
chr12 32
chr12 24826
chr12 4719
chr12 26258
chr12 73088
chr12 24960
chr12 52476
chr12 6424
chr12 52077
chr12 14338
chr12 11783
chr12 46681
chr12 30775
chr12 39382
chr12 17246
chr12 9570
chr12 8251
chr12 2899
chr12 4485
chr12 18347
chr12 9185
chr12 28272
chr12 86803
chr12 244752
chr12 377051
chr12 241367
chr12 244981
chr12 46478
chr12 23925
chr12 23385
chr12 3654
chr12 15940
chr12 5508
chr12 73
chr12 54735
chr12 2993
chr12 67104
chr12 7801
chr12 144
chr12 138789
chr12 208361
chr12 519720
chr12 51198
chr12 8706
chr12 5982
chr12 15061
chr12 15260
chr12 6340
chr12 14068
chr12 1767
chr12 9368
chr12 25203
chr12 43522
chr12 5938
chr12 5045
chr12 6383
chr12 90792
chr12 30175
chr12 24480
chr12 149576
chr12 133742
chr12 39395
chr12 61152
chr12 37970
chr12 35014
chr12 40021
chr12 18333
chr12 37818
chr12 34953
chr12 31317
chr12 42313
chr12 36397
chr12 10862
chr12 146257
chr12 51532
chr12 10432
chr12 47367
chr12 25092
chr12 55684
chr12 52212
chr12 59114
chr12 37437
chr12 20297
chr12 132317
chr12 107384
chr12 11780
chr12 5997
chr12 7068
chr12 3373
chr12 9699
chr12 8145
chr12 67672
chr12 105122
chr12 27655
chr12 16239
chr12 13436
chr12 132435
chr12 91184
chr12 193922
chr12 38
chr12 67592
chr12 2666
chr12 82688
chr12 36092
chr12 59860
chr12 22974
chr12 21720
chr12 8053
chr12 13972
chr12 9974
chr12 10380
chr12 4667
chr12 31692
chr12 163133
chr12 67
chr12 28166
chr12 13068
chr12 32931
chr12 8001
chr12 20717
chr12 128182
chr12 16880
chr12 14490
chr12 40254
chr12 54
chr12 4311
chr12 19177
chr12 77369
chr12 24953
chr12 12637
chr12 32701
chr12 11301
chr12 35777
chr12 98951
chr12 139905
chr12 5851
chr12 49083
chr12 97882
chr12 41336
chr12 848
chr12 41265
chr12 262
chr12 10442
chr12 61027
chr12 64513
chr12 256450
chr12 132358
chr12 328444
chr12 53755
chr12 17364
chr12 104782
chr12 108693
chr12 30015
chr12 50874
chr12 10510
chr12 66617
chr12 73443
chr12 11616
chr12 27943
chr12 14379
chr12 46738
chr12 40806
chr12 3133
chr12 70027
chr12 35104
chr12 9706
chr12 30454
chr12 37466
chr12 38
chr12 273489
chr12 351994
chr12 504989
chr12 157516
chr12 70194
chr12 61586
chr12 4517
chr12 200277
chr12 48335
chr12 30861
chr12 20918
chr12 59488
chr12 92062
chr12 128959
chr12 304517
chr12 111210
chr12 90552
chr12 27531
chr12 212799
chr12 52909
chr12 2945
chr12 45452
chr12 36591
chr12 142376
chr12 32615
chr12 33834
chr12 52621
chr12 103807
chr12 56334
chr12 62758
chr12 84626
chr12 19353
chr12 25885
chr12 46242
chr12 23090
chr12 95406
chr12 35541
chr12 28763
chr12 140183
chr12 246098
chr12 47697
chr12 20150
chr12 23049
chr12 12786
chr12 70964
chr12 74170
chr12 8813
chr12 4108
chr12 339793
chr12 22790
chr12 92660
chr12 378489
chr12 16726
chr12 16715
chr12 31005
chr12 39102
chr12 85483
chr12 211465
chr12 14782
chr12 396224
chr12 365
chr12 38162
chr12 101998
chr12 98107
chr12 16
chr12 42230
chr12 64314
chr12 82499
chr12 48216
chr12 51911
chr12 38
chr12 64625
chr12 93371
chr12 61608
chr12 46606
chr12 84345
chr12 9414
chr12 37005
chr12 138452
chr12 11559
chr12 79779
chr12 16387
chr12 18775
chr12 49246
chr12 88693
chr12 229826
chr12 45723
chr12 28851
chr12 26707
chr12 113272
chr12 39382
chr12 31251
chr12 359397
chr12 204207
chr12 34412
chr12 87870
chr12 87768
chr12 14706
chr12 20321
chr12 9704
chr12 25950
chr12 244
chr12 31123
chr12 37878
chr12 12454
chr12 34850
chr12 78754
chr12 40861
chr12 121660
chr12 25715
chr12 13207
chr12 12154
chr12 6245
chr12 37364
chr12 34072
chr12 26753
chr12 49416
chr12 78665
chr12 44036
chr12 84244
chr12 13667
chr12 35987
chr12 21743
chr12 97623
chr12 5435
chr12 13538
chr12 11907
chr12 15922
chr12 23490
chr12 23076
chr12 18457
chr12 46498
chr12 125318
chr12 15279
chr12 49720
chr12 19860
chr12 25586
chr12 112986
chr12 21023
chr12 34710
chr12 7
chr12 68989
chr12 10813
chr12 69291
chr12 18783
chr12 1735
chr12 18531
chr12 33728
chr12 19501
chr12 205395
chr12 5573
chr12 70281
chr12 3533
chr12 197753
chr12 71605
chr12 44032
chr12 4564
chr12 62703
chr12 81240
chr12 30053
chr12 2798
chr12 23452
chr12 46385
chr12 4147
chr12 157528
chr12 59491
chr12 27427
chr12 166792
chr12 5693
chr12 4548
chr12 45163
chr12 48430
chr12 102394
chr12 62022
chr12 4369
chr12 17026
chr12 28213
chr12 17046
chr12 39051
chr12 106173
chr12 2079
chr12 90537
chr12 83774
chr12 92168
chr12 161590
chr12 38841
chr12 12265
chr12 556752
chr12 1667
chr12 133226
chr12 15951
chr12 5411
chr12 55892
chr12 145853
chr12 77239
chr12 52959
chr12 492
chr12 106032
chr12 107127
chr12 70058
chr12 40587
chr12 14270
chr12 9338
chr12 21531
chr12 9641
chr12 68048
chr12 32969
chr12 47300
chr12 91004
chr12 161032
chr12 228854
chr12 63480
chr12 15512
chr12 2753
chr12 9486
chr12 21790
chr12 208959
chr12 5850
chr12 36896
chr12 91332
chr12 11523
chr12 15300
chr12 97476
chr12 3158
chr12 116749
chr12 72134
chr12 4230
chr12 126800
chr12 28875
chr12 64
chr12 18330
chr12 6330
chr12 39284
chr12 61210
chr12 128630
chr12 137072
chr12 183099
chr12 25689
chr12 26504
chr12 76813
chr12 2408
chr12 35139
chr12 323
chr12 33421
chr12 140
chr12 115192
chr12 7897
chr12 16327
chr12 63137
chr12 76757
chr12 24232
chr12 23
chr12 19245
chr12 15394
chr12 36946
chr12 49103
chr12 15771
chr12 9947
chr12 332019
chr12 25910
chr12 42895
chr12 5337
chr12 41904
chr12 148
chr12 11650
chr12 13999
chr12 25887
chr12 81605
chr12 216215
chr12 54957
chr12 32860
chr12 12080
chr12 9926
chr12 159792
chr12 1450
chr12 191934
chr12 46665
chr12 15
chr12 2705
chr12 2864
chr12 14112
chr12 20390
chr12 242
chr12 37480
chr12 38
chr12 29452
chr12 37649
chr12 116984
chr12 75058
chr12 28715
chr12 33857
chr12 3522
chr12 33365
chr12 65
chr12 47786
chr12 101920
chr12 50850
chr12 34516
chr12 11115
chr12 37174
chr12 476
chr12 51
chr12 156759
chr12 61636
chr12 86423
chr12 72554
chr12 31075
chr12 110552
chr12 59815
chr12 18117
chr12 6374
chr12 26518
chr12 7232
chr12 4518
chr12 8536
chr12 24847
chr12 15502
chr12 61235
chr12 37649
chr12 8066
chr12 7495
chr12 68794
chr12 24091
chr12 14949
chr12 4609
chr12 13951
chr12 32122
chr12 4620
chr12 46270
chr12 42139
chr12 11289
chr12 29687
chr12 4008
chr12 8744
chr12 33504
chr12 4684
chr12 5
chr12 47405
chr12 33969
chr12 31388
chr12 3637
chr12 4094
chr12 73812
chr12 60896
chr12 37445
chr12 36368
chr12 10367
chr12 83233
chr12 48649
chr12 19224
chr12 46276
chr12 167
chr12 47602
chr12 9633
chr12 4122
chr12 107555
chr12 103189
chr12 140374
chr12 19962
chr12 179330
chr12 32612
chr12 80865
chr12 21927
chr12 146957
chr12 166182
chr12 19727
chr12 30314
chr12 25345
chr12 170240
chr12 162734
chr12 118296
chr12 56919
chr12 54568
chr12 12980
chr12 21531
chr12 11086
chr12 18706
chr12 6459
chr12 47415
chr12 51461
chr12 95251
chr12 34629
chr12 23041
chr12 7354
chr12 9345
chr12 111910
chr12 3214
chr12 15814
chr12 43449
chr12 48717
chr12 46569
chr12 8488
chr12 13656
chr12 23278
chr12 78437
chr12 38
chr12 12525
chr12 36869
chr12 40685
chr12 9069
chr12 90319
chr12 70348
chr12 86369
chr12 310866
chr12 112099
chr12 9288
chr12 10403
chr12 756
chr12 13624
chr12 670
chr12 30522
chr12 86585
chr12 15912
chr12 10163
chr12 3037
chr12 76
chr12 40380
chr12 32625
chr12 55838
chr12 37495
chr12 36301
chr12 35791
chr12 48214
chr12 349534
chr12 62965
chr12 32638
chr12 18098
chr12 16909
chr12 58485
chr12 6267
chr12 49491
chr12 9790
chr12 7365
chr12 62914
chr12 137032
chr12 19822
chr12 108294
chr12 11044
chr12 84303
chr12 66129
chr12 48992
chr12 3919
chr12 23570
chr12 42529
chr12 9084
chr12 178455
chr12 38558
chr12 317843
chr12 121
chr12 41785
chr12 84595
chr12 153506
chr12 44024
chr12 130593
chr12 143968
chr12 8060
chr12 114799
chr12 37947
chr12 109076
chr12 15291
chr12 16872
chr12 20574
chr12 39714
chr12 21935
chr12 42993
chr12 7851
chr12 71883
chr12 58214
chr12 79277
chr12 73656
chr12 36958
chr12 85492
chr12 11551
chr12 16843
chr12 2500
chr12 7117
chr12 40269
chr12 7
chr12 10840
chr12 23562
chr12 36704
chr12 145
chr12 94239
chr12 45
chr12 10489
chr12 11124
chr12 13738
chr12 49606
chr12 157468
chr12 12872
chr12 25691
chr12 76130
chr12 21486
chr12 76850
chr12 16868
chr12 31782
chr12 57262
chr12 15746
chr12 233449
chr12 115476
chr12 196692
chr12 505
chr12 93680
chr12 6147
chr12 280
chr12 20
chr12 116288
chr12 25744
chr12 144476
chr12 244909
chr12 351792
chr12 220002
chr12 219986
chr12 32512
chr12 35029
chr12 17734
chr12 41785
chr12 68240
chr12 13962
chr12 273717
chr12 305342
chr12 36970
chr12 768798
chr12 80282
chr12 102820
chr12 54
chr12 39313
chr12 102625
chr12 109892
chr12 407741
chr12 61057
chr12 96318
chr12 17116
chr12 25153
chr12 38
chr12 4899
chr12 28861
chr12 47680
chr12 277764
chr12 113305
chr12 234285
chr12 238073
chr12 15487
chr12 75480
chr12 12366
chr12 38162
chr12 8429
chr12 49825
chr12 21867
chr12 24622
chr12 57342
chr12 93458
chr12 213127
chr12 8593
chr12 108638
chr12 66660
chr12 43600
chr12 31204
chr12 118506
chr12 283414
chr12 106032
chr12 224658
chr12 52052
chr12 49358
chr12 22310
chr12 98773
chr12 54484
chr12 47174
chr12 100917
chr12 15093
chr12 62732
chr12 45878
chr12 189324
chr12 12602
chr12 18144
chr12 33306
chr12 50859
chr12 261787
chr12 34554
chr12 12991
chr12 56045
chr12 223685
chr12 469
chr12 199396
chr12 28220
chr12 16209
chr12 19158
chr12 22711
chr12 2001
chr12 123
chr12 7614
chr12 99960
chr12 7276
chr12 16127
chr12 7424
chr12 8782
chr12 17052
chr12 28086
chr12 13977
chr12 128023
chr12 91341
chr12 61416
chr12 272860
chr12 450307
chr12 99514
chr12 18671
chr12 29302
chr12 2676
chr12 19470
chr12 17108
chr12 124208
chr12 39084
chr12 75135
chr12 15901
chr12 29352
chr12 133729
chr12 60223
chr12 58146
chr12 141652
chr12 165336
chr12 51126
chr12 42790
chr12 7390
chr12 16739
chr12 34185
chr12 7390
chr12 17649
chr12 9855
chr12 19135
chr12 54415
chr12 52689
chr12 123464
chr12 17849
chr12 10563
chr12 97983
chr12 194
chr12 271649
chr12 63444
chr12 99517
chr12 219099
chr12 13604
chr12 172170
chr12 231345
chr12 51549
chr12 2264
chr12 57447
chr12 57463
chr12 32095
chr12 171361
chr12 64956
chr12 7462
chr12 23712
chr12 93786
chr12 34395
chr12 35059
chr12 224691
chr12 103284
chr12 14258
chr12 45216
chr12 50201
chr12 55210
chr12 236428
chr12 34276
chr12 2939
chr12 230948
chr12 27062
chr12 218
chr12 80331
chr12 12305
chr12 192465
chr12 429486
chr12 100
chr12 9736
chr12 23097
chr12 46162
chr12 122250
chr12 16899
chr12 41535
chr12 77004
chr12 146480
chr12 40153
chr12 15257
chr12 7195
chr12 101633
chr12 21620
chr12 15274
chr12 57066
chr12 37015
chr12 8858
chr12 272291
chr12 34077
chr12 119280
chr12 1548
chr12 88923
chr12 376775
chr12 126518
chr12 244148
chr12 89914
chr12 258252
chr12 376306
chr12 670381
chr12 76432
chr12 535780
chr12 115
chr12 122821
chr12 8014
chr12 455285
chr12 134268
chr12 182229
chr12 252652
chr12 58111
chr12 95386
chr12 86760
chr12 29025
chr12 105978
chr12 52802
chr12 71188
chr12 53627
chr12 117
chr12 74247
chr12 403205
chr12 140885
chr12 232294
chr12 6929
chr12 27283
chr12 263328
chr12 211147
chr12 196454
chr12 79074
chr12 5793
chr12 25009
chr12 467308
chr12 13490
chr12 42948
chr12 103028
chr12 43511
chr12 48912
chr12 56061
chr12 271932
chr12 33702
chr12 33463
chr12 50577
chr12 21685
chr12 57890
chr12 9929
chr12 18813
chr12 31
chr12 952440
chr12 400225
chr12 90036
chr12 90451
chr12 176330
chr12 13690
chr12 3873
chr12 58802
chr12 65029
chr12 15428
chr12 37326
chr12 83
chr12 84862
chr12 243984
chr12 103324
chr12 215598
chr12 73276
chr12 9229
chr12 16103
chr12 31162
chr12 4542
chr12 45356
chr12 28473
chr12 42
chr12 10572
chr12 8755
chr12 216867
chr12 8430
chr12 62943
chr12 55760
chr12 21234
chr12 13765
chr12 22
chr12 47500
chr12 7745
chr12 14117
chr12 208910
chr12 103843
chr12 207516
chr12 250860
chr12 940510
chr12 18399
chr12 474087
chr12 292434
chr12 627131
chr12 113187
chr12 20687
chr12 425046
chr12 94492
chr12 652107
chr12 359812
chr12 113441
chr12 614854
chr12 402047
chr12 320310
chr12 42251
chr12 25085
chr12 46455
chr12 18259
chr12 59754
chr12 42951
chr12 11463
chr12 19082
chr12 33380
chr12 48606
chr12 14218
chr12 31387
chr12 138527
chr12 55491
chr12 7599
chr12 57522
chr12 18668
chr12 23067
chr12 10086
chr12 8031
chr12 201324
chr12 35762
chr12 185625
chr12 96919
chr12 19261
chr12 15586
chr12 177614
chr12 76654
chr12 54130
chr12 21248
chr12 168519
chr12 106282
chr12 191374
chr12 35775
chr12 80
chr12 47453
chr12 47829
chr12 191270
chr12 58383
chr12 19944
chr12 5063
chr12 108592
chr12 44892
chr12 43239
chr12 356987
chr12 40600
chr12 54694
chr12 44315
chr12 36937
chr12 145419
chr12 160122
chr12 65568
chr12 80193
chr12 12316
chr12 18200
chr12 49274
chr12 43723
chr12 24844
chr12 3554
chr12 49702
chr12 25206
chr12 15861
chr12 2362
chr12 68773
chr12 8010
chr12 69872
chr12 10995
chr12 8031
chr12 19463
chr12 5881
chr12 8722
chr12 51507
chr12 79960
chr12 71073
chr12 85243
chr12 35830
chr12 9690
chr12 194551
chr12 209867
chr12 246474
chr12 15022
chr12 55165
chr12 55779
chr12 53
chr12 115096
chr12 5
chr12 38671
chr12 199398
chr12 241790
chr12 103871
chr12 111904
chr12 25
chr12 106920
chr12 135934
chr12 43994
chr12 87
chr12 94142
chr12 204608
chr12 125
chr12 53453
chr12 98
chr12 2662
chr12 609594
chr12 160823
chr12 168020
chr12 219755
chr12 53653
chr13 3365
chr13 20491
chr13 10214
chr13 592461
chr13 1435542
chr13 87291
chr13 169827
chr13 7354
chr13 56265
chr13 128345
chr13 49368
chr13 35086
chr13 103749
chr13 29917
chr13 71803
chr13 61102
chr13 282005
chr13 10764
chr13 25122
chr13 9079
chr13 26557
chr13 113446
chr13 121303
chr13 15548
chr13 17214
chr13 42340
chr13 283300
chr13 215757
chr13 169
chr13 53262
chr13 123829
chr13 78993
chr13 40567
chr13 292454
chr13 48
chr13 284128
chr13 146414
chr13 10141
chr13 65536
chr13 27739
chr13 128011
chr13 144770
chr13 9838
chr13 209
chr13 293892
chr13 45266
chr13 51387
chr13 10625
chr13 7756
chr13 93
chr13 213103
chr13 128115
chr13 38915
chr13 9025
chr13 116863
chr13 52427
chr13 33087
chr13 16618
chr13 232
chr13 9455
chr13 246
chr13 40081
chr13 189414
chr13 1528
chr13 101368
chr13 332503
chr13 190723
chr13 109740
chr13 40973
chr13 187160
chr13 137942
chr13 44194
chr13 69232
chr13 71749
chr13 227200
chr13 11299
chr13 117717
chr13 77162
chr13 5505
chr13 257341
chr13 637
chr13 486742
chr13 168
chr13 48482
chr13 181265
chr13 118863
chr13 131199
chr13 38520
chr13 79980
chr13 64844
chr13 152089
chr13 487110
chr13 32570
chr13 39950
chr13 106267
chr13 74610
chr13 69793
chr13 239377
chr13 421766
chr13 148993
chr13 205609
chr13 667415
chr13 82656
chr13 118
chr13 82194
chr13 84694
chr13 47736
chr13 123
chr13 4753
chr13 23413
chr13 62099
chr13 64537
chr13 136294
chr13 1947
chr13 51272
chr13 19396
chr13 61053
chr13 301076
chr13 41006
chr13 52
chr13 1243
chr13 152
chr13 150113
chr13 201877
chr13 113691
chr13 50200
chr13 25830
chr13 91
chr13 27886
chr13 280020
chr13 104190
chr13 3453
chr13 55967
chr13 93108
chr13 61773
chr13 433
chr13 541
chr13 26775
chr13 84579
chr13 41
chr13 33462
chr13 4374
chr13 262467
chr13 33084
chr13 56252
chr13 100375
chr13 11758
chr13 37820
chr13 33400
chr13 48412
chr13 53645
chr13 42304
chr13 3953
chr13 14021
chr13 19317
chr13 10716
chr13 1291
chr13 344789
chr13 33555
chr13 144751
chr13 85208
chr13 242571
chr13 25315
chr13 124
chr13 126707
chr13 201269
chr13 33428
chr13 107129
chr13 174055
chr13 178287
chr13 45950
chr13 34469
chr13 167636
chr13 214241
chr13 39336
chr13 64200
chr13 59065
chr13 141852
chr13 4480
chr13 34896
chr13 40110
chr13 96460
chr13 146
chr13 29991
chr13 76630
chr13 77433
chr13 123634
chr13 11822
chr13 171203
chr13 72912
chr13 19856
chr13 30053
chr13 20626
chr13 78014
chr13 40416
chr13 178591
chr13 14796
chr13 37
chr13 7121
chr13 80914
chr13 46
chr13 17353
chr13 23544
chr13 202859
chr13 357014
chr13 80413
chr13 98157
chr13 92304
chr13 108352
chr13 81894
chr13 302
chr13 17767
chr13 168200
chr13 23753
chr13 28920
chr13 63610
chr13 158528
chr13 123429
chr13 86769
chr13 22799
chr13 42870
chr13 201246
chr13 53931
chr13 146464
chr13 64599
chr13 33408
chr13 44046
chr13 11831
chr13 55959
chr13 3463
chr13 80001
chr13 44406
chr13 5927
chr13 48123
chr13 36539
chr13 4535
chr13 28562
chr13 46542
chr13 19419
chr13 34228
chr13 42735
chr13 6696
chr13 15070
chr13 32090
chr13 6882
chr13 6152
chr13 10624
chr13 139967
chr13 160059
chr13 127729
chr13 58086
chr13 54772
chr13 279851
chr13 26811
chr13 47264
chr13 17873
chr13 17618
chr13 2519
chr13 79329
chr13 27846
chr13 219
chr13 260298
chr13 49922
chr13 100928
chr13 52785
chr13 49269
chr13 87868
chr13 68067
chr13 142835
chr13 188156
chr13 176
chr13 3508
chr13 35
chr13 79230
chr13 93030
chr13 58716
chr13 135511
chr13 33808
chr13 100810
chr13 20852
chr13 1868
chr13 172144
chr13 354673
chr13 82601
chr13 7182
chr13 110421
chr13 25161
chr13 132147
chr13 45788
chr13 39148
chr13 5089
chr13 30977
chr13 51742
chr13 26066
chr13 83571
chr13 107790
chr13 85966
chr13 41205
chr13 116481
chr13 116784
chr13 2135
chr13 17937
chr13 35539
chr13 212961
chr13 87977
chr13 42490
chr13 42514
chr13 218633
chr13 1167
chr13 9908
chr13 277532
chr13 54477
chr13 24851
chr13 38
chr13 71428
chr13 12081
chr13 95199
chr13 107724
chr13 16305
chr13 5057
chr13 116350
chr13 9813
chr13 69567
chr13 45336
chr13 40985
chr13 26296
chr13 32888
chr13 11594
chr13 8373
chr13 81831
chr13 44491
chr13 502407
chr13 31941
chr13 35573
chr13 84944
chr13 204070
chr13 201288
chr13 207519
chr13 18382
chr13 18665
chr13 27475
chr13 128320
chr13 304
chr13 68626
chr13 121194
chr13 32155
chr13 54215
chr13 154282
chr13 172375
chr13 61616
chr13 2876
chr13 45569
chr13 249463
chr13 52078
chr13 65754
chr13 39412
chr13 29846
chr13 74887
chr13 87160
chr13 134678
chr13 57419
chr13 19018
chr13 49412
chr13 34591
chr13 31143
chr13 1502
chr13 18865
chr13 16496
chr13 4022
chr13 63294
chr13 93808
chr13 39680
chr13 12146
chr13 3158
chr13 40611
chr13 2307
chr13 11077
chr13 469
chr13 602
chr13 12943
chr13 23177
chr13 26550
chr13 57503
chr13 38223
chr13 12629
chr13 59866
chr13 5425
chr13 38029
chr13 189090
chr13 52982
chr13 121723
chr13 15560
chr13 24750
chr13 118757
chr13 127423
chr13 469
chr13 18856
chr13 13765
chr13 311341
chr13 110506
chr13 27053
chr13 38
chr13 24575
chr13 419256
chr13 661278
chr13 37008
chr13 48957
chr13 89135
chr13 40625
chr13 29521
chr13 44194
chr13 38
chr13 8414
chr13 72247
chr13 139783
chr13 57451
chr13 8946
chr13 26742
chr13 44362
chr13 37921
chr13 83339
chr13 15096
chr13 29629
chr13 409288
chr13 9914
chr13 257
chr13 16980
chr13 22403
chr13 12956
chr13 27767
chr13 76087
chr13 62628
chr13 192768
chr13 26164
chr13 57293
chr13 70774
chr13 153978
chr13 31888
chr13 23714
chr13 72768
chr13 140204
chr13 77390
chr13 38
chr13 31863
chr13 22019
chr13 100701
chr13 238773
chr13 227829
chr13 115731
chr13 27974
chr13 226
chr13 64503
chr13 104598
chr13 210
chr13 90635
chr13 12861
chr13 20960
chr13 115939
chr13 8176
chr13 153748
chr13 110044
chr13 29539
chr13 10341
chr13 7468
chr13 44155
chr13 32683
chr13 23026
chr13 67133
chr13 23199
chr13 346311
chr13 8630
chr13 56044
chr13 54476
chr13 97056
chr13 14864
chr13 97263
chr13 208140
chr13 47290
chr13 93159
chr13 57565
chr13 21708
chr13 168158
chr13 37005
chr13 78715
chr13 99723
chr13 58684
chr13 158392
chr13 37141
chr13 197799
chr13 173586
chr13 90834
chr13 124389
chr13 56590
chr13 2739
chr13 25345
chr13 105955
chr13 49055
chr13 7668
chr13 16360
chr13 14694
chr13 77470
chr13 22086
chr13 24386
chr13 10912
chr13 22444
chr13 9922
chr13 87682
chr13 9811
chr13 15747
chr13 96787
chr13 35829
chr13 57678
chr13 149996
chr13 3543
chr13 9195
chr13 24
chr13 972
chr13 93037
chr13 81664
chr13 147969
chr13 54022
chr13 14159
chr13 68756
chr13 8540
chr13 35398
chr13 98481
chr13 84881
chr13 170992
chr13 3330
chr13 70843
chr13 97469
chr13 7014
chr13 252327
chr13 76579
chr13 120181
chr13 97350
chr13 26
chr13 67553
chr13 150330
chr13 84178
chr13 134229
chr13 80125
chr13 113358
chr13 133591
chr13 387731
chr13 63994
chr13 164
chr13 44499
chr13 16598
chr13 18698
chr13 43057
chr13 175493
chr13 58484
chr13 115769
chr13 30095
chr13 106791
chr13 103024
chr13 109447
chr13 152537
chr13 32920
chr13 37411
chr13 26145
chr13 72109
chr13 71
chr13 181262
chr13 33612
chr13 1065
chr13 19778
chr13 67805
chr13 61503
chr13 1412
chr13 18790
chr13 39320
chr13 78830
chr13 74199
chr13 32
chr13 55391
chr13 116
chr13 103018
chr13 36498
chr13 33229
chr13 9
chr13 43900
chr13 431734
chr13 472150
chr13 155755
chr13 64095
chr13 264683
chr13 65968
chr13 26678
chr13 667
chr13 68432
chr13 106249
chr13 35525
chr13 120902
chr13 6690
chr13 37239
chr13 22289
chr13 29459
chr13 69229
chr13 28928
chr13 80154
chr13 101518
chr13 18158
chr13 5787
chr13 222430
chr13 102449
chr13 42791
chr13 73662
chr13 26451
chr13 68187
chr13 58297
chr13 18315
chr13 63653
chr13 4975
chr13 987
chr13 30082
chr13 239670
chr13 29768
chr13 98736
chr13 9188
chr13 84641
chr13 36
chr13 20018
chr13 38
chr13 11557
chr13 16588
chr13 44885
chr13 132190
chr13 40097
chr13 41484
chr13 42013
chr13 169298
chr13 48983
chr13 26755
chr13 136260
chr13 63889
chr13 113334
chr13 59319
chr13 99949
chr13 116887
chr13 128969
chr13 27962
chr13 288481
chr13 20432
chr13 11732
chr13 68325
chr13 215
chr13 31865
chr13 7463
chr13 104558
chr13 31578
chr13 231933
chr13 21977
chr13 52836
chr13 19982
chr13 139900
chr13 240863
chr13 24766
chr13 10474
chr13 2933
chr13 74451
chr13 16424
chr13 96864
chr13 61815
chr13 31875
chr13 75933
chr13 115
chr13 54455
chr13 36034
chr13 76156
chr13 165885
chr13 109006
chr13 185758
chr13 49094
chr13 19175
chr13 40445
chr13 41307
chr13 38082
chr13 37409
chr13 119027
chr13 115576
chr13 13317
chr13 11212
chr13 36215
chr13 18002
chr13 11124
chr13 241742
chr13 25718
chr13 20621
chr13 26254
chr13 20722
chr13 75475
chr13 44707
chr13 62445
chr13 16590
chr13 27676
chr13 20895
chr13 6432
chr13 29449
chr13 147234
chr13 46275
chr13 57
chr13 217568
chr13 15625
chr13 177390
chr13 22712
chr13 50937
chr13 8720
chr13 236236
chr13 10531
chr13 15377
chr13 254
chr13 17322
chr13 3405
chr13 482472
chr13 35364
chr13 19314
chr13 59747
chr13 18283
chr13 9497
chr13 86786
chr13 42336
chr13 126
chr13 37635
chr13 1832
chr13 28122
chr13 29856
chr13 202765
chr13 17446
chr13 27
chr13 71845
chr13 87888
chr13 101980
chr13 21780
chr13 15939
chr13 24891
chr13 78487
chr13 130419
chr13 374364
chr13 4746
chr13 57352
chr13 112645
chr13 457898
chr13 156697
chr13 32881
chr13 76340
chr13 103513
chr13 85898
chr13 120111
chr13 35823
chr13 102467
chr13 53921
chr13 19933
chr13 62535
chr13 27565
chr13 2871
chr13 14578
chr13 33
chr13 35896
chr13 13073
chr13 33162
chr13 15658
chr13 6
chr13 93508
chr13 37271
chr13 22418
chr13 1420
chr13 4535
chr13 34033
chr13 70729
chr13 5147
chr13 326098
chr13 2140
chr13 553
chr13 28102
chr13 18703
chr13 67955
chr13 165695
chr13 147498
chr13 98049
chr13 7298
chr13 24830
chr13 28020
chr13 3069
chr13 5060
chr13 22599
chr13 49418
chr13 1535
chr13 31794
chr13 49810
chr13 104781
chr13 45182
chr13 13583
chr13 16731
chr13 89374
chr13 224712
chr13 70
chr13 4405
chr13 78131
chr13 235379
chr13 191399
chr13 667
chr13 113748
chr13 126008
chr13 8
chr13 35957
chr13 127309
chr13 38335
chr13 84594
chr13 31188
chr13 8158
chr13 1860
chr13 41298
chr13 28650
chr13 3335
chr13 1863
chr13 71699
chr13 4032
chr13 222505
chr13 103408
chr13 16670
chr13 12293
chr13 18590
chr13 95253
chr13 76949
chr13 133381
chr13 205
chr13 16386
chr13 68798
chr13 5027
chr13 18707
chr13 89714
chr13 45295
chr13 24233
chr13 6964
chr13 21425
chr13 43531
chr13 57033
chr13 68477
chr13 155651
chr13 11941
chr13 100784
chr13 1197
chr13 11725
chr13 132782
chr13 96250
chr13 29
chr13 11488
chr13 7925
chr13 8730
chr13 47295
chr13 41567
chr13 18400
chr13 2826
chr13 8024
chr13 16643
chr13 16520
chr13 19507
chr13 237477
chr13 7361
chr13 88060
chr13 72435
chr13 11231
chr13 87970
chr13 14491
chr13 1762
chr13 136444
chr13 19577
chr13 7
chr13 80027
chr13 33082
chr13 54459
chr13 213356
chr13 34116
chr13 14
chr13 127805
chr13 88770
chr13 40363
chr13 1369
chr13 89288
chr13 99083
chr13 68150
chr13 102080
chr13 23500
chr13 35239
chr13 15026
chr13 149959
chr13 31943
chr13 129217
chr13 25398
chr13 49050
chr13 113429
chr13 101928
chr13 15998
chr13 64474
chr13 183513
chr13 36275
chr13 77479
chr13 128571
chr13 46538
chr13 174379
chr13 63018
chr13 43240
chr13 10144
chr13 111814
chr13 12953
chr13 24433
chr13 51252
chr13 16216
chr13 292207
chr13 133106
chr13 46729
chr13 120470
chr13 8104
chr13 49054
chr13 16371
chr13 8332
chr13 18086
chr13 13543
chr13 30255
chr13 46616
chr13 224618
chr13 19242
chr13 88
chr13 121441
chr13 82081
chr13 156790
chr13 52729
chr13 74966
chr13 84303
chr13 113280
chr13 70753
chr13 49158
chr13 59474
chr13 27020
chr13 182839
chr13 42603
chr13 80807
chr13 47555
chr13 70361
chr13 29494
chr13 18926
chr13 48434
chr13 40237
chr13 45805
chr13 26421
chr13 19681
chr13 27486
chr13 29803
chr13 43399
chr13 21259
chr13 107742
chr13 14938
chr13 16432
chr13 16683
chr13 48483
chr13 47690
chr13 87665
chr13 103675
chr13 34107
chr13 10764
chr13 27264
chr13 48
chr13 22437
chr13 9
chr13 38662
chr13 154211
chr13 14
chr13 53324
chr13 5796
chr13 87747
chr13 16038
chr13 89425
chr13 10556
chr13 72653
chr13 34796
chr13 35793
chr13 14170
chr13 5820
chr13 35190
chr13 13676
chr13 28702
chr13 8040
chr13 10092
chr13 16584
chr13 92506
chr13 11675
chr13 43567
chr13 17783
chr13 24958
chr13 26887
chr13 131863
chr13 35450
chr13 26923
chr13 124
chr13 73149
chr13 13225
chr13 70261
chr13 47548
chr13 35682
chr13 97857
chr13 209686
chr13 42257
chr13 22468
chr13 131221
chr13 13128
chr13 72877
chr13 149729
chr13 187993
chr13 82510
chr13 54076
chr13 20113
chr13 18067
chr13 95953
chr13 217996
chr13 105199
chr13 189691
chr13 94272
chr13 121477
chr13 90795
chr13 28607
chr13 14619
chr13 63148
chr13 82376
chr13 38055
chr13 34214
chr13 93502
chr13 3309
chr13 56319
chr13 72204
chr13 53161
chr13 6463
chr13 8406
chr13 64430
chr13 84657
chr13 62085
chr13 50442
chr13 25295
chr13 4390
chr13 215309
chr13 54097
chr13 201535
chr13 89194
chr13 104003
chr13 84547
chr13 20051
chr13 103969
chr13 129223
chr13 10913
chr13 192995
chr13 64451
chr13 52839
chr13 93899
chr13 40426
chr13 24081
chr13 46792
chr13 30151
chr13 15833
chr13 6332
chr13 42864
chr13 18038
chr13 44580
chr13 47290
chr13 43296
chr13 16508
chr13 37912
chr13 6313
chr13 76067
chr13 12533
chr13 518
chr13 36125
chr13 44511
chr13 9170
chr13 6267
chr13 75757
chr13 42732
chr13 40976
chr13 214319
chr13 23899
chr13 38937
chr13 61586
chr13 52931
chr13 25416
chr13 60317
chr13 90486
chr13 104712
chr13 82205
chr13 9165
chr13 84839
chr13 103732
chr13 138785
chr13 34424
chr13 4617
chr13 74541
chr13 6968
chr13 169508
chr13 104918
chr13 31188
chr13 61670
chr13 1078
chr13 87032
chr13 369776
chr13 9824
chr13 108149
chr13 43794
chr13 76230
chr13 146032
chr13 151829
chr13 36803
chr13 18686
chr13 239
chr13 59008
chr13 27807
chr13 10882
chr13 33965
chr13 51371
chr13 70688
chr13 78845
chr13 29154
chr13 63062
chr13 109090
chr13 212
chr13 168424
chr13 8290
chr13 52
chr13 82409
chr13 71345
chr13 49419
chr13 80886
chr13 20338
chr13 124954
chr13 47578
chr13 7666
chr13 59597
chr13 24
chr13 9036
chr13 106089
chr13 77649
chr13 38158
chr13 253650
chr13 88
chr13 56842
chr13 30821
chr13 18791
chr13 103630
chr13 28348
chr13 166758
chr13 11788
chr13 21507
chr13 56502
chr13 225
chr13 249193
chr13 97829
chr13 47759
chr13 68609
chr13 251163
chr13 429249
chr13 80746
chr13 155440
chr13 88824
chr13 182599
chr13 111412
chr13 50446
chr13 351987
chr13 129163
chr13 358531
chr13 61913
chr13 38720
chr13 102231
chr13 83458
chr13 261
chr13 23040
chr13 53451
chr13 88763
chr13 6461
chr13 62597
chr13 37501
chr13 10867
chr13 66270
chr13 44840
chr13 20547
chr13 11073
chr13 100705
chr13 47314
chr13 59258
chr13 43002
chr13 82642
chr13 17266
chr13 3
chr13 59784
chr13 103509
chr13 4417
chr13 50090
chr13 87233
chr13 81883
chr13 28709
chr13 94138
chr13 106261
chr13 109236
chr13 59337
chr13 31731
chr13 136263
chr13 9921
chr13 46861
chr13 2181
chr13 194989
chr13 73659
chr13 45133
chr13 47861
chr13 19477
chr13 39290
chr13 103243
chr13 95747
chr13 23838
chr13 18196
chr13 21939
chr13 82144
chr13 24922
chr13 12942
chr13 45714
chr13 39217
chr13 21376
chr13 34295
chr13 4824
chr13 116980
chr13 103563
chr13 154849
chr13 35130
chr13 65011
chr13 36977
chr13 139
chr13 11095
chr13 98100
chr13 10337
chr13 105311
chr13 47408
chr13 108290
chr13 112829
chr13 105466
chr13 39368
chr13 64681
chr13 522
chr13 10130
chr13 167707
chr13 73
chr13 31735
chr13 16112
chr13 35505
chr13 16740
chr13 143538
chr13 20438
chr13 40075
chr13 118699
chr13 59475
chr13 113197
chr13 44195
chr13 2682
chr13 7550
chr13 33512
chr13 95861
chr13 78635
chr13 7593
chr13 29302
chr13 13837
chr13 149465
chr13 29224
chr13 109083
chr13 6745
chr13 412603
chr13 91415
chr13 6361
chr13 206695
chr13 178020
chr13 65532
chr13 41520
chr13 17068
chr13 18796
chr13 81699
chr13 70415
chr13 36003
chr13 59444
chr13 96538
chr13 35087
chr13 10485
chr13 34429
chr13 161118
chr13 88730
chr13 213699
chr13 18790
chr13 30314
chr13 30794
chr13 29339
chr13 43599
chr13 21947
chr13 23073
chr13 30418
chr13 131780
chr13 19
chr13 70844
chr13 65161
chr13 22243
chr13 39110
chr13 82584
chr13 115953
chr13 17401
chr13 7
chr13 47280
chr13 233628
chr13 85221
chr13 15796
chr13 3414
chr13 59834
chr13 43430
chr13 58461
chr13 33028
chr13 132
chr13 21130
chr13 27445
chr13 294
chr13 20797
chr13 158513
chr13 9585
chr13 16959
chr13 141920
chr13 60522
chr13 4
chr13 73
chr13 22128
chr13 12493
chr13 24419
chr13 137997
chr13 286323
chr13 138541
chr13 20210
chr13 231715
chr13 161162
chr13 269657
chr13 137345
chr13 96892
chr13 37
chr13 11625
chr13 38
chr13 273581
chr13 85910
chr13 379
chr13 875125
chr13 169621
chr13 144354
chr13 128089
chr13 40709
chr13 106355
chr13 83
chr13 179476
chr13 291
chr13 163989
chr13 7
chr13 60
chr13 21370
chr13 15
chr13 361569
chr13 890
chr14 2319588
chr14 178077
chr14 57206
chr14 14451
chr14 23720
chr14 4767
chr14 40478
chr14 17978
chr14 190325
chr14 67554
chr14 38340
chr14 27806
chr14 47934
chr14 104482
chr14 211606
chr14 38351
chr14 67438
chr14 117600
chr14 44732
chr14 4772
chr14 23703
chr14 14437
chr14 195257
chr14 60733
chr14 77114
chr14 37047
chr14 29999
chr14 18222
chr14 5259
chr14 20036
chr14 77
chr14 4531
chr14 15576
chr14 47103
chr14 27178
chr14 60
chr14 177941
chr14 18
chr14 470910
chr14 73
chr14 17967
chr14 230338
chr14 540795
chr14 68124
chr14 9796
chr14 20980
chr14 19527
chr14 7483
chr14 9097
chr14 35
chr14 104267
chr14 76729
chr14 27408
chr14 55462
chr14 15020
chr14 263224
chr14 802
chr14 123663
chr14 124213
chr14 56290
chr14 86350
chr14 433773
chr14 269793
chr14 197134
chr14 54829
chr14 31047
chr14 125133
chr14 63276
chr14 49330
chr14 54
chr14 2138
chr14 461088
chr14 14689
chr14 7803
chr14 26863
chr14 6200
chr14 48377
chr14 31479
chr14 8459
chr14 5902
chr14 18828
chr14 31501
chr14 26759
chr14 9912
chr14 65771
chr14 1760
chr14 19807
chr14 77377
chr14 21525
chr14 57954
chr14 5779
chr14 13594
chr14 157229
chr14 7623
chr14 23657
chr14 33192
chr14 56281
chr14 86275
chr14 8213
chr14 2690
chr14 10327
chr14 23876
chr14 3292
chr14 39785
chr14 17720
chr14 831
chr14 166820
chr14 126882
chr14 9442
chr14 4365
chr14 38
chr14 13533
chr14 25819
chr14 7418
chr14 28684
chr14 6977
chr14 89011
chr14 44603
chr14 11494
chr14 24657
chr14 65054
chr14 325
chr14 217657
chr14 13643
chr14 5839
chr14 26640
chr14 324886
chr14 56109
chr14 80278
chr14 1183
chr14 171429
chr14 98259
chr14 6501
chr14 1418
chr14 4951
chr14 42143
chr14 67526
chr14 69798
chr14 7225
chr14 93946
chr14 15125
chr14 283268
chr14 8794
chr14 172237
chr14 56385
chr14 30247
chr14 10085
chr14 24201
chr14 22106
chr14 9810
chr14 66062
chr14 31355
chr14 100131
chr14 158307
chr14 80456
chr14 64324
chr14 41868
chr14 68002
chr14 28264
chr14 9414
chr14 10205
chr14 215308
chr14 13578
chr14 44288
chr14 8723
chr14 19731
chr14 10186
chr14 11636
chr14 1263
chr14 31710
chr14 28772
chr14 99167
chr14 10634
chr14 3741
chr14 24762
chr14 47264
chr14 43466
chr14 77770
chr14 5011
chr14 76787
chr14 25682
chr14 183260
chr14 54662
chr14 105036
chr14 4409
chr14 103942
chr14 65627
chr14 22697
chr14 36738
chr14 11892
chr14 76185
chr14 5046
chr14 64801
chr14 210793
chr14 19994
chr14 41876
chr14 19745
chr14 241678
chr14 21551
chr14 473830
chr14 239989
chr14 56388
chr14 114798
chr14 46878
chr14 82601
chr14 9522
chr14 51799
chr14 14914
chr14 96701
chr14 212877
chr14 102886
chr14 53035
chr14 38538
chr14 113639
chr14 26121
chr14 17179
chr14 39163
chr14 267412
chr14 60578
chr14 117379
chr14 125012
chr14 17699
chr14 26260
chr14 9291
chr14 2199
chr14 114250
chr14 87571
chr14 146671
chr14 107376
chr14 58984
chr14 166333
chr14 278
chr14 194
chr14 28039
chr14 285175
chr14 9976
chr14 7254
chr14 29574
chr14 32308
chr14 48382
chr14 20
chr14 112296
chr14 10891
chr14 339415
chr14 324453
chr14 14704
chr14 117967
chr14 393061
chr14 109
chr14 249887
chr14 84839
chr14 13528
chr14 31607
chr14 12356
chr14 138363
chr14 71081
chr14 41245
chr14 12238
chr14 5369
chr14 10318
chr14 157368
chr14 13908
chr14 205242
chr14 56825
chr14 50823
chr14 68097
chr14 1912
chr14 47299
chr14 29928
chr14 31740
chr14 57038
chr14 33342
chr14 147862
chr14 30540
chr14 11653
chr14 93583
chr14 58539
chr14 15435
chr14 59710
chr14 51500
chr14 22523
chr14 50932
chr14 68646
chr14 126643
chr14 12443
chr14 13706
chr14 21370
chr14 36397
chr14 43323
chr14 52940
chr14 15054
chr14 16592
chr14 91554
chr14 17804
chr14 19559
chr14 6728
chr14 119617
chr14 36193
chr14 66469
chr14 56228
chr14 79415
chr14 250
chr14 71006
chr14 24765
chr14 37116
chr14 90409
chr14 30097
chr14 52254
chr14 40756
chr14 46983
chr14 1119
chr14 69711
chr14 41394
chr14 5989
chr14 10912
chr14 36701
chr14 237811
chr14 80904
chr14 11435
chr14 119632
chr14 2573
chr14 5059
chr14 31050
chr14 4391
chr14 4511
chr14 6559
chr14 21836
chr14 14423
chr14 32424
chr14 64309
chr14 32027
chr14 126004
chr14 101350
chr14 6448
chr14 13591
chr14 8432
chr14 71802
chr14 63177
chr14 10207
chr14 37880
chr14 9610
chr14 122825
chr14 23433
chr14 32073
chr14 101636
chr14 120229
chr14 19835
chr14 27651
chr14 13665
chr14 33760
chr14 177959
chr14 17859
chr14 9640
chr14 51922
chr14 25038
chr14 24349
chr14 68193
chr14 85306
chr14 14347
chr14 23792
chr14 57456
chr14 74078
chr14 6567
chr14 8200
chr14 37788
chr14 10537
chr14 11133
chr14 24794
chr14 24996
chr14 96149
chr14 4212
chr14 30082
chr14 7948
chr14 194
chr14 31362
chr14 15401
chr14 71438
chr14 4994
chr14 32957
chr14 116
chr14 17837
chr14 190
chr14 40079
chr14 817
chr14 43774
chr14 9619
chr14 7565
chr14 45787
chr14 103285
chr14 13694
chr14 83544
chr14 91007
chr14 14729
chr14 38753
chr14 48347
chr14 4403
chr14 339
chr14 17428
chr14 48
chr14 3463
chr14 72798
chr14 6934
chr14 7590
chr14 12769
chr14 17372
chr14 7895
chr14 19795
chr14 5674
chr14 3714
chr14 96582
chr14 34567
chr14 36160
chr14 40735
chr14 130943
chr14 4508
chr14 51225
chr14 40464
chr14 11314
chr14 6209
chr14 23877
chr14 103877
chr14 212437
chr14 27639
chr14 38458
chr14 50713
chr14 22
chr14 58827
chr14 40842
chr14 42097
chr14 116961
chr14 68436
chr14 29320
chr14 33105
chr14 19224
chr14 148854
chr14 2767
chr14 87156
chr14 24101
chr14 27724
chr14 26684
chr14 8655
chr14 129556
chr14 32841
chr14 78219
chr14 74934
chr14 28890
chr14 81430
chr14 40824
chr14 31455
chr14 50562
chr14 73
chr14 42286
chr14 8927
chr14 13032
chr14 70907
chr14 100398
chr14 424997
chr14 24630
chr14 97234
chr14 41929
chr14 49517
chr14 6428
chr14 29744
chr14 24574
chr14 26121
chr14 21383
chr14 50169
chr14 55033
chr14 26291
chr14 37599
chr14 95391
chr14 43123
chr14 79701
chr14 60006
chr14 117
chr14 85175
chr14 9015
chr14 46468
chr14 19827
chr14 5261
chr14 33993
chr14 151695
chr14 10374
chr14 13919
chr14 29485
chr14 23731
chr14 17356
chr14 14475
chr14 85913
chr14 76
chr14 5083
chr14 19961
chr14 60688
chr14 51975
chr14 88
chr14 11297
chr14 135746
chr14 68476
chr14 76544
chr14 63
chr14 7656
chr14 110548
chr14 12425
chr14 3411
chr14 66435
chr14 149448
chr14 139853
chr14 34333
chr14 21845
chr14 122081
chr14 136003
chr14 116150
chr14 48225
chr14 53817
chr14 10782
chr14 16683
chr14 29678
chr14 151834
chr14 6824
chr14 40594
chr14 11492
chr14 70154
chr14 33246
chr14 4949
chr14 38188
chr14 83889
chr14 23261
chr14 18840
chr14 45794
chr14 27416
chr14 110873
chr14 1479
chr14 129210
chr14 12590
chr14 12756
chr14 114004
chr14 17794
chr14 8500
chr14 25391
chr14 6024
chr14 57571
chr14 73079
chr14 105509
chr14 27866
chr14 5580
chr14 364218
chr14 339302
chr14 274774
chr14 28
chr14 33928
chr14 61902
chr14 71079
chr14 511275
chr14 83935
chr14 15762
chr14 72526
chr14 186849
chr14 23702
chr14 19042
chr14 55339
chr14 2496
chr14 288904
chr14 39912
chr14 38990
chr14 280911
chr14 50331
chr14 64213
chr14 230314
chr14 65533
chr14 16259
chr14 47011
chr14 200424
chr14 194849
chr14 56982
chr14 30929
chr14 176607
chr14 25418
chr14 55466
chr14 49985
chr14 2
chr14 92893
chr14 104862
chr14 52328
chr14 123864
chr14 12883
chr14 61188
chr14 9476
chr14 116162
chr14 23299
chr14 95212
chr14 116602
chr14 33872
chr14 107251
chr14 459449
chr14 35364
chr14 77505
chr14 161715
chr14 228746
chr14 147540
chr14 112
chr14 116385
chr14 18331
chr14 99036
chr14 81380
chr14 245
chr14 72450
chr14 50131
chr14 40
chr14 62527
chr14 12456
chr14 227740
chr14 20761
chr14 104102
chr14 8303
chr14 29205
chr14 247948
chr14 375409
chr14 79451
chr14 10071
chr14 117793
chr14 29717
chr14 79527
chr14 32238
chr14 72932
chr14 45647
chr14 9608
chr14 14359
chr14 6953
chr14 14875
chr14 2590
chr14 413
chr14 11243
chr14 296
chr14 36793
chr14 38426
chr14 2116
chr14 15195
chr14 23592
chr14 14922
chr14 7125
chr14 7057
chr14 21090
chr14 27736
chr14 31419
chr14 14171
chr14 35263
chr14 12088
chr14 16302
chr14 2235
chr14 49287
chr14 98730
chr14 68719
chr14 456309
chr14 47843
chr14 162846
chr14 146311
chr14 137416
chr14 205567
chr14 163952
chr14 122210
chr14 38175
chr14 92660
chr14 13926
chr14 5014
chr14 223851
chr14 20487
chr14 38614
chr14 26921
chr14 14919
chr14 28776
chr14 12995
chr14 38530
chr14 3629
chr14 71020
chr14 185909
chr14 6417
chr14 31569
chr14 12804
chr14 61288
chr14 2527
chr14 20702
chr14 50727
chr14 14583
chr14 227153
chr14 65796
chr14 20232
chr14 5899
chr14 50622
chr14 27782
chr14 99976
chr14 427915
chr14 9917
chr14 183847
chr14 15950
chr14 32676
chr14 135231
chr14 77466
chr14 25610
chr14 40382
chr14 6566
chr14 50992
chr14 1026
chr14 124636
chr14 22953
chr14 112263
chr14 23140
chr14 21963
chr14 72421
chr14 22384
chr14 48139
chr14 22863
chr14 8780
chr14 47081
chr14 294956
chr14 9421
chr14 91357
chr14 136613
chr14 658073
chr14 1001042
chr14 48
chr14 95243
chr14 52103
chr14 21656
chr14 400745
chr14 105814
chr14 52673
chr14 27924
chr14 172083
chr14 77759
chr14 1979
chr14 17516
chr14 26056
chr14 36034
chr14 186841
chr14 20645
chr14 143622
chr14 39917
chr14 32177
chr14 11537
chr14 48187
chr14 136515
chr14 49068
chr14 57762
chr14 10526
chr14 91592
chr14 3927
chr14 22670
chr14 59742
chr14 65631
chr14 41638
chr14 16030
chr14 60182
chr14 85539
chr14 16048
chr14 38208
chr14 78282
chr14 38959
chr14 59828
chr14 54243
chr14 88124
chr14 152331
chr14 175932
chr14 82929
chr14 221496
chr14 41483
chr14 168362
chr14 43895
chr14 70186
chr14 209240
chr14 88405
chr14 26784
chr14 519133
chr14 59559
chr14 88224
chr14 50271
chr14 633274
chr14 144487
chr14 4177
chr14 17876
chr14 24704
chr14 12526
chr14 67129
chr14 1088
chr14 71324
chr14 35316
chr14 77879
chr14 1061
chr14 2187
chr14 22671
chr14 210459
chr14 133298
chr14 58504
chr14 102704
chr14 25303
chr14 53
chr14 14109
chr14 356202
chr14 176095
chr14 19342
chr14 180425
chr14 26554
chr14 60278
chr14 70161
chr14 48823
chr14 14
chr14 49351
chr14 93781
chr14 154991
chr14 7996
chr14 49610
chr14 17385
chr14 3810
chr14 13905
chr14 23534
chr14 273464
chr14 16085
chr14 150649
chr14 239049
chr14 196351
chr14 80710
chr14 15631
chr14 511033
chr14 67445
chr14 140902
chr14 342379
chr14 848
chr14 257225
chr14 376199
chr14 72424
chr14 664626
chr14 79895
chr14 694902
chr14 136510
chr14 517755
chr14 645434
chr14 135170
chr14 173625
chr14 312208
chr14 132755
chr14 214
chr14 56206
chr14 75956
chr14 50673
chr14 58728
chr14 10540
chr14 11969
chr14 136412
chr14 78385
chr14 12111
chr14 75
chr14 27007
chr14 31356
chr14 159319
chr14 4738
chr14 2656
chr14 4030
chr14 108174
chr14 9
chr14 19701
chr14 16871
chr14 10623
chr14 61672
chr14 143498
chr14 9287
chr14 10520
chr14 163168
chr14 32
chr14 22457
chr14 50919
chr14 7800
chr14 14913
chr14 11155
chr14 52139
chr14 148566
chr14 38238
chr14 45466
chr14 11520
chr14 14604
chr14 13366
chr14 97926
chr14 21200
chr14 63979
chr14 41991
chr14 57742
chr14 41441
chr14 107627
chr14 8247
chr14 79594
chr14 120846
chr14 7811
chr14 25800
chr14 501039
chr14 2829
chr14 52665
chr14 25
chr14 104019
chr14 88836
chr14 69149
chr14 27248
chr14 53720
chr14 57999
chr14 143663
chr14 169265
chr14 166145
chr14 231004
chr14 215964
chr14 61960
chr14 337763
chr14 11392
chr14 302785
chr14 111
chr14 21243
chr14 382130
chr14 92376
chr14 78825
chr14 141886
chr14 50216
chr14 41950
chr14 194550
chr14 164037
chr14 204469
chr14 192836
chr14 36162
chr14 119108
chr14 46509
chr14 19323
chr14 17357
chr14 37297
chr14 201679
chr14 212057
chr14 44138
chr14 22724
chr14 56639
chr14 16418
chr14 14252
chr14 2114
chr14 15087
chr14 84
chr14 11473
chr14 9737
chr14 92125
chr14 9356
chr14 48926
chr14 190
chr14 70973
chr14 4746
chr14 77865
chr14 25409
chr14 48392
chr14 133339
chr14 19395
chr14 68145
chr14 20677
chr14 52413
chr14 40051
chr14 44493
chr14 23800
chr14 73723
chr14 27580
chr14 36069
chr14 258896
chr14 39709
chr14 39748
chr14 195112
chr14 124
chr14 225072
chr14 84312
chr14 72107
chr14 86493
chr14 24111
chr14 79052
chr14 8666
chr14 244649
chr14 22473
chr14 47
chr14 7918
chr14 36749
chr14 12132
chr14 200504
chr14 66076
chr14 77088
chr14 34118
chr14 62
chr14 46631
chr14 91992
chr14 48336
chr14 16796
chr14 60208
chr14 490095
chr14 190391
chr14 4
chr14 114474
chr14 9579
chr14 127006
chr14 214178
chr14 16500
chr14 38164
chr14 248
chr14 408671
chr14 150300
chr14 15818
chr14 255553
chr14 462624
chr14 105595
chr14 681262
chr14 9535
chr14 189696
chr14 12516
chr14 240650
chr14 24371
chr14 194031
chr14 180348
chr14 179572
chr14 694698
chr14 38734
chr14 92378
chr14 369892
chr14 320242
chr14 245642
chr14 25322
chr14 549
chr14 389749
chr14 161788
chr14 159661
chr14 46926
chr14 8
chr14 66276
chr14 401167
chr14 170326
chr14 31
chr14 73772
chr14 92016
chr14 370965
chr14 50
chr14 25651
chr14 5709
chr14 19727
chr14 72806
chr14 133886
chr14 286389
chr14 55868
chr14 139701
chr14 128467
chr14 56303
chr14 27433
chr14 193771
chr14 29431
chr14 149
chr14 597965
chr14 15691
chr14 78240
chr14 2620
chr14 214680
chr14 13
chr14 26326
chr14 39302
chr14 70313
chr14 14831
chr14 46744
chr14 362090
chr14 242253
chr14 563626
chr14 43172
chr14 363058
chr14 311790
chr14 30
chr14 78190
chr14 42546
chr14 87809
chr14 159319
chr14 4536
chr14 63363
chr14 61733
chr14 135196
chr14 116557
chr14 661094
chr14 146682
chr14 38
chr14 542908
chr14 364819
chr14 256367
chr14 30
chr14 381007
chr14 114849
chr14 85499
chr14 7811
chr14 62
chr14 192463
chr14 52
chr14 587849
chr14 116
chr14 239471
chr14 1212
chr14 244757
chr14 68765
chr14 156642
chr14 45479
chr14 84276
chr14 23917
chr14 30023
chr14 40947
chr14 24586
chr14 46006
chr14 20880
chr14 14734
chr14 228542
chr14 58175
chr14 62902
chr14 1829
chr14 9807
chr14 12638
chr14 36238
chr14 7329
chr14_GL000009v2_random 66166
chr14_GL000009v2_random 49404
chr14_GL000009v2_random 32172
chr14_GL000009v2_random 1304
chr14_GL000009v2_random 10797
chr14_GL000009v2_random 17778
chr14_GL000194v1_random 75917
chr14_GL000194v1_random 32200
chr14_GL000194v1_random 12559
chr14_GL000194v1_random 17703
chr14_GL000225v1_random 76494
chr14_GL000225v1_random 57695
chr14_KI270722v1_random 12259
chr14_KI270722v1_random 32119
chr14_KI270722v1_random 17279
chr14_KI270722v1_random 49001
chr14_KI270725v1_random 30645
chr14_KI270725v1_random 15313
chr15 15974
chr15 2918398
chr15 31827
chr15 20914
chr15 24731
chr15 4240
chr15 81233
chr15 11650
chr15 65216
chr15 10
chr15 140561
chr15 32002
chr15 8473
chr15 8009
chr15 56
chr15 26747
chr15 189063
chr15 34136
chr15 20247
chr15 33
chr15 84067
chr15 27435
chr15 72564
chr15 144745
chr15 8557
chr15 2825
chr15 42154
chr15 85469
chr15 11636
chr15 160346
chr15 17625
chr15 22020
chr15 67333
chr15 138008
chr15 16494
chr15 8564
chr15 2827
chr15 100302
chr15 83846
chr15 224511
chr15 25190
chr15 853
chr15 18196
chr15 89147
chr15 34258
chr15 49667
chr15 167950
chr15 34182
chr15 248204
chr15 64906
chr15 30451
chr15 355467
chr15 18277
chr15 5637
chr15 87207
chr15 74156
chr15 32576
chr15 168604
chr15 127913
chr15 64367
chr15 2460
chr15 57475
chr15 271296
chr15 8418
chr15 41112
chr15 3567
chr15 40156
chr15 315045
chr15 214702
chr15 60054
chr15 28574
chr15 2631
chr15 376338
chr15 159338
chr15 31097
chr15 374
chr15 130
chr15 6005
chr15 12108
chr15 97907
chr15 49275
chr15 22587
chr15 48772
chr15 18
chr15 85817
chr15 14966
chr15 246651
chr15 97504
chr15 211840
chr15 28752
chr15 50273
chr15 269504
chr15 276244
chr15 119136
chr15 254587
chr15 27
chr15 11030
chr15 39824
chr15 53224
chr15 33909
chr15 121373
chr15 41018
chr15 36735
chr15 353020
chr15 82760
chr15 37127
chr15 286197
chr15 246
chr15 153434
chr15 38648
chr15 309038
chr15 240788
chr15 13894
chr15 50398
chr15 95610
chr15 14085
chr15 119100
chr15 67002
chr15 28405
chr15 93422
chr15 152548
chr15 153997
chr15 200007
chr15 81348
chr15 57721
chr15 29141
chr15 44693
chr15 22512
chr15 73478
chr15 126506
chr15 114042
chr15 119683
chr15 53827
chr15 38871
chr15 67367
chr15 138933
chr15 262624
chr15 353736
chr15 13324
chr15 9077
chr15 90026
chr15 31660
chr15 130106
chr15 82
chr15 19772
chr15 12194
chr15 87904
chr15 81323
chr15 58758
chr15 62904
chr15 81351
chr15 22541
chr15 44673
chr15 45378
chr15 41398
chr15 114157
chr15 45440
chr15 125698
chr15 79751
chr15 158595
chr15 41569
chr15 25772
chr15 56870
chr15 133189
chr15 58953
chr15 108643
chr15 169008
chr15 20273
chr15 59166
chr15 51182
chr15 20
chr15 61270
chr15 13468
chr15 114851
chr15 11819
chr15 24527
chr15 1708
chr15 36680
chr15 44571
chr15 197
chr15 54935
chr15 117113
chr15 31823
chr15 83102
chr15 171922
chr15 28329
chr15 66883
chr15 32102
chr15 47129
chr15 19175
chr15 173983
chr15 100843
chr15 203013
chr15 29326
chr15 114436
chr15 63339
chr15 13236
chr15 26299
chr15 6666
chr15 55922
chr15 102569
chr15 170292
chr15 234739
chr15 138907
chr15 36493
chr15 12459
chr15 284552
chr15 329448
chr15 10473
chr15 74297
chr15 322624
chr15 15468
chr15 8132
chr15 22698
chr15 3468
chr15 5463
chr15 11084
chr15 51774
chr15 24684
chr15 9219
chr15 38
chr15 14000
chr15 27152
chr15 24198
chr15 35606
chr15 18527
chr15 43852
chr15 29184
chr15 8
chr15 8276
chr15 21147
chr15 82810
chr15 2921
chr15 209653
chr15 92808
chr15 20132
chr15 14068
chr15 142177
chr15 24451
chr15 20635
chr15 232320
chr15 35722
chr15 152508
chr15 18859
chr15 10034
chr15 176726
chr15 38342
chr15 2328
chr15 16952
chr15 3244
chr15 16543
chr15 29830
chr15 4602
chr15 115931
chr15 4497
chr15 28825
chr15 89822
chr15 98217
chr15 9423
chr15 29833
chr15 4484
chr15 44430
chr15 74287
chr15 49400
chr15 266683
chr15 136762
chr15 142054
chr15 158044
chr15 164334
chr15 297807
chr15 233463
chr15 172490
chr15 82000
chr15 203283
chr15 698138
chr15 169
chr15 51017
chr15 112425
chr15 39866
chr15 49109
chr15 59410
chr15 335413
chr15 128506
chr15 179067
chr15 19240
chr15 92926
chr15 59721
chr15 14443
chr15 41776
chr15 80106
chr15 4
chr15 30810
chr15 22606
chr15 103
chr15 81248
chr15 57613
chr15 512484
chr15 3832
chr15 52197
chr15 16716
chr15 7538
chr15 101217
chr15 28659
chr15 52332
chr15 126807
chr15 86963
chr15 248253
chr15 54471
chr15 56694
chr15 51673
chr15 5245
chr15 13712
chr15 18393
chr15 105390
chr15 18450
chr15 22853
chr15 238387
chr15 6583
chr15 29735
chr15 6135
chr15 230493
chr15 75546
chr15 116446
chr15 10559
chr15 14777
chr15 78113
chr15 17612
chr15 87053
chr15 3019
chr15 4408
chr15 28750
chr15 12640
chr15 49219
chr15 92747
chr15 80997
chr15 110692
chr15 27508
chr15 14084
chr15 61392
chr15 20807
chr15 16539
chr15 60998
chr15 57110
chr15 156793
chr15 84208
chr15 170894
chr15 102476
chr15 10300
chr15 158610
chr15 40530
chr15 24864
chr15 34126
chr15 212658
chr15 147632
chr15 129259
chr15 26754
chr15 127972
chr15 21656
chr15 11814
chr15 62211
chr15 278684
chr15 181364
chr15 109084
chr15 44321
chr15 268928
chr15 73239
chr15 184644
chr15 50348
chr15 6078
chr15 21050
chr15 166530
chr15 107805
chr15 16628
chr15 85192
chr15 75677
chr15 6768
chr15 43
chr15 29188
chr15 6950
chr15 75674
chr15 62839
chr15 27138
chr15 32621
chr15 40927
chr15 59637
chr15 6352
chr15 411177
chr15 51534
chr15 381779
chr15 47098
chr15 91683
chr15 384554
chr15 3740
chr15 61529
chr15 13464
chr15 9515
chr15 186
chr15 51688
chr15 52786
chr15 90694
chr15 70
chr15 66362
chr15 104964
chr15 522742
chr15 8548
chr15 6791
chr15 202369
chr15 110401
chr15 13988
chr15 8110
chr15 5398
chr15 64517
chr15 49115
chr15 4184
chr15 93506
chr15 8370
chr15 89163
chr15 51950
chr15 73798
chr15 60563
chr15 162722
chr15 119398
chr15 184166
chr15 80635
chr15 97294
chr15 22406
chr15 65244
chr15 54436
chr15 56700
chr15 6659
chr15 29158
chr15 80831
chr15 23998
chr15 109929
chr15 956
chr15 8124
chr15 101266
chr15 208815
chr15 102041
chr15 20142
chr15 8541
chr15 14520
chr15 35826
chr15 12981
chr15 19544
chr15 26977
chr15 55200
chr15 26343
chr15 1452
chr15 2968
chr15 3459
chr15 10948
chr15 43733
chr15 138693
chr15 35681
chr15 124928
chr15 64115
chr15 302736
chr15 97858
chr15 26773
chr15 24310
chr15 108155
chr15 17478
chr15 71639
chr15 120537
chr15 99654
chr15 28786
chr15 121
chr15 16141
chr15 11550
chr15 42526
chr15 33585
chr15 38
chr15 32449
chr15 125
chr15 24672
chr15 5940
chr15 149472
chr15 66724
chr15 115450
chr15 49758
chr15 66655
chr15 462356
chr15 254525
chr15 69796
chr15 89975
chr15 28555
chr15 48212
chr15 23550
chr15 32162
chr15 11773
chr15 198273
chr15 97949
chr15 7073
chr15 275754
chr15 513915
chr15 198704
chr15 81054
chr15 47800
chr15 36362
chr15 11658
chr15 65182
chr15 229818
chr15 78767
chr15 24458
chr15 14184
chr15 246649
chr15 26778
chr15 54163
chr15 46404
chr15 9892
chr15 23897
chr15 11288
chr15 407991
chr15 16949
chr15 487662
chr15 87331
chr15 11760
chr15 45916
chr15 30572
chr15 86421
chr15 39147
chr15 24783
chr15 2085
chr15 313196
chr15 127
chr15 7472
chr15 2654
chr15 40472
chr15 48155
chr15 4461
chr15 41876
chr15 6230
chr15 46458
chr15 32179
chr15 43899
chr15 286878
chr15 47264
chr15 65847
chr15 283593
chr15 64017
chr15 80117
chr15 203822
chr15 407135
chr15 118146
chr15 109395
chr15 112432
chr15 264663
chr15 91221
chr15 229268
chr15 625464
chr15 200277
chr15 246735
chr15 100392
chr15 974777
chr15 119446
chr15 144769
chr15 64764
chr15 127938
chr15 278
chr15 176919
chr15 24982
chr15 97009
chr15 490678
chr15 232773
chr15 223574
chr15 141749
chr15 275661
chr15 105817
chr15 18077
chr15 131952
chr15 76880
chr15 6717
chr15 15857
chr15 394719
chr15 52670
chr15 67545
chr15 90080
chr15 104780
chr15 80880
chr15 144240
chr15 174454
chr15 19
chr15 93747
chr15 31719
chr15 210638
chr15 47401
chr15 82991
chr15 179529
chr15 41346
chr15 13119
chr15 3273
chr15 50593
chr15 40915
chr15 236989
chr15 5732
chr15 47920
chr15 34581
chr15 47
chr15 37532
chr15 128715
chr15 73972
chr15 27270
chr15 292
chr15 122152
chr15 89
chr15 65444
chr15 558333
chr15 426027
chr15 323696
chr15 48568
chr15 58
chr15 315927
chr15 35453
chr15 12580
chr15 580016
chr15 354858
chr15 129134
chr15 898312
chr15 43313
chr15 103087
chr15 122
chr15 219907
chr15 74521
chr15 38
chr15 28678
chr15 79667
chr15 164643
chr15 162589
chr15 34913
chr15 46660
chr15 13628
chr15 22107
chr15 10907
chr15 148
chr15 314
chr15 111749
chr15 25239
chr15 17720
chr15 8106
chr15 5620
chr15 40
chr15 387
chr15 50037
chr15 50261
chr15 72462
chr15 84635
chr15 172604
chr15 25352
chr15 80612
chr15 459025
chr15 44051
chr15 56
chr15 111926
chr15 233984
chr15 82929
chr15 186280
chr15 192379
chr15 44849
chr15 309425
chr15 562638
chr15 228687
chr15 1503
chr15 587811
chr15 5756
chr15 81214
chr15 53404
chr15 16
chr15 26
chr15 520552
chr15 113217
chr15 56216
chr15 352249
chr15 31949
chr15 66768
chr15 42111
chr15 74024
chr15 73
chr15 11285
chr15 23449
chr15 53183
chr15 32684
chr15 463945
chr15 701
chr15 69055
chr15 31057
chr15 67951
chr15 52363
chr15 24382
chr15 405086
chr15 91436
chr15 479240
chr15 315508
chr15 39861
chr15 102269
chr15 109249
chr15 148041
chr15 114444
chr15 46923
chr15 58706
chr15 109952
chr15 80507
chr15 156348
chr15 79809
chr15 131973
chr15 6310
chr15 38900
chr15 185
chr15 137405
chr15 41594
chr15 65001
chr15 276338
chr15 92735
chr15 197856
chr15 17976
chr15 29418
chr15 58526
chr15 38831
chr15 26718
chr15 33952
chr15 86
chr15 115517
chr15 20062
chr15 84739
chr15 171621
chr15 17414
chr15 80043
chr15 22484
chr15 122147
chr15 13110
chr15 4896
chr15 1727
chr15 22110
chr15 14502
chr15 11087
chr15 47585
chr15 144553
chr15 474
chr15 32413
chr15 91182
chr15 9991
chr15 48451
chr15 18487
chr15 82284
chr15 6764
chr15 18441
chr15 51944
chr15 55609
chr15 13542
chr15 56294
chr15 31876
chr15 76149
chr15 32187
chr15 143387
chr15 36336
chr15 15391
chr15 50085
chr15 149738
chr15 112241
chr15 101987
chr15 158922
chr15 188258
chr15 444796
chr15 47523
chr15 483688
chr15 29437
chr15 292363
chr15 478685
chr15 81961
chr15 130866
chr15 54310
chr15 41145
chr15 263948
chr15 144423
chr15 14545
chr15 33732
chr15 68202
chr15 12975
chr15 87122
chr15 59995
chr15 21506
chr15 16883
chr15 5206
chr15 14755
chr15 501
chr15 112401
chr15 84231
chr15 33336
chr15 93948
chr15 10122
chr15 57
chr15 82617
chr15 239789
chr15 14368
chr15 82118
chr15 139
chr15 62778
chr15 50776
chr15 7616
chr15 50689
chr15 117825
chr15 52175
chr15 9159
chr15 77664
chr15 134434
chr15 38139
chr15 20880
chr15 171670
chr15 106975
chr15 134040
chr15 216088
chr15 10908
chr15 106787
chr15 43871
chr15 73986
chr15 965
chr15 9216
chr15 91574
chr15 24241
chr15 23956
chr15 21348
chr15 48882
chr15 40719
chr15 246158
chr15 42811
chr15 9943
chr15 32047
chr15 60010
chr15 222314
chr15 358338
chr15 10
chr15 66569
chr15 175223
chr15 116223
chr15 171303
chr15 247062
chr15 120278
chr15 17954
chr15 37672
chr15 392305
chr15 310251
chr15 139475
chr15 2954
chr15 95213
chr15 180030
chr15 61394
chr15 115779
chr15 58887
chr15 50509
chr15 56767
chr15 23343
chr15 18
chr15 60176
chr15 9672
chr15 21597
chr15 18983
chr15 25138
chr15 16402
chr15 35939
chr15 11255
chr15 5462
chr15 5316
chr15 28451
chr15 27517
chr15 7524
chr15 15529
chr15 51256
chr15 129521
chr15 172343
chr15 55683
chr15 30
chr15 44270
chr15 70546
chr15 18372
chr15 4372
chr15 113462
chr15 59729
chr15 194123
chr15 89283
chr15 347512
chr15 431249
chr15 40722
chr15 169550
chr15 79144
chr15 161508
chr15 27840
chr15 27979
chr15 4537
chr15 103144
chr15 72039
chr15 1539
chr15 7800
chr15 8
chr15 15871
chr15 18
chr15 10
chr15 41252
chr15 226429
chr15 6416
chr15 51410
chr15 20538
chr15 142412
chr15 59638
chr15 19270
chr15 15455
chr15 613503
chr15 115849
chr15 273512
chr15 162725
chr15 2244
chr15 7439
chr15 30567
chr15 39284
chr15 6179
chr15_KI270727v1_random 39842
chr15_KI270727v1_random 205268
chr15_KI270727v1_random 16494
chr15_KI270727v1_random 11510
chr15_KI270727v1_random 107458
chr15_KI270727v1_random 33928
chr16 1344213
chr16 514573
chr16 136
chr16 549281
chr16 254602
chr16 243772
chr16 56913
chr16 214252
chr16 394821
chr16 999709
chr16 1254
chr16 40085
chr16 63467
chr16 18868
chr16 3365
chr16 58393
chr16 6963
chr16 65003
chr16 72
chr16 128554
chr16 9068
chr16 164
chr16 137190
chr16 21326
chr16 8820
chr16 18566
chr16 87731
chr16 32889
chr16 26451
chr16 72624
chr16 97856
chr16 47903
chr16 105090
chr16 16953
chr16 65070
chr16 65942
chr16 87825
chr16 81885
chr16 48957
chr16 93551
chr16 147229
chr16 130799
chr16 40282
chr16 184609
chr16 22889
chr16 149642
chr16 121808
chr16 7664
chr16 50403
chr16 79011
chr16 32526
chr16 24504
chr16 442
chr16 41304
chr16 270216
chr16 278910
chr16 15396
chr16 308478
chr16 309527
chr16 6203
chr16 4982
chr16 19999
chr16 214262
chr16 45235
chr16 146899
chr16 4793
chr16 56352
chr16 195274
chr16 10937
chr16 7550
chr16 110304
chr16 6180
chr16 60250
chr16 14032
chr16 5643
chr16 89971
chr16 2
chr16 189641
chr16 2757
chr16 786769
chr16 153766
chr16 23
chr16 649721
chr16 31465
chr16 250362
chr16 139150
chr16 117856
chr16 82045
chr16 99224
chr16 98563
chr16 39632
chr16 37640
chr16 10283
chr16 9735
chr16 35409
chr16 8863
chr16 25495
chr16 29038
chr16 238848
chr16 48238
chr16 6382
chr16 104229
chr16 80639
chr16 82992
chr16 122734
chr16 350163
chr16 52
chr16 44089
chr16 64385
chr16 761974
chr16 174063
chr16 32022
chr16 193690
chr16 186497
chr16 437416
chr16 541110
chr16 16537
chr16 110568
chr16 22450
chr16 60359
chr16 20597
chr16 57759
chr16 12021
chr16 18928
chr16 67745
chr16 57440
chr16 44147
chr16 31678
chr16 109811
chr16 294747
chr16 114465
chr16 71560
chr16 25591
chr16 20770
chr16 48570
chr16 43618
chr16 128221
chr16 12016
chr16 24865
chr16 23422
chr16 24
chr16 17387
chr16 61818
chr16 74429
chr16 41789
chr16 454757
chr16 22420
chr16 8068
chr16 96896
chr16 34293
chr16 178766
chr16 59527
chr16 4333
chr16 160597
chr16 418569
chr16 73376
chr16 215897
chr16 31466
chr16 187971
chr16 159990
chr16 9476
chr16 39655
chr16 24511
chr16 84384
chr16 71814
chr16 26682
chr16 139687
chr16 21043
chr16 33
chr16 32627
chr16 176764
chr16 28582
chr16 97368
chr16 56263
chr16 99159
chr16 29593
chr16 50043
chr16 12098
chr16 22326
chr16 109573
chr16 121
chr16 251048
chr16 497
chr16 180056
chr16 120
chr16 479479
chr16 148634
chr16 120
chr16 151083
chr16 67178
chr16 22489
chr16 26876
chr16 72317
chr16 132
chr16 459139
chr16 476661
chr16 6829
chr16 24599
chr16 137244
chr16 96
chr16 80757
chr16 78247
chr16 200026
chr16 599098
chr16 454334
chr16 26676
chr16 10319
chr16 53783
chr16 19560
chr16 47229
chr16 130
chr16 33129
chr16 10993
chr16 39039
chr16 6133
chr16 9588
chr16 28028
chr16 60929
chr16 64466
chr16 34582
chr16 23556
chr16 15388
chr16 21469
chr16 47453
chr16 184294
chr16 44902
chr16 56162
chr16 208581
chr16 16474
chr16 133534
chr16 126150
chr16 89986
chr16 34530
chr16 40916
chr16 3842
chr16 27981
chr16 34636
chr16 4213
chr16 15780
chr16 2325
chr16 160606
chr16 99937
chr16 79254
chr16 270
chr16 461734
chr16 153400
chr16 44425
chr16 115366
chr16 234764
chr16 334455
chr16 356736
chr16 261570
chr16 172949
chr16 120
chr16 101385
chr16 119
chr16 739571
chr16 119
chr16 180985
chr16 305401
chr16 543363
chr16 22405
chr16 1067
chr16 30411
chr16 285976
chr16 26276
chr16 1828
chr16 34681
chr16 49006
chr16 4705
chr16 30732
chr16 52334
chr16 3
chr16 70194
chr16 71
chr16 67851
chr16 100819
chr16 147273
chr16 107114
chr16 84503
chr16 302676
chr16 125261
chr16 72946
chr16 59
chr16 102355
chr16 9046
chr16 135814
chr16 109951
chr16 262359
chr16 123668
chr16 177182
chr16 9025
chr16 102052
chr16 97337
chr16 68890
chr16 14502
chr16 53000
chr16 18767
chr16 884187
chr16 212
chr16 17468
chr16 9759
chr16 6361
chr16 55304
chr16 112047
chr16 3191
chr16 7060
chr16 122884
chr16 2046
chr16 119650
chr16 70312
chr16 61402
chr16 30396
chr16 15137
chr16 64017
chr16 45097
chr16 39
chr16 2254
chr16 46058
chr16 90596
chr16 64857
chr16 62180
chr16 10403681
chr16 45392
chr16 49694
chr16 419864
chr16 45954
chr16 46016
chr16 92442
chr16 28090
chr16 104133
chr16 2608
chr16 90515
chr16 119211
chr16 17000
chr16 71667
chr16 1290
chr16 72610
chr16 102802
chr16 53
chr16 30967
chr16 64482
chr16 12615
chr16 252836
chr16 734
chr16 21939
chr16 50942
chr16 70402
chr16 159075
chr16 150315
chr16 2066
chr16 36120
chr16 371
chr16 18105
chr16 23582
chr16 81464
chr16 5455
chr16 123705
chr16 39142
chr16 90933
chr16 88760
chr16 46186
chr16 53430
chr16 362832
chr16 23011
chr16 728949
chr16 332946
chr16 346521
chr16 35870
chr16 25970
chr16 139905
chr16 17765
chr16 86649
chr16 143456
chr16 43270
chr16 400438
chr16 84256
chr16 12687
chr16 126418
chr16 7783
chr16 30253
chr16 9984
chr16 82130
chr16 61612
chr16 75593
chr16 4797
chr16 38
chr16 393678
chr16 34309
chr16 50745
chr16 28140
chr16 18719
chr16 53792
chr16 51337
chr16 65330
chr16 227321
chr16 58094
chr16 342
chr16 281209
chr16 77
chr16 535547
chr16 27222
chr16 12854
chr16 320430
chr16 87681
chr16 98118
chr16 15168
chr16 7357
chr16 108346
chr16 3633
chr16 183074
chr16 11687
chr16 137141
chr16 124911
chr16 244837
chr16 16184
chr16 354561
chr16 124051
chr16 39476
chr16 20984
chr16 15640
chr16 221142
chr16 138137
chr16 86
chr16 43805
chr16 739349
chr16 537932
chr16 472317
chr16 306182
chr16 54912
chr16 73223
chr16 15273
chr16 42535
chr16 17997
chr16 55875
chr16 17593
chr16 49768
chr16 29002
chr16 7966
chr16 35852
chr16 196371
chr16 329
chr16 16958
chr16 41793
chr16 19025
chr16 95135
chr16 95212
chr16 116463
chr16 28901
chr16 25988
chr16 48221
chr16 41655
chr16 2119
chr16 47810
chr16 13618
chr16 15
chr16 1604
chr16 18837
chr16 1427
chr16 18871
chr16 2340
chr16 29538
chr16 6873
chr16 47999
chr16 24776
chr16 92998
chr16 27480
chr16 23161
chr16 37659
chr16 112207
chr16 256713
chr16 52591
chr16 8081
chr16 2455
chr16 8638
chr16 22124
chr16 59505
chr16 17759
chr16 24096
chr16 45173
chr16 30774
chr16 137075
chr16 241
chr16 38836
chr16 3218
chr16 212
chr16 5355
chr16 38696
chr16 34729
chr16 31430
chr16 43230
chr16 121145
chr16 13706
chr16 177408
chr16 22461
chr16 7637
chr16 13503
chr16 176
chr16 28262
chr16 79033
chr16 31822
chr16 28834
chr16 55589
chr16 88061
chr16 31253
chr16 3371
chr16 54687
chr16 6768
chr16 19
chr16 93623
chr16 86075
chr16 32413
chr16 50653
chr16 17414
chr16 84022
chr16 28948
chr16 20196
chr16 107989
chr16 59795
chr16 26341
chr16 3560
chr16 92254
chr16 20016
chr16 38
chr16 197257
chr16 163418
chr16 133208
chr16 27193
chr16 252
chr16 18950
chr16 158501
chr16 98152
chr16 15223
chr16 37409
chr16 49819
chr16 20036
chr16 107031
chr16 20164
chr16 205
chr16 41650
chr16 62016
chr16 37429
chr16 45889
chr16 111686
chr16 169902
chr16 8038
chr16 230810
chr16 6154
chr16 36563
chr16 36272
chr16 163405
chr16 8146
chr16 136684
chr16 21781
chr16 1674
chr16 156495
chr16 12
chr16 83440
chr16 35961
chr16 116914
chr16 303385
chr16 59778
chr16 6831
chr16 201346
chr16 165728
chr16 433955
chr16 28
chr16 12224
chr16 189396
chr16 196297
chr16 203691
chr16 113543
chr16 10629
chr16 20
chr16 2308985
chr16 265755
chr16 225008
chr16 116109
chr16 202894
chr16 181
chr16 445233
chr16 185663
chr16 49
chr16 142675
chr16 37356
chr16 10051
chr16 176649
chr16 18473
chr16 75304
chr16 574611
chr16 269027
chr16 182026
chr16 15343
chr16 7534
chr16 91486
chr16 80040
chr16 10644
chr16 13217
chr16 21772
chr16 15232
chr16 115885
chr16 584082
chr16 420529
chr16 55111
chr16 70640
chr16 110868
chr16 15855
chr16 187820
chr16 19174
chr16 351360
chr16 186179
chr16 160867
chr16 771652
chr16 86652
chr16 154427
chr16 11041
chr16 65107
chr16 57659
chr16 79527
chr16 17668
chr16 23409
chr16 114474
chr16 50470
chr16 292
chr16 26277
chr16 41748
chr16 134846
chr16 91269
chr16 1429
chr16 11438
chr16 86821
chr16 115839
chr16 59098
chr16 18640
chr16 6860
chr16 82310
chr16 138794
chr16 136788
chr16 9308
chr16 15369
chr16 208045
chr16 19226
chr16 559
chr16 16089
chr16 49845
chr16 79455
chr16 195397
chr16 233352
chr16 393798
chr16 76555
chr16 201790
chr16 180416
chr16 290649
chr16 19555
chr16 50188
chr16 520
chr16 49074
chr16 30374
chr16 157822
chr16 26552
chr16 1
chr16 194606
chr16 77678
chr16 17599
chr16 284677
chr16 89128
chr16 23878
chr16 240811
chr16 99484
chr16 44011
chr16 2441
chr16 4570
chr16 4113
chr16 16
chr16 32997
chr16 58655
chr16 48815
chr16 60894
chr16 22926
chr16 28329
chr16 446056
chr16 11500
chr16 47649
chr16 10476
chr16 395387
chr16 265
chr16 27002
chr16 46028
chr16 69675
chr16 27688
chr16 14
chr16 60730
chr16 101830
chr16 142
chr16 58396
chr16 99523
chr16 30879
chr16 41984
chr16 38152
chr16 85360
chr16 28693
chr16 257236
chr16 354872
chr16 223154
chr16 65889
chr16 303528
chr16 135154
chr16 49399
chr16 41
chr16 427577
chr16 143
chr16 34580
chr16 27076
chr16 22957
chr16 497003
chr16 151310
chr16 381
chr16 441290
chr16 141
chr16 268309
chr16 218596
chr16 43456
chr16 121744
chr16 11411
chr16 43747
chr16 62
chr16 7849
chr16 30229
chr16 224897
chr16 126
chr16 50171
chr16 76744
chr16 265291
chr16 124572
chr16 143426
chr16 53573
chr16 293320
chr16 20
chr16 235921
chr16 26
chr16 26
chr16 7
chr16 475585
chr16 1039657
chr16 659737
chr16 82
chr16 115227
chr16_KI270728v1_random 2548
chr16_KI270728v1_random 85004
chr16_KI270728v1_random 224421
chr16_KI270728v1_random 2525
chr16_KI270728v1_random 551879
chr16_KI270728v1_random 126873
chr16_KI270728v1_random 41
chr16_KI270728v1_random 14963
chr16_KI270728v1_random 59738
chr16_KI270728v1_random 100256
chr16_KI270728v1_random 9042
chr16_KI270728v1_random 218998
chr16_KI270728v1_random 225971
chr16_KI270728v1_random 11310
chr16_KI270728v1_random 108
chr16_KI270728v1_random 90110
chr17 36895
chr17 10433
chr17 321428
chr17 40230
chr17 194934
chr17 229887
chr17 253427
chr17 17633
chr17 234501
chr17 592496
chr17 494961
chr17 6952
chr17 363261
chr17 21765
chr17 31175
chr17 42398
chr17 4844
chr17 12840
chr17 21799
chr17 3347
chr17 23549
chr17 32057
chr17 7938
chr17 28427
chr17 30518
chr17 7924
chr17 6724
chr17 18560
chr17 17779
chr17 37179
chr17 41
chr17 25866
chr17 3514
chr17 49733
chr17 54213
chr17 60281
chr17 160751
chr17 1463555
chr17 23741
chr17 63080
chr17 298241
chr17 95542
chr17 94202
chr17 80397
chr17 84449
chr17 26231
chr17 9007
chr17 17503
chr17 127230
chr17 39605
chr17 1237
chr17 198956
chr17 40612
chr17 8987
chr17 14714
chr17 295740
chr17 10083
chr17 15322
chr17 35911
chr17 25248
chr17 80781
chr17 67711
chr17 9404
chr17 121265
chr17 45563
chr17 97071
chr17 1457316
chr17 76418
chr17 113
chr17 67139
chr17 28938
chr17 50201
chr17 321188
chr17 90766
chr17 283890
chr17 129559
chr17 65009
chr17 54979
chr17 27410
chr17 205
chr17 85308
chr17 30767
chr17 5978
chr17 254890
chr17 295901
chr17 75412
chr17 230667
chr17 8634
chr17 4046
chr17 30617
chr17 131329
chr17 32119
chr17 43609
chr17 57310
chr17 113906
chr17 68505
chr17 9347
chr17 35970
chr17 9
chr17 22006
chr17 13893
chr17 40534
chr17 5454
chr17 31683
chr17 105410
chr17 33
chr17 12049
chr17 165588
chr17 50070
chr17 15896
chr17 318552
chr17 61863
chr17 21474
chr17 8832
chr17 32897
chr17 311990
chr17 169419
chr17 108935
chr17 214167
chr17 63490
chr17 120
chr17 240204
chr17 39956
chr17 176037
chr17 59685
chr17 136913
chr17 151959
chr17 88005
chr17 174850
chr17 49631
chr17 148484
chr17 30440
chr17 5376
chr17 13093
chr17 113055
chr17 82875
chr17 34166
chr17 78431
chr17 57430
chr17 107508
chr17 87540
chr17 5116
chr17 145071
chr17 18671
chr17 53596
chr17 84970
chr17 59960
chr17 19127
chr17 355378
chr17 8004
chr17 348604
chr17 285350
chr17 200892
chr17 85769
chr17 103608
chr17 257704
chr17 7
chr17 344752
chr17 36
chr17 147350
chr17 651921
chr17 213411
chr17 20466
chr17 75758
chr17 494273
chr17 104021
chr17 610009
chr17 169450
chr17 181597
chr17 64243
chr17 61
chr17 26331
chr17 71633
chr17 24375
chr17 67031
chr17 124289
chr17 20533
chr17 106103
chr17 254613
chr17 150
chr17 71634
chr17 292318
chr17 83387
chr17 147791
chr17 7655
chr17 23792
chr17 101813
chr17 480025
chr17 406351
chr17 2838
chr17 16969
chr17 120670
chr17 19465
chr17 16002
chr17 4010283
chr17 352436
chr17 111954
chr17 19767
chr17 60454
chr17 46004
chr17 148887
chr17 22790
chr17 290976
chr17 10547
chr17 306361
chr17 120245
chr17 103334
chr17 518812
chr17 457559
chr17 9698
chr17 274
chr17 10009
chr17 54
chr17 469131
chr17 12151
chr17 162964
chr17 124766
chr17 61253
chr17 1525
chr17 317750
chr17 39237
chr17 12929
chr17 14086
chr17 87635
chr17 556987
chr17 33468
chr17 23520
chr17 112167
chr17 376970
chr17 121233
chr17 163191
chr17 66172
chr17 188941
chr17 333694
chr17 101957
chr17 208550
chr17 100740
chr17 18951
chr17 89541
chr17 206112
chr17 136747
chr17 16432
chr17 98623
chr17 271058
chr17 38815
chr17 2698
chr17 52307
chr17 294806
chr17 8360
chr17 23088
chr17 6689
chr17 101
chr17 65956
chr17 44872
chr17 6376
chr17 31113
chr17 15608
chr17 295765
chr17 60281
chr17 7042
chr17 198505
chr17 86065
chr17 149822
chr17 17955
chr17 83530
chr17 28573
chr17 17715
chr17 71471
chr17 38
chr17 119270
chr17 2637
chr17 7608
chr17 486456
chr17 105051
chr17 109834
chr17 89298
chr17 34324
chr17 43666
chr17 453599
chr17 62971
chr17 480959
chr17 366543
chr17 21346
chr17 374
chr17 127944
chr17 42055
chr17 6213
chr17 73116
chr17 89366
chr17 34352
chr17 35966
chr17 1151168
chr17 63809
chr17 886491
chr17 231308
chr17 17410
chr17 143157
chr17 125151
chr17 38748
chr17 89383
chr17 24468
chr17 76419
chr17 36262
chr17 44456
chr17 12327
chr17 53826
chr17 880
chr17 1369
chr17 28628
chr17 38835
chr17 33688
chr17 65025
chr17 99435
chr17 9321
chr17 137
chr17 137737
chr17 63247
chr17 588222
chr17 4329
chr17 213766
chr17 61900
chr17 596900
chr17 49232
chr17 46345
chr17 33
chr17 5926
chr17 1123
chr17 4327
chr17 6007
chr17 14654
chr17 4593
chr17 1635
chr17 4710
chr17 6014
chr17 6022
chr17 5993
chr17 166554
chr17 330004
chr17 689486
chr17 312
chr17 298950
chr17 577833
chr17 313931
chr17 2
chr17 282830
chr17 165462
chr17 343996
chr17 486638
chr17 406453
chr17 20331
chr17 34919
chr17 177506
chr17 185945
chr17 112314
chr17 558208
chr17 250390
chr17 746122
chr17 37
chr17 25748
chr17 29
chr17 988550
chr17 336392
chr17 138585
chr17 350238
chr17 7248
chr17 16486
chr17 56762
chr17 85075
chr17 41746
chr17 8113
chr17 10305
chr17 6701
chr17 22608
chr17 25376
chr17 12112
chr17 15696
chr17 104317
chr17 14153
chr17 96039
chr17 144421
chr17 176041
chr17 56179
chr17 96709
chr17 5566
chr17 41850
chr17 10575
chr17 7813
chr17 66463
chr17 4458
chr17 3335
chr17 34445
chr17 88229
chr17 62
chr17 106061
chr17 79638
chr17 7897
chr17 31103
chr17 188204
chr17 195758
chr17 50331
chr17 7992
chr17 25868
chr17 66810
chr17 1015
chr17 36261
chr17 9608
chr17 55667
chr17 87069
chr17 250017
chr17 11612
chr17 13485
chr17 7828
chr17 952
chr17 56878
chr17 17829
chr17 45433
chr17 13334
chr17 44111
chr17 104462
chr17 23887
chr17 34174
chr17 28711
chr17 11025
chr17 11062
chr17 25450
chr17 78509
chr17 41223
chr17 3313
chr17 121697
chr17 97610
chr17 42348
chr17 56914
chr17 317
chr17 46667
chr17 3395
chr17 15692
chr17 54742
chr17 34263
chr17 25501
chr17 230878
chr17 4412
chr17 39913
chr17 124153
chr17 31734
chr17 110319
chr17 69640
chr17 48544
chr17 279048
chr17 38218
chr17 69604
chr17 70364
chr17 50919
chr17 12339
chr17 179348
chr17 120032
chr17 30090
chr17 6564
chr17 4055
chr17 40774
chr17 115692
chr17 24
chr17 17863
chr17 125637
chr17 50600
chr17 45455
chr17 532322
chr17 766797
chr17 87269
chr17 88236
chr17 457112
chr17 167748
chr17 1951027
chr17 17523
chr17 120565
chr17 337976
chr17 291381
chr17 976
chr17 100059
chr17 10826
chr17 96499
chr17 272995
chr17 137113
chr17 43549
chr17 95702
chr17 2803
chr17 35655
chr17 15654
chr17 2213
chr17 19106
chr17 385916
chr17 228938
chr17 74771
chr17 121543
chr17 59436
chr17 27169
chr17 28728
chr17 485082
chr17 221493
chr17 332063
chr17 78899
chr17 164675
chr17 280995
chr17 192312
chr17 26
chr17 12449
chr17 246961
chr17 297
chr17 101666
chr17 460201
chr17 174620
chr17 38055
chr17 42355
chr17 663922
chr17 19457
chr17 77727
chr17 343240
chr17 159856
chr17 344653
chr17 134417
chr17 376328
chr17 121345
chr17 4291
chr17 362078
chr17 3049
chr17 73131
chr17 17605
chr17 56439
chr17 22820
chr17 3524
chr17 6140
chr17 20708
chr17 5673
chr17 18350
chr17 41190
chr17 73718
chr17 8474
chr17 16809
chr17 136582
chr17 4109
chr17 151679
chr17 122943
chr17 3521
chr17 52541
chr17 21636
chr17 36787
chr17 24081
chr17 45339
chr17 10508
chr17 118180
chr17 53667
chr17 194844
chr17 118866
chr17 56933
chr17 17649
chr17 19183
chr17 80364
chr17 890
chr17 23050
chr17 19397
chr17 110626
chr17 144557
chr17 19233
chr17 69462
chr17 4860
chr17 21225
chr17 205146
chr17 63605
chr17 7788
chr17 24732
chr17 77999
chr17 229
chr17 2053
chr17 38274
chr17 24712
chr17 6344
chr17 73378
chr17 42986
chr17 55741
chr17 28232
chr17 40755
chr17 134794
chr17 50821
chr17 166891
chr17 48
chr17 141120
chr17 37416
chr17 28917
chr17 120593
chr17 54087
chr17 47702
chr17 66493
chr17 79666
chr17 3420
chr17 91561
chr17 6127
chr17 325960
chr17 33209
chr17 21016
chr17 29209
chr17 3240
chr17 44628
chr17 91567
chr17 109433
chr17 245428
chr17 42
chr17 354135
chr17 690180
chr17 2149501
chr17 475826
chr17 239353
chr17 36705
chr17 162
chr17 302198
chr17 86213
chr17 45031
chr17 44550
chr17 31546
chr17 66321
chr17 1740782
chr17 447068
chr17 646800
chr17 611009
chr17 56
chr17 1408437
chr17 121139
chr17 262943
chr17_GL000205v2_random 10947
chr17_GL000205v2_random 27044
chr18 9389
chr18 77252
chr18 171155
chr18 165110
chr18 206675
chr18 78
chr18 97071
chr18 35808
chr18 47628
chr18 124999
chr18 2004
chr18 20008
chr18 38270
chr18 17097
chr18 76580
chr18 59826
chr18 2287
chr18 11014
chr18 35361
chr18 93511
chr18 172
chr18 14837
chr18 136937
chr18 56794
chr18 73610
chr18 26685
chr18 5238
chr18 4903
chr18 25616
chr18 33494
chr18 27617
chr18 36458
chr18 12263
chr18 61825
chr18 41241
chr18 27066
chr18 36918
chr18 132801
chr18 127361
chr18 135920
chr18 31833
chr18 21447
chr18 14
chr18 26829
chr18 97937
chr18 17016
chr18 118734
chr18 78727
chr18 120179
chr18 112505
chr18 64
chr18 50740
chr18 291101
chr18 378579
chr18 113575
chr18 182701
chr18 146405
chr18 37612
chr18 13567
chr18 99017
chr18 55828
chr18 20483
chr18 64
chr18 220094
chr18 101735
chr18 14019
chr18 53091
chr18 11832
chr18 793
chr18 105927
chr18 8806
chr18 16690
chr18 159421
chr18 69750
chr18 233957
chr18 126212
chr18 77030
chr18 133515
chr18 61866
chr18 62
chr18 13459
chr18 33339
chr18 56290
chr18 162352
chr18 142406
chr18 27409
chr18 37817
chr18 142143
chr18 140657
chr18 282368
chr18 29608
chr18 47787
chr18 275859
chr18 29578
chr18 109401
chr18 113593
chr18 145276
chr18 99823
chr18 23
chr18 48761
chr18 161376
chr18 158029
chr18 123829
chr18 64263
chr18 246708
chr18 40939
chr18 75474
chr18 22136
chr18 56185
chr18 59011
chr18 104343
chr18 108160
chr18 84131
chr18 10660
chr18 74520
chr18 68537
chr18 3601
chr18 273200
chr18 249835
chr18 3510
chr18 74856
chr18 86118
chr18 33268
chr18 93
chr18 89041
chr18 204759
chr18 62598
chr18 13823
chr18 101
chr18 115462
chr18 165287
chr18 102838
chr18 13340
chr18 32002
chr18 180819
chr18 139
chr18 70326
chr18 51433
chr18 71821
chr18 118223
chr18 44939
chr18 48882
chr18 58326
chr18 87146
chr18 22544
chr18 11928
chr18 678168
chr18 543
chr18 31566
chr18 288
chr18 13534
chr18 6592
chr18 62636
chr18 376682
chr18 450750
chr18 605
chr18 132485
chr18 87717
chr18 33
chr18 43767
chr18 125530
chr18 138564
chr18 88031
chr18 56132
chr18 34072
chr18 8149
chr18 62835
chr18 70521
chr18 34171
chr18 108444
chr18 51825
chr18 80405
chr18 31385
chr18 128269
chr18 8041
chr18 189110
chr18 15846
chr18 26118
chr18 80180
chr18 34190
chr18 37862
chr18 32866
chr18 78391
chr18 232588
chr18 57310
chr18 34399
chr18 37592
chr18 64559
chr18 523696
chr18 1498345
chr18 193368
chr18 734965
chr18 414450
chr18 1751378
chr18 166034
chr18 3363
chr18 372719
chr18 252249
chr18 590930
chr18 86511
chr18 523683
chr18 88843
chr18 81727
chr18 10101
chr18 34135
chr18 922
chr18 39017
chr18 60037
chr18 41753
chr18 304
chr18 43806
chr18 20054
chr18 19322
chr18 21615
chr18 21235
chr18 3760
chr18 399848
chr18 742
chr18 33831
chr18 643307
chr18 101531
chr18 166852
chr18 111667
chr18 60
chr18 261636
chr18 23702
chr18 259947
chr18 7177
chr18 365567
chr18 112902
chr18 45146
chr18 31530
chr18 8358
chr18 107555
chr18 8553
chr18 37821
chr18 96913
chr18 25949
chr18 42922
chr18 16874
chr18 89592
chr18 225896
chr18 114270
chr18 20298
chr18 92
chr18 174010
chr18 272085
chr18 29813
chr18 30148
chr18 49760
chr18 26587
chr18 6100
chr18 99396
chr18 104551
chr18 9212
chr18 26851
chr18 54434
chr18 4242
chr18 27
chr18 9722
chr18 91634
chr18 58315
chr18 22439
chr18 282221
chr18 141278
chr18 66163
chr18 29917
chr18 73216
chr18 1142
chr18 29459
chr18 53254
chr18 67646
chr18 123
chr18 26837
chr18 40258
chr18 69124
chr18 8705
chr18 8455
chr18 15493
chr18 10560
chr18 249
chr18 2902
chr18 26048
chr18 7094
chr18 37
chr18 48895
chr18 52502
chr18 95714
chr18 26796
chr18 112043
chr18 24184
chr18 7388
chr18 25313
chr18 197815
chr18 96059
chr18 5334
chr18 53681
chr18 7687
chr18 172015
chr18 43475
chr18 36604
chr18 207424
chr18 43222
chr18 15904
chr18 23124
chr18 110805
chr18 222567
chr18 24863
chr18 9085
chr18 151647
chr18 108728
chr18 32219
chr18 2952
chr18 31343
chr18 8209
chr18 220791
chr18 87261
chr18 38
chr18 61136
chr18 179177
chr18 22721
chr18 31327
chr18 10747
chr18 68727
chr18 114687
chr18 56636
chr18 88738
chr18 44184
chr18 15416
chr18 208209
chr18 109184
chr18 54367
chr18 19999
chr18 38166
chr18 86812
chr18 154000
chr18 168
chr18 199092
chr18 58177
chr18 63295
chr18 49462
chr18 80886
chr18 187503
chr18 51381
chr18 309803
chr18 146309
chr18 2339
chr18 57023
chr18 42438
chr18 46742
chr18 14187
chr18 38078
chr18 207719
chr18 239956
chr18 25653
chr18 853
chr18 17606
chr18 51625
chr18 24138
chr18 52894
chr18 202009
chr18 31836
chr18 85228
chr18 109991
chr18 25368
chr18 12351
chr18 126433
chr18 62235
chr18 68446
chr18 18579
chr18 41712
chr18 40302
chr18 94079
chr18 247200
chr18 37770
chr18 113846
chr18 144012
chr18 67276
chr18 43
chr18 250802
chr18 43484
chr18 117
chr18 29932
chr18 18677
chr18 25826
chr18 131
chr18 24461
chr18 37141
chr18 2658
chr18 194256
chr18 134476
chr18 81467
chr18 185401
chr18 52000
chr18 253658
chr18 65480
chr18 60276
chr18 32
chr18 89943
chr18 6181
chr18 29093
chr18 12621
chr18 6473
chr18 16735
chr18 38
chr18 12473
chr18 104254
chr18 156261
chr18 2761
chr18 201961
chr18 26815
chr18 44833
chr18 46525
chr18 106477
chr18 12476
chr18 14474
chr18 15830
chr18 96749
chr18 42500
chr18 77097
chr18 95066
chr18 78442
chr18 35425
chr18 646025
chr18 106070
chr18 105037
chr18 269822
chr18 4486
chr18 46707
chr18 199248
chr18 171169
chr18 112012
chr18 50
chr18 226963
chr18 167013
chr18 6829
chr18 31764
chr18 148467
chr18 21760
chr18 23324
chr18 145798
chr18 31723
chr18 138
chr18 12410
chr18 43912
chr18 1366
chr18 19829
chr18 16334
chr18 17990
chr18 321437
chr18 1961
chr18 171
chr18 167655
chr18 147802
chr18 48728
chr18 485506
chr18 100567
chr18 42
chr18 25383
chr18 57758
chr18 59336
chr18 86353
chr18 86397
chr18 119
chr18 62314
chr18 45181
chr18 26234
chr18 64331
chr18 28648
chr18 60102
chr18 348142
chr18 9702
chr18 47524
chr18 43324
chr18 30793
chr18 53697
chr18 31111
chr18 29797
chr18 73330
chr18 54149
chr18 26473
chr18 5454
chr18 57077
chr18 7802
chr18 65403
chr18 5700
chr18 27831
chr18 195141
chr18 7844
chr18 23429
chr18 18063
chr18 17431
chr18 82443
chr18 29360
chr18 85774
chr18 54114
chr18 7474
chr18 54929
chr18 26519
chr18 60870
chr18 18993
chr18 18873
chr18 2816
chr18 6511
chr18 10673
chr18 11057
chr18 34203
chr18 6761
chr18 8649
chr18 16896
chr18 75448
chr18 140098
chr18 306942
chr18 57024
chr18 99732
chr18 36901
chr18 86174
chr18 9736
chr18 73
chr18 29
chr18 129396
chr18 64326
chr18 16373
chr18 58696
chr18 114025
chr18 55331
chr18 91639
chr18 1849
chr18 19462
chr18 107933
chr18 123575
chr18 1279
chr18 51990
chr18 331929
chr18 112400
chr18 66745
chr18 4045
chr18 133378
chr18 174982
chr18 10445
chr18 199224
chr18 206237
chr18 152365
chr18 46857
chr18 743265
chr18 152333
chr18 88978
chr18 130960
chr18 350108
chr18 142864
chr18 40372
chr18 10270
chr18 80
chr18 22155
chr18 59922
chr18 11011
chr18 18663
chr18 17434
chr18 11299
chr18 11
chr18 369675
chr18 10211
chr18 247
chr18 49577
chr18 220367
chr18 56141
chr18 4492
chr18 33235
chr18 39331
chr18 39199
chr18 164991
chr18 71
chr18 23154
chr18 11744
chr18 71893
chr18 58268
chr18 3072
chr18 68454
chr18 525635
chr18 279711
chr18 34748
chr18 261877
chr18 30602
chr18 90589
chr18 40308
chr18 45394
chr18 38
chr18 10070
chr18 79524
chr18 126261
chr18 1652
chr18 49250
chr18 1045
chr18 96068
chr18 16543
chr18 21314
chr18 27241
chr18 6984
chr18 23557
chr18 12303
chr18 50304
chr18 66071
chr18 99081
chr18 212776
chr18 171987
chr18 11434
chr18 50468
chr18 712
chr18 32
chr18 28786
chr18 67641
chr18 57191
chr18 86634
chr18 24044
chr18 35455
chr18 38682
chr18 106343
chr18 42437
chr18 20650
chr18 111630
chr18 8000
chr18 13137
chr18 700
chr18 41593
chr18 16467
chr18 93938
chr18 14539
chr18 3483
chr18 145261
chr18 62554
chr18 29558
chr18 6452
chr18 79073
chr18 138563
chr18 12657
chr18 146
chr18 95820
chr18 45997
chr18 44964
chr18 78424
chr18 64155
chr18 30308
chr18 33822
chr18 8726
chr18 112415
chr18 337950
chr18 640667
chr18 211937
chr18 114184
chr18 8720
chr18 107796
chr18 243625
chr18 6749
chr18 39098
chr18 193118
chr18 191340
chr18 126774
chr18 186600
chr18 35589
chr18 2852
chr18 14970
chr18 19895
chr18 10510
chr18 105475
chr18 37955
chr18 38568
chr18 14643
chr18 60855
chr18 163375
chr18 82634
chr18 55503
chr18 25806
chr18 33988
chr18 446193
chr18 55203
chr18 72905
chr18 13904
chr18 184388
chr18 318356
chr18 354
chr18 91989
chr18 68525
chr18 75419
chr18 103113
chr18 115987
chr18 42569
chr18 35615
chr18 10886
chr18 7199
chr18 5427
chr18 83514
chr18 6368
chr18 102687
chr18 61243
chr18 158786
chr18 72089
chr18 84353
chr18 90715
chr18 29521
chr18 31013
chr18 2736
chr18 39394
chr18 82132
chr18 23466
chr18 19990
chr18 46558
chr18 50729
chr18 9650
chr18 29387
chr18 37596
chr18 25273
chr18 31987
chr18 32554
chr18 55120
chr18 2898
chr18 6822
chr18 14019
chr18 28359
chr18 9892
chr18 57216
chr18 132536
chr18 3409
chr18 289
chr18 196379
chr18 156627
chr18 96991
chr18 22677
chr18 176123
chr18 18009
chr18 89
chr18 31549
chr18 285428
chr18 13051
chr18 175142
chr18 46552
chr18 148816
chr18 19711
chr18 235517
chr18 308585
chr18 2069
chr18 48160
chr18 38
chr18 69474
chr18 86835
chr18 10892
chr18 428085
chr18 38063
chr18 25736
chr18 40172
chr18 55
chr18 14281
chr18 42066
chr18 155353
chr18 43889
chr18 159945
chr18 48292
chr18 27186
chr18 90534
chr18 134000
chr18 6650
chr18 24
chr18 349
chr18 112360
chr18 7265
chr18 27229
chr18 1446
chr18 83084
chr18 130397
chr18 44614
chr18 20216
chr18 39105
chr18 101066
chr18 28071
chr18 33903
chr18 49707
chr18 33361
chr18 93090
chr18 50795
chr18 103028
chr18 60974
chr18 41875
chr18 22754
chr18 12532
chr18 75626
chr18 36120
chr18 31856
chr18 15992
chr18 21186
chr18 67060
chr18 3866
chr18 122819
chr18 18802
chr18 339581
chr18 123202
chr18 17977
chr18 66
chr18 48863
chr18 111990
chr18 198
chr18 2546
chr18 42175
chr18 80630
chr18 19040
chr18 115319
chr18 4310
chr18 465
chr18 46002
chr18 29634
chr18 17485
chr18 15597
chr18 121699
chr18 157742
chr18 70872
chr18 366783
chr18 60616
chr18 39067
chr18 98490
chr18 29454
chr18 97661
chr18 35832
chr18 69479
chr18 17992
chr18 64223
chr18 46249
chr18 23259
chr18 47875
chr18 49551
chr18 54280
chr18 150244
chr18 47651
chr18 129080
chr18 59881
chr18 59233
chr18 67380
chr18 111309
chr18 86037
chr18 115911
chr18 55510
chr18 34561
chr18 6833
chr18 32709
chr18 54652
chr18 9764
chr18 19125
chr18 15793
chr18 82190
chr18 142852
chr18 70228
chr18 13149
chr18 33752
chr18 106949
chr18 35086
chr18 84356
chr18 90564
chr18 101114
chr18 100073
chr18 222363
chr18 9660
chr18 25652
chr18 13917
chr18 52638
chr18 43548
chr18 8548
chr18 77913
chr18 2045
chr18 110595
chr18 46826
chr18 32254
chr18 98318
chr18 19191
chr18 14881
chr18 170842
chr18 18820
chr18 97584
chr18 65696
chr18 200636
chr18 129549
chr18 98130
chr18 29234
chr18 21762
chr18 121610
chr18 46291
chr18 8702
chr18 59298
chr18 47
chr18 76592
chr18 8730
chr18 1058
chr18 38469
chr18 80247
chr18 44330
chr18 150484
chr18 128337
chr18 224444
chr18 29624
chr18 141
chr18 45291
chr18 62338
chr18 80916
chr18 211584
chr18 18767
chr18 54233
chr18 17559
chr18 58908
chr18 100280
chr18 14967
chr18 22016
chr18 5599
chr18 75012
chr18 60
chr18 76701
chr18 221328
chr18 14270
chr18 50487
chr18 506842
chr18 134629
chr18 60264
chr18 9378
chr18 286959
chr18 439631
chr18 13660
chr18 43419
chr18 346081
chr18 24290
chr18 60128
chr18 13845
chr18 11937
chr18 83778
chr18 179
chr18 102520
chr18 49501
chr18 329256
chr18 15366
chr18 19276
chr18 41280
chr18 20436
chr18 34933
chr18 281455
chr18 32730
chr18 108750
chr18 11467
chr18 90040
chr18 40871
chr18 22448
chr18 22262
chr18 44601
chr18 14606
chr18 7257
chr18 41956
chr18 30228
chr18 75323
chr18 3
chr18 56909
chr18 149857
chr18 201426
chr18 195316
chr18 49604
chr18 23793
chr18 198600
chr18 28289
chr18 115411
chr18 3320
chr18 192608
chr18 276126
chr18 192360
chr18 13271
chr18 351250
chr18 192919
chr18 6
chr18 186191
chr18 45503
chr18 177115
chr19 24068
chr19 7667
chr19 26453
chr19 12125
chr19 150673
chr19 53
chr19 2863263
chr19 1714005
chr19 497517
chr19 1199405
chr19 4101
chr19 30297
chr19 104506
chr19 39000
chr19 51
chr19 42675
chr19 2509
chr19 70139
chr19 89942
chr19 854593
chr19 64
chr19 898675
chr19 196764
chr19 82916
chr19 209468
chr19 113801
chr19 83667
chr19 78555
chr19 265005
chr19 453260
chr19 206665
chr19 587699
chr19 237246
chr19 57
chr19 678656
chr19 26554
chr19 66453
chr19 561712
chr19 391541
chr19 571549
chr19 40839
chr19 118744
chr19 49819
chr19 153399
chr19 14
chr19 59366
chr19 491409
chr19 223009
chr19 109787
chr19 28753
chr19 12399
chr19 136
chr19 995
chr19 23207
chr19 71
chr19 28507
chr19 3930
chr19 10685
chr19 9208
chr19 22639
chr19 110639
chr19 10798
chr19 38003
chr19 409978
chr19 96737
chr19 12786
chr19 95953
chr19 10292
chr19 41239
chr19 3088
chr19 34401
chr19 3827
chr19 15220
chr19 49467
chr19 71461
chr19 44001
chr19 976702
chr19 71
chr19 20585
chr19 170552
chr19 1051274
chr19 176
chr19 1615089
chr19 181924
chr19 205
chr19 243357
chr19 257411
chr19 225629
chr19 4465
chr19 94790
chr19 45955
chr19 134477
chr19 159556
chr19 292000
chr19 100612
chr19 346665
chr19 64028
chr19 25778
chr19 170385
chr19 75865
chr19 87054
chr19 60154
chr19 16678
chr19 222
chr19 15329
chr19 25690
chr19 114958
chr19 3843
chr19 4899
chr19 101514
chr19 16007
chr19 546
chr19 542
chr19 98375
chr19 15343
chr19 137380
chr19 24429
chr19 28215
chr19 446265
chr19 20874
chr19 191279
chr19 247767
chr19 122806
chr19 97451
chr19 64905
chr19 73908
chr19 31228
chr19 2989635
chr19 23028
chr19 26278
chr19 9261
chr19 42443
chr19 1751
chr19 145099
chr19 43009
chr19 33426
chr19 193566
chr19 24216
chr19 47855
chr19 52455
chr19 27277
chr19 110980
chr19 31288
chr19 8085
chr19 22867
chr19 18472
chr19 249
chr19 75985
chr19 52089
chr19 175099
chr19 56506
chr19 131201
chr19 52671
chr19 51522
chr19 16
chr19 8053
chr19 13581
chr19 55432
chr19 329801
chr19 54496
chr19 17147
chr19 21045
chr19 17987
chr19 84899
chr19 19393
chr19 155771
chr19 49215
chr19 347460
chr19 8621
chr19 268812
chr19 6016
chr19 207467
chr19 81921
chr19 5512
chr19 12099
chr19 145901
chr19 35761
chr19 90159
chr19 44705
chr19 190259
chr19 25843
chr19 241809
chr19 48114
chr19 112602
chr19 74176
chr19 23763
chr19 5892
chr19 76127
chr19 37710
chr19 156091
chr19 95575
chr19 158276
chr19 72996
chr19 23187
chr19 25976
chr19 6440
chr19 197861
chr19 121861
chr19 253142
chr19 16217
chr19 69817
chr19 302173
chr19 352095
chr19 113
chr19 54918
chr19 42322
chr19 958038
chr19 53381
chr19 15188
chr19 89397
chr19 192053
chr19 416350
chr19 35321
chr19 92456
chr19 1240697
chr19 350668
chr19 55140
chr19 136323
chr19 165306
chr19 20
chr19 351797
chr19 532710
chr19 142
chr19 350594
chr19 536954
chr19 337
chr19 397999
chr19 8968
chr19 31851
chr19 9356
chr19 4804
chr19 10117
chr19 11643
chr19 15048
chr19 43647
chr19 11506
chr19 22107
chr19 51210
chr19 238636
chr19 62781
chr19 110421
chr19 335528
chr19 421200
chr19 70420
chr19 4061
chr19 433179
chr19 49155
chr19 108074
chr19 14676
chr19 14036
chr19 73987
chr19 111246
chr19 70351
chr19 164351
chr19 484981
chr19 109258
chr19 29956
chr19 61095
chr19 26391
chr19 38
chr19 33397
chr19 29841
chr19 36353
chr19 104200
chr19 45572
chr19 10651
chr19 49889
chr19 53339
chr19 71491
chr19 171664
chr19 474138
chr19 97707
chr19 207712
chr19 212
chr19 36083
chr19 753
chr19 32855
chr19 124309
chr19 15945
chr19 19792
chr19 6580
chr19 11574
chr19 158540
chr19 344490
chr19 250040
chr19 24
chr19 383531
chr19 524667
chr19 59095
chr19 30151
chr19 93
chr19 622264
chr19 75579
chr19 936117
chr19 60798
chr19 134635
chr19 56095
chr19 147434
chr19 278
chr19 319241
chr19 700714
chr19 132743
chr19 983457
chr19 140829
chr19 34396
chr19 331363
chr19 122624
chr19 211945
chr19 158746
chr19 49095
chr19 50789
chr19 209370
chr19 67900
chr19 25791
chr19 26843
chr19 124191
chr19 13660
chr19 132900
chr19 55871
chr19 503402
chr19 405359
chr19 120684
chr19 26180
chr19 36269
chr19 518309
chr19 819573
chr19 4045
chr19 29733
chr19 1948
chr19 59929
chr19 6373
chr19 23114
chr19 23351
chr19 169228
chr19 107917
chr19 49263
chr19 87171
chr19 607163
chr19 7920
chr19 6229
chr19 1284
chr19 26324
chr19 9873
chr19 71628
chr19 5924
chr19 84361
chr19 36026
chr19 29316
chr19 7245
chr19 3572
chr19 143184
chr19 211982
chr19 373393
chr19 8378
chr19 161165
chr19 8208
chr19 91571
chr19 18221
chr19 142
chr19 26384
chr19 408951
chr19 4003
chr19 269670
chr1_KI270706v1_random 66589
chr1_KI270706v1_random 53564
chr1_KI270706v1_random 3030
chr1_KI270708v1_random 16905
chr1_KI270708v1_random 47134
chr1_KI270710v1_random 12262
chr1_KI270710v1_random 17411
chr1_KI270712v1_random 11641
chr1_KI270712v1_random 25741
chr1_KI270712v1_random 19832
chr2 65984
chr2 67071
chr2 137487
chr2 177437
chr2 314
chr2 56603
chr2 70
chr2 95294
chr2 3906
chr2 82488
chr2 18289
chr2 187659
chr2 184008
chr2 3601
chr2 13649
chr2 20703
chr2 29329
chr2 137595
chr2 6977
chr2 65
chr2 94765
chr2 20576
chr2 109
chr2 70489
chr2 19620
chr2 72980
chr2 21414
chr2 35348
chr2 39365
chr2 303152
chr2 25462
chr2 37677
chr2 72397
chr2 132927
chr2 16394
chr2 7512
chr2 8539
chr2 16314
chr2 25466
chr2 36062
chr2 135653
chr2 42820
chr2 100023
chr2 56802
chr2 26
chr2 29726
chr2 166519
chr2 106607
chr2 41138
chr2 84195
chr2 161143
chr2 65396
chr2 222588
chr2 1834
chr2 69826
chr2 25177
chr2 175163
chr2 11695
chr2 120093
chr2 10897
chr2 36225
chr2 28797
chr2 19217
chr2 22958
chr2 52214
chr2 38664
chr2 12225
chr2 18224
chr2 76694
chr2 8593
chr2 227212
chr2 28191
chr2 72604
chr2 38993
chr2 3011
chr2 342940
chr2 154716
chr2 131931
chr2 339204
chr2 122859
chr2 33149
chr2 9069
chr2 511
chr2 106715
chr2 4237
chr2 86501
chr2 24602
chr2 154465
chr2 333788
chr2 24532
chr2 73936
chr2 57213
chr2 131798
chr2 65769
chr2 161340
chr2 11864
chr2 39487
chr2 41015
chr2 101390
chr2 94866
chr2 91529
chr2 17
chr2 55065
chr2 26
chr2 155404
chr2 413334
chr2 52650
chr2 149498
chr2 35042
chr2 15667
chr2 49348
chr2 126443
chr2 40227
chr2 292319
chr2 11467
chr2 24935
chr2 42530
chr2 36809
chr2 33877
chr2 149864
chr2 189567
chr2 130220
chr2 107548
chr2 29569
chr2 215093
chr2 59924
chr2 336803
chr2 28
chr2 565246
chr2 115936
chr2 118062
chr2 3106
chr2 42301
chr2 143559
chr2 64846
chr2 11064
chr2 94931
chr2 9210
chr2 262765
chr2 32878
chr2 8946
chr2 78502
chr2 27403
chr2 37045
chr2 252511
chr2 132812
chr2 25621
chr2 89657
chr2 39484
chr2 86486
chr2 2783
chr2 15997
chr2 261362
chr2 481562
chr2 93115
chr2 57238
chr2 7858
chr2 41967
chr2 43860
chr2 64249
chr2 38759
chr2 14444
chr2 7311
chr2 12797
chr2 64049
chr2 14668
chr2 17082
chr2 59189
chr2 40174
chr2 32749
chr2 28641
chr2 50
chr2 21832
chr2 12313
chr2 4853
chr2 135856
chr2 17413
chr2 11
chr2 55285
chr2 23
chr2 15346
chr2 36134
chr2 26568
chr2 27
chr2 9115
chr2 78004
chr2 161948
chr2 12569
chr2 16507
chr2 93478
chr2 40
chr2 68177
chr2 103023
chr2 188716
chr2 22772
chr2 40611
chr2 69268
chr2 99477
chr2 46323
chr2 70807
chr2 24639
chr2 98401
chr2 24207
chr2 229551
chr2 74924
chr2 107586
chr2 81059
chr2 418998
chr2 298986
chr2 137759
chr2 23672
chr2 15537
chr2 137
chr2 16671
chr2 119971
chr2 26188
chr2 137
chr2 44036
chr2 63902
chr2 43
chr2 34256
chr2 38992
chr2 158101
chr2 103789
chr2 226584
chr2 103588
chr2 86731
chr2 98990
chr2 16265
chr2 3634
chr2 23987
chr2 4796
chr2 49045
chr2 57469
chr2 44702
chr2 102137
chr2 57794
chr2 41023
chr2 72910
chr2 46270
chr2 167742
chr2 19617
chr2 44789
chr2 11300
chr2 73596
chr2 4279
chr2 119318
chr2 10758
chr2 6288
chr2 51049
chr2 69414
chr2 10893
chr2 115030
chr2 31341
chr2 12700
chr2 5549
chr2 150990
chr2 154918
chr2 20283
chr2 103301
chr2 5975
chr2 150594
chr2 162211
chr2 36572
chr2 14865
chr2 318456
chr2 84761
chr2 151873
chr2 72135
chr2 27501
chr2 62623
chr2 200726
chr2 89168
chr2 9549
chr2 71923
chr2 57049
chr2 158
chr2 265658
chr2 18422
chr2 3724
chr2 6133
chr2 17822
chr2 45718
chr2 15171
chr2 14063
chr2 29292
chr2 213855
chr2 10485
chr2 23880
chr2 57442
chr2 5641
chr2 90234
chr2 11304
chr2 122655
chr2 2047
chr2 91515
chr2 11032
chr2 149124
chr2 23993
chr2 5532
chr2 77855
chr2 71
chr2 23596
chr2 46933
chr2 110014
chr2 13
chr2 57637
chr2 68521
chr2 12073
chr2 202167
chr2 65892
chr2 65136
chr2 263673
chr2 301100
chr2 68918
chr2 367
chr2 96733
chr2 184155
chr2 4
chr2 7724
chr2 28679
chr2 63486
chr2 73574
chr2 116384
chr2 147702
chr2 24408
chr2 41657
chr2 202423
chr2 612652
chr2 38
chr2 313456
chr2 723650
chr2 17936
chr2 57
chr2 170054
chr2 29149
chr2 1143946
chr2 206121
chr2 7494
chr2 78333
chr2 7158
chr2 13811
chr2 58074
chr2 38
chr2 147478
chr2 277902
chr2 55637
chr2 6405
chr2 382354
chr2 85086
chr2 484336
chr2 19518
chr2 12111
chr2 39791
chr2 94969
chr2 83927
chr2 48574
chr2 337019
chr2 68194
chr2 137206
chr2 116832
chr2 133945
chr2 101484
chr2 1675
chr2 29260
chr2 82
chr2 2846
chr2 207964
chr2 116884
chr2 2335
chr2 206553
chr2 24011
chr2 83030
chr2 6534
chr2 85330
chr2 4049
chr2 1048
chr2 28833
chr2 2331
chr2 39710
chr2 13755
chr2 32921
chr2 12296
chr2 9740
chr2 38
chr2 19541
chr2 54061
chr2 14107
chr2 2594
chr2 9936
chr2 7491
chr2 1351
chr2 56823
chr2 65165
chr2 134620
chr2 434718
chr2 124108
chr2 220541
chr2 35848
chr2 127564
chr2 131653
chr2 25348
chr2 34300
chr2 18683
chr2 32096
chr2 307355
chr2 62184
chr2 57180
chr2 34498
chr2 77052
chr2 163589
chr2 42359
chr2 62926
chr2 38
chr2 18685
chr2 13810
chr2 23293
chr2 33037
chr2 33186
chr2 3711
chr2 78826
chr2 9298
chr2 162382
chr2 35642
chr2 2855
chr2 42390
chr2 2651
chr2 208939
chr2 2701
chr2 34729
chr2 99806
chr2 32343
chr2 12686
chr2 69780
chr2 2636
chr2 66433
chr2 19095
chr2 23181
chr2 51786
chr2 51372
chr2 62853
chr2 61972
chr2 56071
chr2 68284
chr2 28442
chr2 21296
chr2 29803
chr2 106739
chr2 80810
chr2 21034
chr2 28239
chr2 255536
chr2 10240
chr2 29161
chr2 7040
chr2 5840
chr2 109905
chr2 613775
chr2 87
chr2 314348
chr2 272457
chr2 20144
chr2 13789
chr2 59748
chr2 80119
chr2 97813
chr2 111736
chr2 131785
chr2 20633
chr2 18664
chr2 2671
chr2 84269
chr2 48453
chr2 21071
chr2 77318
chr2 139436
chr2 61244
chr2 1164130
chr2 14417
chr2 61116
chr2 736
chr2 70292
chr2 5424
chr2 79621
chr2 217
chr2 7860
chr2 9229
chr2 147101
chr2 85164
chr2 17065
chr2 41535
chr2 99589
chr2 7052
chr2 41210
chr2 81020
chr2 97118
chr2 50099
chr2 36172
chr2 151471
chr2 13035
chr2 13091
chr2 50532
chr2 24560
chr2 19463
chr2 188514
chr2 63137
chr2 28300
chr2 5515
chr2 6385
chr2 59948
chr2 119952
chr2 67233
chr2 19980
chr2 155778
chr2 83978
chr2 38452
chr2 99337
chr2 46468
chr2 147795
chr2 82050
chr2 47954
chr2 660611
chr2 770989
chr2 108
chr2 35750
chr2 9098
chr2 705596
chr2 13795
chr2 40941
chr2 259769
chr2 28352
chr2 32252
chr2 170360
chr2 44010
chr2 247992
chr2 3222
chr2 149847
chr2 288
chr2 5918
chr2 184539
chr2 3030
chr2 756919
chr2 280112
chr2 50090
chr2 626164
chr2 53656
chr2 530528
chr2 177464
chr2 68890
chr2 52300
chr2 20734
chr2 181107
chr2 62443
chr2 227751
chr2 177564
chr2 37162
chr2 19276
chr2 2488
chr2 133567
chr2 22372
chr2 7873
chr2 94839
chr2 64886
chr2 48827
chr2 15
chr2 45613
chr2 22795
chr2 12101
chr2 11792
chr2 20337
chr2 19532
chr2 16811
chr2 19513
chr2 1557
chr2 11220
chr2 57480
chr2 5642
chr2 50903
chr2 4996
chr2 42270
chr2 67380
chr2 17591
chr2 22925
chr2 111237
chr2 4504
chr2 160978
chr2 10275
chr2 12881
chr2 57205
chr2 8231
chr2 141902
chr2 93342
chr2 6584
chr2 78185
chr2 89553
chr2 259685
chr2 29898
chr2 125103
chr2 114827
chr2 112181
chr2 2
chr2 10584
chr2 347545
chr2 16429
chr2 16032
chr2 22347
chr2 8453
chr2 67386
chr2 122
chr2 43477
chr2 10221
chr2 5352
chr2 75546
chr2 9746
chr2 71014
chr2 22435
chr2 190
chr2 134057
chr2 47661
chr2 230060
chr2 88141
chr2 175443
chr2 66708
chr2 58697
chr2 50686
chr2 26178
chr2 28347
chr2 22
chr2 73297
chr2 14636
chr2 29734
chr2 39031
chr2 108281
chr2 15860
chr2 63485
chr2 100616
chr2 31178
chr2 46754
chr2 46713
chr2 37253
chr2 48724
chr2 274
chr2 54569
chr2 59392
chr2 57705
chr2 29963
chr2 30182
chr2 59984
chr2 74517
chr2 21143
chr2 342331
chr2 125004
chr2 8305
chr2 7768
chr2 246412
chr2 98994
chr2 26462
chr2 60863
chr2 664860
chr2 85063
chr2 38421
chr2 53410
chr2 19830
chr2 268201
chr2 13271
chr2 38243
chr2 31631
chr2 11536
chr2 123937
chr2 103986
chr2 27602
chr2 10888
chr2 38455
chr2 31
chr2 24514
chr2 4091
chr2 6530
chr2 79747
chr2 49026
chr2 21213
chr2 8074
chr2 19557
chr2 75953
chr2 124541
chr2 46661
chr2 1797
chr2 30807
chr2 27635
chr2 18710
chr2 56472
chr2 26711
chr2 31006
chr2 29904
chr2 70272
chr2 24867
chr2 40268
chr2 18245
chr2 39748
chr2 4532
chr2 27
chr2 11750
chr2 63227
chr2 145554
chr2 3905
chr2 24514
chr2 10930
chr2 26907
chr2 12024
chr2 5780
chr2 54509
chr2 46637
chr2 163525
chr2 15410
chr2 38200
chr2 2168
chr2 20574
chr2 25399
chr2 272503
chr2 178390
chr2 31769
chr2 2801
chr2 6734
chr2 143459
chr2 180161
chr2 74846
chr2 108179
chr2 188112
chr2 7461
chr2 11
chr2 182366
chr2 13741
chr2 75097
chr2 103304
chr2 85846
chr2 78611
chr2 49083
chr2 160149
chr2 9068
chr2 33755
chr2 6484
chr2 142287
chr2 155764
chr2 52898
chr2 35376
chr2 45097
chr2 8712
chr2 65358
chr2 5224
chr2 34278
chr2 1362
chr2 189012
chr2 343667
chr2 19170
chr2 30255
chr2 69898
chr2 150899
chr2 573246
chr2 179892
chr2 212082
chr2 119552
chr2 454989
chr2 30096
chr2 5182
chr2 22914
chr2 5636
chr2 222
chr2 7528
chr2 95494
chr2 289564
chr2 2
chr2 48493
chr2 35
chr2 18067
chr2 122510
chr2 1379
chr2 78570
chr2 41431
chr2 42971
chr2 8789
chr2 51933
chr2 7873
chr2 50269
chr2 9281
chr2 38571
chr2 65919
chr2 75898
chr2 229548
chr2 315978
chr2 127157
chr2 72
chr2 520901
chr2 286734
chr2 73001
chr2 461292
chr2 34492
chr2 44218
chr2 55556
chr2 42987
chr2 27938
chr2 38355
chr2 228
chr2 72178
chr2 55353
chr2 25518
chr2 36726
chr2 29467
chr2 45
chr2 130745
chr2 24866
chr2 8089
chr2 138090
chr2 157432
chr2 145328
chr2 190881
chr2 45511
chr2 32801
chr2 40219
chr2 22586
chr2 11244
chr2 30041
chr2 14032
chr2 13021
chr2 100
chr2 102315
chr2 69662
chr2 9718
chr2 53743
chr2 79452
chr2 89468
chr2 77564
chr2 66468
chr2 197328
chr2 70141
chr2 343094
chr2 61107
chr2 34637
chr2 32
chr2 64014
chr2 29872
chr2 30158
chr2 25210
chr2 5131
chr2 5313
chr2 70003
chr2 35039
chr2 218957
chr2 24551
chr2 19350
chr2 24773
chr2 122842
chr2 533193
chr2 17354
chr2 20847
chr2 360998
chr2 131224
chr2 207338
chr2 36758
chr2 72047
chr2 92184
chr2 5333
chr2 136248
chr2 66971
chr2 43369
chr2 8847
chr2 24716
chr2 233765
chr2 149692
chr2 305549
chr2 82307
chr2 85218
chr2 238527
chr2 38249
chr2 6523
chr2 163089
chr2 42400
chr2 15087
chr2 21662
chr2 58344
chr2 43907
chr2 41625
chr2 10239
chr2 104
chr2 11286
chr2 29252
chr2 9252
chr2 84164
chr2 88620
chr2 9668
chr2 60014
chr2 236061
chr2 232223
chr2 171456
chr2 73809
chr2 38759
chr2 12168
chr2 11714
chr2 40
chr2 12254
chr2 1508
chr2 39398
chr2 67193
chr2 40
chr2 45108
chr2 7375
chr2 213203
chr2 221114
chr2 478988
chr2 51939
chr2 56307
chr2 87754
chr2 195322
chr2 19089
chr2 28341
chr2 64109
chr2 43963
chr2 21240
chr2 136540
chr2 47757
chr2 36729
chr2 56978
chr2 9565
chr2 154776
chr2 94216
chr2 90
chr2 38761
chr2 36821
chr2 45224
chr2 33330
chr2 139270
chr2 16411
chr2 8671
chr2 85913
chr2 36148
chr2 5460
chr2 1961
chr2 73002
chr2 12334
chr2 4144
chr2 120574
chr2 95413
chr2 149401
chr2 57653
chr2 53971
chr2 135607
chr2 3214
chr2 8
chr2 25669
chr2 69228
chr2 4868
chr2 10176
chr2 104171
chr2 72
chr2 49108
chr2 35835
chr2 33164
chr2 9048
chr2 3417
chr2 37614
chr2 67359
chr2 93965
chr2 186284
chr2 25346
chr2 127281
chr2 67656
chr2 18358
chr2 33771
chr2 24620
chr2 63004
chr2 218131
chr2 13583
chr2 6015
chr2 25
chr2 75619
chr2 10369
chr2 176
chr2 17913
chr2 49812
chr2 55031
chr2 41255
chr2 2398
chr2 35554
chr2 18568
chr2 5147
chr2 6920
chr2 7454
chr2 119573
chr2 40859
chr2 35073
chr2 56739
chr2 74758
chr2 206214
chr2 43665
chr2 27846
chr2 176438
chr2 94103
chr2 8906
chr2 9583
chr2 11313
chr2 57150
chr2 21967
chr2 206561
chr2 115883
chr2 68925
chr2 215041
chr2 184022
chr2 259531
chr2 89378
chr2 117
chr2 63576
chr2 50862
chr2 214338
chr2 54972
chr2 16396
chr2 183831
chr2 28925
chr2 30270
chr2 271
chr2 205370
chr2 11663
chr2 80431
chr2 49698
chr2 20850
chr2 121806
chr2 30930
chr2 52625
chr2 41517
chr2 57317
chr2 9638
chr2 92809
chr2 197169
chr2 122094
chr2 147462
chr2 47898
chr2 85178
chr2 28786
chr2 193183
chr2 13358
chr2 38869
chr2 21361
chr2 155980
chr2 38
chr2 79181
chr2 3827
chr2 15170
chr2 44961
chr2 108981
chr2 119167
chr2 17285
chr2 61891
chr2 58205
chr2 6457
chr2 147629
chr2 83512
chr2 116276
chr2 37128
chr2 228532
chr2 37326
chr2 70850
chr2 63417
chr2 12208
chr2 90407
chr2 54776
chr2 7866
chr2 99392
chr2 260
chr2 57999
chr2 50347
chr2 17959
chr2 4208
chr2 68793
chr2 218145
chr2 6877
chr2 129952
chr2 745762
chr2 388634
chr2 32354
chr2 169412
chr2 109012
chr2 600288
chr2 75608
chr2 27173
chr2 11715
chr2 458951
chr2 362588
chr2 140
chr2 68356
chr2 40445
chr2 26216
chr2 260232
chr2 118273
chr2 24242
chr2 139
chr2 16710
chr2 14553
chr2 112225
chr2 173294
chr2 100791
chr2 20306
chr2 38
chr2 812651
chr2 20374
chr2 180325
chr2 43746
chr2 22860
chr2 11601
chr2 1262729
chr2 11663
chr2 233163
chr2 29562
chr2 15377
chr2 77079
chr2 2542
chr2 87324
chr2 109
chr2 24702
chr2 15384
chr2 2190134
chr2 24607
chr2 15299
chr2 376616
chr2 10287
chr2 227454
chr2 65830
chr2 149018
chr2 41326
chr2 46537
chr2 168540
chr2 137664
chr2 808
chr2 46480
chr2 29639
chr2 11867
chr2 817
chr2 219649
chr2 14236
chr2 57823
chr2 58949
chr2 40037
chr2 410077
chr2 7715
chr2 23675
chr2 3596
chr2 25824
chr2 101
chr2 18519
chr2 418409
chr2 116621
chr2 9
chr2 106385
chr2 23060
chr2 37925
chr2 57043
chr2 55252
chr2 15175
chr2 115469
chr2 14643
chr2 146162
chr2 22991
chr2 282445
chr2 14190
chr2 49196
chr2 135184
chr2 37527
chr2 32396
chr2 73032
chr2 141
chr2 139726
chr2 122294
chr2 500319
chr2 3231
chr2 62243
chr2 179701
chr2 6606
chr2 12320
chr2 28233
chr2 462860
chr2 90072
chr2 79074
chr2 5
chr2 23831
chr2 21182
chr2 196831
chr2 172911
chr2 51251
chr2 318923
chr2 135128
chr2 138708
chr2 47483
chr2 78314
chr2 6405
chr2 118940
chr2 132886
chr2 70766
chr2 29022
chr2 156087
chr2 48975
chr2 386147
chr2 2658
chr2 59006
chr2 265844
chr2 160020
chr2 91703
chr2 16340
chr2 64403
chr2 193462
chr2 162111
chr2 10075
chr2 99378
chr2 34440
chr2 32759
chr2 17889
chr2 53204
chr2 83360
chr2 76396
chr2 64280
chr2 5225
chr2 7838
chr2 84983
chr2 55513
chr2 20497
chr2 36865
chr2 163660
chr2 39415
chr2 37619
chr2 73511
chr2 46826
chr2 26718
chr2 375240
chr2 113154
chr2 21940
chr2 280892
chr2 26645
chr2 34225
chr2 60204
chr2 157452
chr2 218832
chr2 104213
chr2 157765
chr2 349684
chr2 20867
chr2 201811
chr2 52681
chr2 360866
chr2 7019
chr2 217797
chr2 109778
chr2 22689
chr2 2751
chr2 73
chr2 18923
chr2 85597
chr2 16643
chr2 83110
chr2 54389
chr2 18916
chr2 113026
chr2 94
chr2 160773
chr2 17234
chr2 121511
chr2 92382
chr2 148454
chr2 12053
chr2 29852
chr2 54913
chr2 13975
chr2 92086
chr2 43856
chr2 60987
chr2 5187
chr2 3186
chr2 43655
chr2 10146
chr2 97274
chr2 213709
chr2 461778
chr2 369324
chr2 75646
chr2 165439
chr2 297129
chr2 55809
chr2 62265
chr2 87944
chr2 47235
chr2 21788
chr2 55825
chr2 346404
chr2 109038
chr2 122
chr2 111807
chr2 163503
chr2 58357
chr2 449813
chr2 6771
chr2 25566
chr2 89577
chr2 172213
chr2 47633
chr2 22010
chr2 39021
chr2 227904
chr2 385267
chr2 107837
chr2 143183
chr2 39144
chr2 8566
chr2 20
chr2 81110
chr2 19650
chr2 394190
chr2 68224
chr2 101220
chr2 89982
chr2 21136
chr2 71
chr2 14023
chr2 88111
chr2 40343
chr2 185732
chr2 10080
chr2 36056
chr2 36678
chr2 53
chr2 35891
chr2 23258
chr2 174
chr2 133304
chr2 122
chr2 10409
chr2 32784
chr2 36
chr2 22606
chr2 39254
chr2 11793
chr2 780
chr2 72343
chr2 52630
chr2 50931
chr2 29335
chr2 56420
chr2 69751
chr2 52779
chr2 104963
chr2 44576
chr2 66292
chr2 132
chr2 7312
chr2 1417
chr2 38
chr2 11745
chr2 114057
chr2 94926
chr2 89710
chr2 17922
chr2 7106
chr2 55567
chr2 46201
chr2 31787
chr2 45382
chr2 45574
chr2 10221
chr2 37226
chr2 1162
chr2 4378
chr2 10721
chr2 4167
chr2 127668
chr2 23231
chr2 24745
chr2 135621
chr2 25182
chr2 8024
chr2 1317
chr2 1571
chr2 15072
chr2 27476
chr2 62080
chr2 52
chr2 17657
chr2 116764
chr2 126996
chr2 3566
chr2 59842
chr2 130172
chr2 12852
chr2 11090
chr2 21941
chr2 8699
chr2 12452
chr2 17717
chr2 411
chr2 20331
chr2 17627
chr2 29471
chr2 36880
chr2 58376
chr2 17640
chr2 6657
chr2 32396
chr2 7428
chr2 38269
chr2 22169
chr2 52815
chr2 94690
chr2 57014
chr2 25
chr2 49882
chr2 38427
chr2 9991
chr2 162
chr2 4783
chr2 1621
chr2 74387
chr2 20340
chr2 4652
chr2 38
chr2 225170
chr2 682
chr2 31641
chr2 162184
chr2 2932
chr2 22294
chr2 8899
chr2 12610
chr2 17021
chr2 43935
chr2 30416
chr2 27027
chr2 215933
chr2 58208
chr2 211895
chr2 35738
chr2 56059
chr2 194045
chr2 226235
chr2 32565
chr2 34478
chr2 38669
chr2 67320
chr2 69416
chr2 107370
chr2 226820
chr2 4267
chr2 58214
chr2 56292
chr2 117300
chr2 61912
chr2 198289
chr2 19343
chr2 50359
chr2 7318
chr2 40972
chr2 67300
chr2 46549
chr2 44909
chr2 212165
chr2 641548
chr2 141600
chr2 51489
chr2 112053
chr2 23914
chr2 201300
chr2 115025
chr2 20426
chr2 81717
chr2 17
chr2 92640
chr2 61387
chr2 237
chr2 8513
chr2 6355
chr2 66119
chr2 127312
chr2 36419
chr2 96634
chr2 3640
chr2 130280
chr2 42485
chr2 224994
chr2 91763
chr2 90240
chr2 66146
chr2 110513
chr2 116803
chr2 16664
chr2 33955
chr2 2472
chr2 2890
chr2 70913
chr2 139
chr2 24040
chr2 16571
chr2 2987
chr2 33084
chr2 62339
chr2 17813
chr2 8841
chr2 19257
chr2 14734
chr2 169753
chr2 41868
chr2 98
chr2 106163
chr2 190231
chr2 33425
chr2 129935
chr2 3668
chr2 73600
chr2 124915
chr2 170901
chr2 22400
chr2 6733
chr2 197820
chr2 89571
chr2 129737
chr2 22770
chr2 47211
chr2 110575
chr2 2232
chr2 19266
chr2 37479
chr2 215
chr2 29963
chr2 12973
chr2 26588
chr2 29948
chr2 85638
chr2 121484
chr2 141743
chr2 107007
chr2 82
chr2 92663
chr2 7651
chr2 38460
chr2 8242
chr2 65817
chr2 4861
chr2 7060
chr2 66223
chr2 37987
chr2 11814
chr2 2495
chr2 4487
chr2 57924
chr2 9978
chr2 157237
chr2 33695
chr2 7834
chr2 118009
chr2 346239
chr2 39556
chr2 20561
chr2 10443
chr2 160598
chr2 34446
chr2 438446
chr2 239345
chr2 54316
chr2 6064
chr2 652427
chr2 210115
chr2 5017
chr2 112613
chr2 94322
chr2 292
chr2 6129
chr2 48207
chr2 111989
chr2 13066
chr2 14494
chr2 48057
chr2 5312
chr2 2970
chr2 5116
chr2 64953
chr2 35680
chr2 14913
chr2 13545
chr2 10338
chr2 12434
chr2 53620
chr2 36438
chr2 36866
chr2 24459
chr2 160295
chr2 81891
chr2 68682
chr2 155
chr2 31491
chr2 47050
chr2 4715
chr2 27576
chr2 193795
chr2 28064
chr2 168489
chr2 295506
chr2 14656
chr2 88805
chr2 142040
chr2 2272
chr2 63365
chr2 146773
chr2 19738
chr2 154394
chr2 9880
chr2 4716
chr2 45459
chr2 56086
chr2 155568
chr2 17449
chr2 71544
chr2 180661
chr2 5645
chr2 111633
chr2 77217
chr2 46217
chr2 111730
chr2 17069
chr2 5525
chr2 31155
chr2 67554
chr2 7249
chr2 2337
chr2 33288
chr2 50259
chr2 82124
chr2 197328
chr2 293519
chr2 103192
chr2 16007
chr2 46286
chr2 11497
chr2 23175
chr2 156413
chr2 194327
chr2 52227
chr2 98232
chr2 18311
chr2 18224
chr2 38
chr2 20712
chr2 24061
chr2 72109
chr2 56740
chr2 109242
chr2 11001
chr2 7658
chr2 37744
chr2 227762
chr2 101809
chr2 89030
chr2 70647
chr2 151272
chr2 22186
chr2 43919
chr2 34471
chr2 242239
chr2 147730
chr2 53792
chr2 36346
chr2 58549
chr2 21860
chr2 60
chr2 8787
chr2 71225
chr2 419700
chr2 6646
chr2 26323
chr2 50185
chr2 14636
chr2 176304
chr2 75782
chr2 115
chr2 137912
chr2 232
chr2 75873
chr2 10425
chr2 116661
chr2 51513
chr2 46983
chr2 3758
chr2 6008
chr2 20222
chr2 209744
chr2 33202
chr2 60100
chr2 13036
chr2 136
chr2 6731
chr2 15633
chr2 36567
chr2 22981
chr2 34264
chr2 49557
chr2 50139
chr2 3202
chr2 13134
chr2 22289
chr2 5308
chr2 161
chr2 56498
chr2 6445
chr2 35848
chr2 75315
chr2 141067
chr2 70027
chr2 42335
chr2 65834
chr2 1144
chr2 121247
chr2 71288
chr2 45830
chr2 24736
chr2 16069
chr2 57560
chr2 16784
chr2 39317
chr2 60177
chr2 27330
chr2 83486
chr2 38
chr2 7285
chr2 83346
chr2 5706
chr2 17207
chr2 54008
chr2 50319
chr2 16340
chr2 80744
chr2 51241
chr2 63778
chr2 73857
chr2 16160
chr2 20728
chr2 23838
chr2 165719
chr2 984
chr2 1066
chr2 241160
chr2 78102
chr2 108050
chr2 73402
chr2 40374
chr2 173464
chr2 63758
chr2 43387
chr2 58355
chr2 156
chr2 231615
chr2 72765
chr2 12224
chr2 93389
chr2 123018
chr2 29392
chr2 98195
chr2 151836
chr2 37418
chr2 20764
chr2 142570
chr2 33648
chr2 15116
chr2 19331
chr2 53058
chr2 3758
chr2 3926
chr2 293911
chr2 1832
chr2 15431
chr2 19826
chr2 20456
chr2 182761
chr2 18346
chr2 104044
chr2 163181
chr2 64590
chr2 138857
chr2 8
chr2 128492
chr2 16874
chr2 131319
chr2 22552
chr2 43638
chr2 98747
chr2 20066
chr2 34627
chr2 21943
chr2 58722
chr2 32
chr2 72292
chr2 21832
chr2 32913
chr2 20922
chr2 43564
chr2 117673
chr2 6214
chr2 254064
chr2 745
chr2 23137
chr2 118033
chr2 38322
chr2 51157
chr2 573780
chr2 94478
chr2 51582
chr2 13801
chr2 10235
chr2 336016
chr2 16061
chr2 106639
chr2 78029
chr2 206227
chr2 184692
chr2 157715
chr2 95042
chr2 44321
chr2 12313
chr2 20715
chr2 149067
chr2 8473
chr2 219079
chr2 29087
chr2 46950
chr2 80780
chr2 10840
chr2 65208
chr2 463
chr2 158094
chr2 23238
chr2 273080
chr2 13212
chr2 28234
chr2 146300
chr2 38799
chr2 62772
chr2 13687
chr2 60521
chr2 142846
chr2 24
chr2 32836
chr2 9904
chr2 76271
chr2 75529
chr2 25466
chr2 32149
chr2 149300
chr2 64298
chr2 165191
chr2 26466
chr2 134330
chr2 98367
chr2 137886
chr2 13561
chr2 68851
chr2 13961
chr2 33952
chr2 33340
chr2 14701
chr2 136
chr2 31125
chr2 13973
chr2 17519
chr2 43
chr2 11680
chr2 29749
chr2 2083
chr2 11249
chr2 87894
chr2 67556
chr2 84777
chr2 6451
chr2 101597
chr2 163735
chr2 112191
chr2 185008
chr2 32980
chr2 100192
chr2 17020
chr2 336
chr2 227
chr2 91405
chr2 50725
chr2 90678
chr2 1868
chr2 33508
chr2 42822
chr2 40360
chr2 35545
chr2 31249
chr2 11965
chr2 32334
chr2 14780
chr2 31973
chr2 44233
chr2 13503
chr2 12014
chr2 26950
chr2 66336
chr2 120946
chr2 118887
chr2 394585
chr2 250651
chr2 103456
chr2 6731
chr2 322
chr2 30926
chr2 105005
chr2 349663
chr2 82013
chr2 51318
chr2 2249
chr2 34850
chr2 18447
chr2 29632
chr2 130343
chr2 120892
chr2 36309
chr2 131166
chr2 167893
chr2 523317
chr2 12012
chr2 99694
chr2 12933
chr2 28978
chr2 51957
chr2 55820
chr2 30595
chr2 68241
chr2 13781
chr2 8202
chr2 49364
chr2 43503
chr2 23929
chr2 49629
chr2 32846
chr2 138644
chr2 34632
chr2 28844
chr2 26678
chr2 25395
chr2 108639
chr2 47841
chr2 114
chr2 1361
chr2 19908
chr2 74847
chr2 8172
chr2 4252
chr2 3609
chr2 21933
chr2 128092
chr2 18814
chr2 27870
chr2 32329
chr2 78697
chr2 116638
chr2 136386
chr2 111105
chr2 85648
chr2 10691
chr2 71637
chr2 56204
chr2 59227
chr2 25794
chr2 13081
chr2 88712
chr2 76169
chr2 12805
chr2 26261
chr2 27348
chr2 1987
chr2 24643
chr2 40319
chr2 37985
chr2 14250
chr2 120988
chr2 6014
chr2 6783
chr2 274531
chr2 6709
chr2 14954
chr2 110071
chr2 103507
chr2 37044
chr2 76611
chr2 38634
chr2 1424
chr2 46068
chr2 92985
chr2 21069
chr2 191480
chr2 191828
chr2 30048
chr2 52877
chr2 87457
chr2 13945
chr2 8792
chr2 16568
chr2 129745
chr2 26307
chr2 18438
chr2 23645
chr2 127356
chr2 10525
chr2 38317
chr2 115638
chr2 7253
chr2 76
chr2 85
chr2 7136
chr2 107020
chr2 52698
chr2 80830
chr2 14900
chr2 10199
chr2 6345
chr2 32567
chr2 21052
chr2 256860
chr2 94815
chr2 26439
chr2 100793
chr2 17649
chr2 55192
chr2 22344
chr2 58854
chr2 35764
chr2 27470
chr2 268978
chr2 38261
chr2 103412
chr2 75091
chr2 120916
chr2 91171
chr2 175079
chr2 11751
chr2 46966
chr2 8088
chr2 158667
chr2 100587
chr2 37131
chr2 57726
chr2 103038
chr2 41069
chr2 38838
chr2 54601
chr2 7945
chr2 20500
chr2 95287
chr2 33799
chr2 15866
chr2 17407
chr2 32407
chr2 3114
chr2 432530
chr2 19594
chr2 129755
chr2 127650
chr2 14321
chr2 36477
chr2 24266
chr2 21801
chr2 18553
chr2 39578
chr2 16256
chr2 8739
chr2 188
chr2 16322
chr2 43387
chr2 138244
chr2 177196
chr2 58387
chr2 137195
chr2 42939
chr2 120442
chr2 70188
chr2 7997
chr2 13285
chr2 521
chr2 14467
chr2 4573
chr2 308836
chr2 33981
chr2 181474
chr2 88545
chr2 20231
chr2 123012
chr2 171066
chr2 23413
chr2 108236
chr2 23036
chr2 44931
chr2 48085
chr2 132151
chr2 33793
chr2 232599
chr2 146693
chr2 140160
chr2 25149
chr2 37809
chr2 112513
chr2 267
chr2 120132
chr2 71
chr2 206356
chr2 67215
chr2 266774
chr2 51397
chr2 333964
chr2 25661
chr2 91926
chr2 86117
chr2 129356
chr2 252478
chr2 131419
chr2 246083
chr2 111168
chr2 96069
chr2 21070
chr2 83375
chr2 108112
chr2 9465
chr2 48248
chr2 3647
chr2 127116
chr2 61
chr2 27834
chr2 22033
chr2 65219
chr2 156724
chr2 47914
chr2 27675
chr2 73526
chr2 13274
chr2 10696
chr2 60018
chr2 12496
chr2 8485
chr2 38859
chr2 210813
chr2 38560
chr2 7332
chr2 31268
chr2 36563
chr2 144798
chr2 8186
chr2 4803
chr2 167481
chr2 265994
chr2 30524
chr2 23643
chr2 110463
chr2 34464
chr2 21810
chr2 82535
chr2 32043
chr2 84761
chr2 16854
chr2 143338
chr2 24849
chr2 84748
chr2 28958
chr2 79977
chr2 60791
chr2 77332
chr2 14341
chr2 34621
chr2 23945
chr2 151237
chr2 8866
chr2 20722
chr2 20
chr2 6226
chr2 37608
chr2 35771
chr2 8494
chr2 18914
chr2 21949
chr2 10994
chr2 26888
chr2 26505
chr2 157065
chr2 201679
chr2 36132
chr2 45461
chr2 57824
chr2 114736
chr2 59272
chr2 1868
chr2 308582
chr2 179945
chr2 285483
chr2 159290
chr2 282271
chr2 32354
chr2 258484
chr2 167291
chr2 314875
chr2 28813
chr2 111927
chr2 262156
chr2 17491
chr2 109771
chr2 36117
chr2 183392
chr2 2881
chr2 47069
chr2 113928
chr2 55263
chr2 80202
chr2 391453
chr2 3613
chr2 17749
chr2 12946
chr2 93077
chr2 35604
chr2 250685
chr2 311468
chr2 67989
chr2 81362
chr2 198679
chr2 179303
chr2 132936
chr2 28872
chr2 60194
chr2 42152
chr2 108108
chr2 22342
chr2 408
chr2 20014
chr2 16459
chr2 241204
chr2 94214
chr2 15950
chr2 70270
chr2 40351
chr2 24011
chr2 109529
chr2 47371
chr2 23810
chr2 67104
chr2 230618
chr2 87636
chr2 107263
chr2 4424
chr2 68381
chr2 91602
chr2 47361
chr2 81950
chr2 94320
chr2 8798
chr2 5286
chr2 65721
chr2 32329
chr2 7999
chr2 71476
chr2 85925
chr2 287276
chr2 92035
chr2 20289
chr2 249250
chr2 75
chr2 61073
chr2 59874
chr2 7586
chr2 90
chr2 97427
chr2 12242
chr2 68463
chr2 17334
chr2 125147
chr2 101056
chr2 76146
chr2 26879
chr2 139771
chr2 60452
chr2 232702
chr2 3741
chr2 81238
chr2 68207
chr2 16271
chr2 52036
chr2 4581
chr2 16045
chr2 19932
chr2 5715
chr2 138
chr2 12262
chr2 101763
chr2 16082
chr2 185426
chr2 47446
chr2 12242
chr2 10051
chr2 161623
chr2 62534
chr2 53884
chr2 149860
chr2 152797
chr2 179423
chr2 17908
chr2 25432
chr2 24624
chr2 117337
chr2 38078
chr2 33512
chr2 34545
chr2 31817
chr2 83002
chr2 61
chr2 16907
chr2 87105
chr2 36032
chr2 138673
chr2 34797
chr2 9226
chr2 27
chr2 68844
chr2 60568
chr2 33732
chr2 53356
chr2 117730
chr2 47152
chr2 69349
chr2 139122
chr2 210265
chr2 31801
chr2 132427
chr2 187674
chr2 3827
chr2 51744
chr2 161868
chr2 20079
chr2 46678
chr2 51800
chr2 6274
chr2 31094
chr2 38295
chr2 5560
chr2 22554
chr2 105810
chr2 102671
chr2 12018
chr2 94300
chr2 4835
chr2 80988
chr2 139430
chr2 73037
chr2 35781
chr2 22551
chr2 49343
chr2 19920
chr2 6196
chr2 13062
chr2 255
chr2 10193
chr2 20
chr2 33764
chr2 35250
chr2 20127
chr2 3220
chr2 6094
chr2 16307
chr2 12933
chr2 89381
chr2 32005
chr2 8927
chr2 23828
chr2 20144
chr2 48102
chr2 58226
chr2 104691
chr2 7448
chr2 114205
chr2 84542
chr2 5591
chr2 47799
chr2 17308
chr2 102596
chr2 38
chr2 18051
chr2 18220
chr2 17984
chr2 429
chr2 149318
chr2 63365
chr2 46224
chr2 30560
chr2 161744
chr2 1044
chr2 85815
chr2 151514
chr2 55733
chr2 27793
chr2 5128
chr2 57421
chr2 70598
chr2 148393
chr2 161261
chr2 50939
chr2 74109
chr2 55870
chr2 44451
chr2 47490
chr2 66659
chr2 268
chr2 79845
chr2 60529
chr2 91801
chr2 13579
chr2 80195
chr2 115
chr2 67320
chr2 38
chr2 17258
chr2 11619
chr2 106586
chr2 23609
chr2 31229
chr2 50267
chr2 22
chr2 17085
chr2 304012
chr2 19035
chr2 13638
chr2 154164
chr2 82990
chr2 58
chr2 12799
chr2 49496
chr2 3104
chr2 99398
chr2 66388
chr2 205591
chr2 31439
chr2 33268
chr2 25753
chr2 61828
chr2 113147
chr2 182728
chr2 173305
chr2 23050
chr2 51
chr2 70279
chr2 41389
chr2 123202
chr2 260588
chr2 11624
chr2 10610
chr2 27920
chr2 137
chr2 41457
chr2 2628
chr2 24259
chr2 878
chr2 156708
chr2 188525
chr2 124778
chr2 12867
chr2 19775
chr2 20469
chr2 31938
chr2 26632
chr2 64526
chr2 19491
chr2 20
chr2 165553
chr2 54921
chr2 60716
chr2 105325
chr2 63593
chr2 32299
chr2 135700
chr2 95860
chr2 71673
chr2 14522
chr2 32159
chr2 26
chr2 27497
chr2 38442
chr2 93447
chr2 19790
chr2 27065
chr2 81143
chr2 37804
chr2 175991
chr2 66677
chr2 115969
chr2 125590
chr2 17530
chr2 22946
chr2 423235
chr2 235695
chr2 4577
chr2 15027
chr2 9066
chr2 337365
chr2 89531
chr2 83205
chr2 42490
chr2 21114
chr2 15443
chr2 54057
chr2 76344
chr2 162630
chr2 59959
chr2 162931
chr2 8769
chr2 58573
chr2 5409
chr2 42993
chr2 7130
chr2 25250
chr2 9
chr2 144456
chr2 2396
chr2 9257
chr2 26429
chr2 46239
chr2 61424
chr2 29834
chr2 17089
chr2 5712
chr2 106854
chr2 13075
chr2 74762
chr2 9901
chr2 7710
chr2 11710
chr2 131580
chr2 16867
chr2 12261
chr2 82061
chr2 39898
chr2 61647
chr2 32146
chr2 40602
chr2 16139
chr2 105231
chr2 11057
chr2 42309
chr2 22618
chr2 30307
chr2 81651
chr2 40162
chr2 71
chr2 1172
chr2 19527
chr2 16164
chr2 35315
chr2 47754
chr2 11600
chr2 82532
chr2 12683
chr2 14083
chr2 54868
chr2 38
chr2 32439
chr2 5541
chr2 13616
chr2 35117
chr2 24695
chr2 22693
chr2 15846
chr2 34748
chr2 56798
chr2 15653
chr2 15100
chr2 106028
chr2 9588
chr2 68601
chr2 18138
chr2 15379
chr2 42353
chr2 73
chr2 26637
chr2 2331
chr2 69824
chr2 21326
chr2 173540
chr2 70769
chr2 149877
chr2 70338
chr2 47
chr2 113185
chr2 7497
chr2 30
chr2 5859
chr2 6609
chr2 160378
chr2 163193
chr2 14997
chr2 5371
chr2 2245
chr2 93092
chr2 176277
chr2 24486
chr2 94910
chr2 8446
chr2 5736
chr2 47961
chr2 43738
chr2 17733
chr2 130987
chr2 37345
chr2 37744
chr2 8058
chr2 18979
chr2 20872
chr2 58351
chr2 15404
chr2 116759
chr2 31466
chr2 100943
chr2 3970
chr2 25261
chr2 161265
chr2 24889
chr2 73374
chr2 5261
chr2 11352
chr2 43415
chr2 92360
chr2 69922
chr2 27133
chr2 22926
chr2 290
chr2 103964
chr2 142080
chr2 38
chr2 15424
chr2 200667
chr2 46
chr2 6803
chr2 82731
chr2 29802
chr2 36188
chr2 42476
chr2 7596
chr2 51661
chr2 50053
chr2 102721
chr2 25929
chr2 151709
chr2 20335
chr2 6020
chr2 979
chr2 37589
chr2 166357
chr2 275860
chr2 17342
chr2 109
chr2 26627
chr2 154637
chr2 6156
chr2 9891
chr2 382039
chr2 93375
chr2 274
chr2 25940
chr2 100001
chr2 381257
chr2 100133
chr2 15
chr2 66515
chr2 74799
chr2 72632
chr2 8840
chr2 257643
chr2 36880
chr2 41977
chr2 137185
chr2 30791
chr2 41137
chr2 15078
chr2 18000
chr2 54736
chr2 93398
chr2 102312
chr2 383989
chr2 351986
chr2 121069
chr2 27481
chr2 96650
chr2 7222
chr2 88864
chr2 102466
chr2 241591
chr2 264247
chr2 52317
chr2 55792
chr2 38059
chr2 131961
chr2 61333
chr2 3176
chr2 136683
chr2 345040
chr2 2825
chr2 61356
chr2 19800
chr2 94019
chr2 219400
chr2 23138
chr2 12633
chr2 57
chr2 5631
chr2 55587
chr2 81702
chr2 38954
chr2 45626
chr2 10515
chr2 101643
chr2 47011
chr2 213366
chr2 88073
chr2 93235
chr2 731406
chr2 77044
chr2 19802
chr2 72186
chr2 176814
chr2 24138
chr2 10849
chr2 7557
chr2 11066
chr2 129708
chr2 33864
chr2 56482
chr2 55718
chr2 343517
chr2 26029
chr2 682050
chr2 62
chr2 256870
chr2 6543
chr2 73
chr2 113
chr2 8466
chr2 65182
chr2 22856
chr2 77063
chr2 21912
chr2 140308
chr2 3676
chr2 16565
chr2 16
chr2 13176
chr2 2401
chr2 38
chr2 27613
chr2 22338
chr2 11487
chr2 7795
chr2 9876
chr2 1323
chr2 12560
chr2 16244
chr2 14049
chr2 65
chr2 16412
chr2 27860
chr2 36908
chr2 92135
chr2 31155
chr2 142629
chr2 18150
chr2 8546
chr2 11344
chr2 20240
chr2 5296
chr2 14058
chr2 10798
chr2 8994
chr2 566
chr2 24
chr2 19504
chr2 65379
chr2 381
chr2 21161
chr2 119156
chr2 101549
chr2 2455
chr2 146001
chr2 21236
chr2 31129
chr2 57936
chr2 29453
chr2 4575
chr2 222116
chr2 75352
chr2 70974
chr2 15800
chr2 60824
chr2 9957
chr2 105798
chr2 59934
chr2 8740
chr2 5681
chr2 88528
chr2 4926
chr2 45380
chr2 93514
chr2 14992
chr2 47402
chr2 50061
chr2 106838
chr2 4303
chr2 56183
chr2 155900
chr2 26
chr2 4777
chr2 46331
chr2 6689
chr2 13709
chr2 160068
chr2 151660
chr2 48343
chr2 254891
chr2 177389
chr2 31883
chr2 56082
chr2 18799
chr2 43671
chr2 22072
chr2 38
chr2 40666
chr2 64103
chr2 68939
chr2 111210
chr2 8246
chr2 115608
chr2 97947
chr2 20991
chr2 98786
chr2 26776
chr2 199032
chr2 169743
chr2 49685
chr2 31488
chr2 5483
chr2 9387
chr2 12778
chr2 35514
chr2 106103
chr2 28270
chr2 137224
chr2 4
chr2 45564
chr2 194933
chr2 75751
chr2 40198
chr2 7085
chr2 71473
chr2 61833
chr2 80074
chr2 19876
chr2 83493
chr2 143338
chr2 90192
chr2 42551
chr2 35541
chr2 54351
chr2 17
chr2 62111
chr2 86988
chr2 65957
chr2 28042
chr2 104116
chr2 97984
chr2 3604
chr2 53700
chr2 32661
chr2 34446
chr2 216506
chr2 78861
chr2 91074
chr2 72095
chr2 72606
chr2 63878
chr2 31748
chr2 36867
chr2 12920
chr2 23131
chr2 293103
chr2 39063
chr2 133763
chr2 21752
chr2 446634
chr2 47093
chr2 26678
chr2 134
chr2 7442
chr2 13682
chr2 107350
chr2 36638
chr2 327615
chr2 27461
chr2 153451
chr2 80089
chr2 231423
chr2 34864
chr2 77719
chr2 111005
chr2 105
chr2 222936
chr2 132
chr2 78950
chr2 4753
chr2 6809
chr2 134332
chr2 103860
chr2 49749
chr2 112
chr2 227462
chr2 768982
chr2 204207
chr2 343255
chr2 200761
chr2 73086
chr2 194975
chr2 197350
chr2 34
chr2 71681
chr2 157610
chr2 400988
chr2 38
chr2 77179
chr2 73271
chr2 92206
chr2 101198
chr2 28867
chr2 21793
chr2 40327
chr2 7269
chr2 17162
chr2 110898
chr2 20681
chr2 123134
chr2 95514
chr2 120108
chr2 66613
chr2 209599
chr2 19351
chr2 249211
chr2 42728
chr2 5992
chr2 14371
chr2 10147
chr2 78370
chr2 29058
chr2 19542
chr2 69563
chr2 76506
chr2 21481
chr2 87711
chr2 38983
chr2 16990
chr2 118325
chr2 105986
chr2 127371
chr2 35707
chr2 30629
chr2 62898
chr2 135121
chr2 52279
chr2 222768
chr2 81921
chr2 121685
chr2 65828
chr2 165512
chr2 70745
chr2 54767
chr2 24363
chr2 9437
chr2 83451
chr2 28651
chr2 17881
chr2 25023
chr2 39945
chr2 56734
chr2 3755
chr2 77394
chr2 2948
chr2 46339
chr2 19156
chr2 128
chr2 182370
chr2 26552
chr2 82320
chr2 282547
chr2 215231
chr2 81492
chr2 49722
chr2 134472
chr2 142278
chr2 208101
chr2 26627
chr2 9051
chr2 40
chr2 5631
chr2 40160
chr2 7071
chr2 2395
chr2 2096
chr2 37826
chr2 91366
chr2 88392
chr2 278467
chr2 198265
chr2 200320
chr2 29761
chr2 36690
chr2 13226
chr2 5413
chr2 16192
chr2 8590
chr2 38209
chr2 14539
chr2 25846
chr2 26339
chr2 10383
chr2 37568
chr2 20237
chr2 139358
chr2 7832
chr2 18642
chr2 54710
chr2 40536
chr2 5537
chr2 10930
chr2 167681
chr2 31235
chr2 11631
chr2 7470
chr2 68118
chr2 48087
chr2 10705
chr2 64339
chr2 22160
chr2 18129
chr2 72573
chr2 11877
chr2 42853
chr2 66565
chr2 3006
chr2 240857
chr2 119183
chr2 41836
chr2 65309
chr2 14103
chr2 23573
chr2 2035
chr2 15014
chr2 19629
chr2 276359
chr2 135861
chr2 2067
chr2 8373
chr2 70011
chr2 7237
chr2 6874
chr2 28
chr2 123584
chr2 165824
chr2 68895
chr2 54526
chr2 15492
chr2 179538
chr2 233799
chr2 992316
chr2 117571
chr2 152802
chr2 58725
chr2 235696
chr2 123027
chr2 105614
chr2 194017
chr2 479016
chr2 63318
chr2 14993
chr2 130
chr2 34088
chr2 9553
chr2 8981
chr2 35689
chr2 1282
chr2 39068
chr2 168164
chr2 7410
chr2 60007
chr2 106359
chr2 57390
chr2 85073
chr2 84799
chr2 101427
chr2 11300
chr2 41821
chr2 23621
chr2 146104
chr2 137900
chr2 17095
chr2 92
chr2 23515
chr2 275995
chr2 61056
chr2 73678
chr2 491104
chr2 631918
chr2 101691
chr2 25468
chr2 33396
chr2 122944
chr2 258531
chr2 102
chr2 352739
chr2 878
chr2 479
chr2 10842
chr2 23005
chr2 216637
chr2 34041
chr2 168838
chr2 116350
chr2 59837
chr2 26045
chr2 188
chr2 502028
chr2 24011
chr2 361481
chr2 112107
chr2 63
chr2 110
chr2 83
chr2 348903
chr2 185882
chr2 322940
chr2 139975
chr2 39491
chr2 171232
chr2 12572
chr2 30102
chr2 186590
chr2 102
chr2 38386
chr2 66
chr2 135596
chr2 11492
chr2 54912
chr2 481996
chr2 699910
chr2 96200
chr2 859
chr2 2198
chr2 89052
chr2 27219
chr2 48705
chr20 30370
chr20 74971
chr20 80
chr20 375206
chr20 270303
chr20 88002
chr20 181554
chr20 23155
chr20 398245
chr20 97837
chr20 53895
chr20 81579
chr20 54973
chr20 232422
chr20 107502
chr20 24
chr20 100242
chr20 100874
chr20 135283
chr20 177882
chr20 688368
chr20 105182
chr20 33561
chr20 15573
chr20 9582
chr20 78144
chr20 22211
chr20 155342
chr20 127327
chr20 217271
chr20 145164
chr20 54676
chr20 77718
chr20 2012
chr20 58252
chr20 18745
chr20 27231
chr20 75646
chr20 19950
chr20 36860
chr20 56781
chr20 23838
chr20 210299
chr20 252121
chr20 13709
chr20 12330
chr20 9931
chr20 6996
chr20 91405
chr20 59427
chr20 44502
chr20 18360
chr20 19646
chr20 39654
chr20 1981
chr20 242260
chr20 76011
chr20 302112
chr20 27416
chr20 25621
chr20 51038
chr20 93060
chr20 40323
chr20 51097
chr20 20846
chr20 199804
chr20 44769
chr20 122401
chr20 30046
chr20 132845
chr20 204724
chr20 50836
chr20 24744
chr20 16833
chr20 63051
chr20 37
chr20 61871
chr20 259938
chr20 14812
chr20 23166
chr20 16646
chr20 4165
chr20 63836
chr20 19863
chr20 309
chr20 53220
chr20 91219
chr20 102237
chr20 2412
chr20 630
chr20 51519
chr20 19905
chr20 55771
chr20 83051
chr20 994
chr20 80866
chr20 28818
chr20 64964
chr20 11810
chr20 76795
chr20 32236
chr20 414412
chr20 68195
chr20 67278
chr20 36994
chr20 29
chr20 143879
chr20 170296
chr20 126064
chr20 46509
chr20 29586
chr20 56715
chr20 46545
chr20 8686
chr20 11949
chr20 3178
chr20 163097
chr20 29353
chr20 132652
chr20 42216
chr20 122493
chr20 70957
chr20 438628
chr20 13282
chr20 75598
chr20 46297
chr20 35131
chr20 120731
chr20 26632
chr20 30486
chr20 40151
chr20 233238
chr20 152022
chr20 161356
chr20 28473
chr20 78981
chr20 41387
chr20 101918
chr20 101
chr20 138140
chr20 116807
chr20 118796
chr20 62989
chr20 58050
chr20 6009
chr20 10366
chr20 48594
chr20 16178
chr20 92695
chr20 152575
chr20 9750
chr20 4154
chr20 70
chr20 130435
chr20 210717
chr20 211055
chr20 57781
chr20 6292
chr20 17490
chr20 15980
chr20 38
chr20 11519
chr20 36528
chr20 77771
chr20 107947
chr20 314835
chr20 208569
chr20 24159
chr20 20833
chr20 183237
chr20 1554
chr20 55794
chr20 104710
chr20 114575
chr20 75229
chr20 330081
chr20 32537
chr20 202589
chr20 431877
chr20 63926
chr20 2075
chr20 283392
chr20 235157
chr20 21400
chr20 108317
chr20 39362
chr20 28491
chr20 127340
chr20 67237
chr20 38748
chr20 44298
chr20 36037
chr20 28807
chr20 52802
chr20 85563
chr20 39409
chr20 141
chr20 25434
chr20 6472
chr20 7217
chr20 6219
chr20 25893
chr20 32813
chr20 36987
chr20 21719
chr20 138327
chr20 46474
chr20 78295
chr20 336987
chr20 369746
chr20 89877
chr20 31136
chr20 13277
chr20 51848
chr20 101850
chr20 60400
chr20 24009
chr20 37432
chr20 95488
chr20 105671
chr20 6088
chr20 24354
chr20 132
chr20 36936
chr20 6465
chr20 44745
chr20 48487
chr20 7062
chr20 38
chr20 2097
chr20 46294
chr20 222076
chr20 230111
chr20 71514
chr20 28406
chr20 167673
chr20 27440
chr20 11402
chr20 8026
chr20 175217
chr20 38216
chr20 73508
chr20 15
chr20 174232
chr20 228956
chr20 1016
chr20 493436
chr20 214778
chr20 28573
chr20 136782
chr20 425
chr20 24748
chr20 11066
chr20 96109
chr20 52229
chr20 32630
chr20 108743
chr20 56505
chr20 12958
chr20 117270
chr20 82363
chr20 277
chr20 4850
chr20 19464
chr20 10
chr20 53301
chr20 26799
chr20 78923
chr20 8304
chr20 47511
chr20 35185
chr20 313231
chr20 87707
chr20 47794
chr20 77
chr20 18473
chr20 57496
chr20 13511
chr20 38881
chr20 4437
chr20 293723
chr20 13132
chr20 102454
chr20 8167
chr20 15433
chr20 170019
chr20 105104
chr20 32210
chr20 22941
chr20 58371
chr20 61735
chr20 20145
chr20 7699
chr20 62373
chr20 12311
chr20 34951
chr20 83257
chr20 230657
chr20 185412
chr20 120425
chr20 35145
chr20 291693
chr20 34048
chr20 49196
chr20 20880
chr20 52439
chr20 65814
chr20 15
chr20 300
chr20 45150
chr20 18
chr20 59134
chr20 8569
chr20 154730
chr20 115747
chr20 132170
chr20 46439
chr20 53515
chr20 648
chr20 15725
chr20 7661
chr20 5032
chr20 16167
chr20 42
chr20 80464
chr20 72822
chr20 6317
chr20 44718
chr20 110189
chr20 66219
chr20 133590
chr20 14445
chr20 6316
chr20 2463503
chr20 12289
chr20 45977
chr20 37280
chr20 7979
chr20 80026
chr20 45573
chr20 66763
chr20 84769
chr20 545
chr20 109039
chr20 9770
chr20 21848
chr20 29625
chr20 20815
chr20 32390
chr20 22153
chr20 7316
chr20 99297
chr20 545
chr20 65377
chr20 60572
chr20 32748
chr20 12560
chr20 8613
chr20 24173
chr20 102463
chr20 6978
chr20 15421
chr20 104426
chr20 239933
chr20 44218
chr20 44687
chr20 180371
chr20 80852
chr20 12
chr20 99570
chr20 32665
chr20 271
chr20 48155
chr20 186571
chr20 23241
chr20 68406
chr20 18924
chr20 314175
chr20 53697
chr20 58292
chr20 231178
chr20 22700
chr20 270427
chr20 499121
chr20 420047
chr20 158
chr20 84919
chr20 583186
chr20 252573
chr20 565811
chr20 283646
chr20 497360
chr20 54800
chr20 238901
chr20 542
chr20 42526
chr20 87033
chr20 780400
chr20 81578
chr20 51341
chr20 328090
chr20 1331527
chr20 29618
chr20 42064
chr20 370423
chr20 295560
chr20 95
chr20 336186
chr20 231285
chr20 70009
chr20 23780
chr20 31077
chr20 71699
chr20 263953
chr20 82
chr20 127036
chr20 42449
chr20 189945
chr20 57675
chr20 209303
chr20 13846
chr20 40916
chr20 52205
chr20 600979
chr20 26799
chr20 282932
chr20 28698
chr20 41593
chr20 89723
chr20 80202
chr20 5147
chr20 34614
chr20 6812
chr20 38678
chr20 70079
chr20 47700
chr20 185923
chr20 43609
chr20 105828
chr20 22416
chr20 65390
chr20 16056
chr20 60447
chr20 26651
chr20 71780
chr20 14289
chr20 86797
chr20 50969
chr20 87609
chr20 18642
chr20 70370
chr20 22068
chr20 154623
chr20 256340
chr20 44175
chr20 22631
chr20 6901
chr20 469594
chr20 48233
chr20 129836
chr20 142317
chr20 608298
chr20 367739
chr20 26907
chr20 276756
chr20 55963
chr20 128989
chr20 30372
chr20 32639
chr20 8432
chr20 246722
chr20 891284
chr20 134693
chr20 29864
chr20 105630
chr20 415397
chr20 138088
chr20 55070
chr20 239945
chr20 87322
chr20 263383
chr20 334838
chr20 223440
chr20 38080
chr20 42499
chr20 115435
chr20 1090013
chr20 179818
chr20 37388
chr20 834360
chr20 67424
chr20 173644
chr20 10924
chr20 6255
chr20 192347
chr20 460240
chr20 11080
chr20 35845
chr20 106087
chr20 167541
chr20 24021
chr20 40247
chr20 24542
chr20 71196
chr20 12761
chr20 168687
chr20 66908
chr20 147665
chr20 279418
chr20 93703
chr20 57213
chr20 193
chr20 68184
chr20 497607
chr20 109223
chr20 71564
chr20 30386
chr20 37430
chr20 66
chr20 73153
chr20 30111
chr20 28464
chr20 40955
chr20 73704
chr20 28150
chr20 33263
chr20 144350
chr20 32468
chr20 40942
chr20 17831
chr20 25320
chr20 8
chr20 33990
chr20 98815
chr20 97976
chr20 61665
chr20 93612
chr20 82653
chr20 45446
chr20 5245
chr20 29118
chr20 101144
chr20 3997
chr20 20553
chr20 51191
chr20 12486
chr20 30459
chr20 136990
chr20 27429
chr20 30152
chr20 43914
chr20 30867
chr20 12422
chr20 5636
chr20 10428
chr20 27832
chr20 70241
chr20 46503
chr20 8214
chr20 2369
chr20 70188
chr20 104781
chr20 33217
chr20 174153
chr20 8
chr20 20037
chr20 74083
chr20 269783
chr20 65548
chr20 15359
chr20 153
chr20 80333
chr20 61065
chr20 8595
chr20 206283
chr20 32846
chr20 134486
chr20 64258
chr20 494133
chr20 7587
chr20 554648
chr20 519516
chr20 21487
chr20 98521
chr20 351120
chr20 43
chr20 101464
chr20 223313
chr20 30088
chr20 11322
chr20 26532
chr20 46731
chr20 57458
chr20 69536
chr20 86186
chr20 96884
chr20 84966
chr20 122351
chr20 34842
chr20 32679
chr20 121940
chr20 28690
chr20 93
chr20 34849
chr20 109178
chr20 5388
chr20 3535
chr20 46900
chr20 72376
chr20 109377
chr20 238141
chr20 45899
chr20 122005
chr20 38
chr20 276445
chr20 297635
chr20 536925
chr20 42
chr20 44126
chr20 293064
chr20 24545
chr20 1196940
chr20 74306
chr21 4352
chr21 15179
chr21 19953
chr21 8132
chr21 57924
chr21 370009
chr21 542701
chr21 91716
chr21 151434
chr21 356788
chr21 49937
chr21 8083
chr21 122269
chr21 75275
chr21 80933
chr21 22687
chr21 58292
chr21 143982
chr21 169206
chr21 32829
chr21 172248
chr21 41770
chr21 1897
chr21 109958
chr21 163706
chr21 107092
chr21 227288
chr21 142357
chr21 10981
chr21 85109
chr21 71109
chr21 94592
chr21 23983
chr21 102396
chr21 13094
chr21 2402
chr21 26048
chr21 31384
chr21 75789
chr21 32178
chr21 1534
chr21 10916
chr21 70856
chr21 17611
chr21 44579
chr21 1969
chr21 357719
chr21 50134
chr21 131692
chr21 57739
chr21 88063
chr21 1193
chr21 42983
chr21 40830
chr21 69036
chr21 2057
chr21 188295
chr21 37959
chr21 11629
chr21 156326
chr21 80781
chr21 2437299
chr21 7342
chr21 55606
chr21 23357
chr21 108132
chr21 49
chr21 93937
chr21 62
chr21 55283
chr21 20914
chr21 33941
chr21 81209
chr21 20279
chr21 16362
chr21 140191
chr21 49944
chr21 8109
chr21 31200
chr21 133138
chr21 228377
chr21 19233
chr21 290731
chr21 46450
chr21 88946
chr21 5597
chr21 33029
chr21 12283
chr21 40552
chr21 16234
chr21 67419
chr21 42892
chr21 63974
chr21 267641
chr21 135720
chr21 382047
chr21 212241
chr21 3212
chr21 86660
chr21 13231
chr21 112636
chr21 22794
chr21 27
chr21 292598
chr21 171881
chr21 40161
chr21 5500
chr21 50964
chr21 8635
chr21 75
chr21 9042
chr21 566
chr21 1706
chr21 3816
chr21 48719
chr21 98850
chr21 36830
chr21 15317
chr21 44657
chr21 58005
chr21 56151
chr21 76027
chr21 32355
chr21 41336
chr21 30801
chr21 10478
chr21 26836
chr21 5106
chr21 63722
chr21 106396
chr21 7209
chr21 88916
chr21 66161
chr21 94921
chr21 38
chr21 21460
chr21 31663
chr21 57202
chr21 9617
chr21 39333
chr21 62520
chr21 4253
chr21 11000
chr21 64640
chr21 133971
chr21 21739
chr21 64591
chr21 36899
chr21 129497
chr21 6032
chr21 22655
chr21 37160
chr21 93940
chr21 126694
chr21 63799
chr21 31540
chr21 12732
chr21 155039
chr21 193958
chr21 114964
chr21 77719
chr21 54021
chr21 106777
chr21 103664
chr21 33047
chr21 58471
chr21 10215
chr21 36340
chr21 9492
chr21 11409
chr21 15837
chr21 84567
chr21 52461
chr21 4687
chr21 62703
chr21 54788
chr21 52090
chr21 33757
chr21 36860
chr21 105868
chr21 85417
chr21 1917
chr21 45866
chr21 56683
chr21 81985
chr21 16459
chr21 47707
chr21 129602
chr21 148561
chr21 39846
chr21 114166
chr21 149946
chr21 25879
chr21 20499
chr21 147457
chr21 23678
chr21 264827
chr21 1161
chr21 129783
chr21 107932
chr21 83248
chr21 3020
chr21 26474
chr21 8291
chr21 44806
chr21 68986
chr21 188147
chr21 127927
chr21 158971
chr21 29274
chr21 93339
chr21 79594
chr21 22255
chr21 11036
chr21 10419
chr21 4233
chr21 13954
chr21 2996
chr21 48028
chr21 30974
chr21 163528
chr21 39018
chr21 72683
chr21 246760
chr21 227993
chr21 38215
chr21 111299
chr21 22113
chr21 33170
chr21 218340
chr21 751
chr21 9422
chr21 22243
chr21 43974
chr21 78176
chr21 44026
chr21 97572
chr21 12231
chr21 29207
chr21 15161
chr21 26189
chr21 17194
chr21 100166
chr21 20377
chr21 37966
chr21 2569
chr21 34987
chr21 43191
chr21 33818
chr21 41292
chr21 14857
chr21 87807
chr21 301430
chr21 50669
chr21 11451
chr21 52893
chr21 26009
chr21 29970
chr21 29703
chr21 31118
chr21 81479
chr21 312240
chr21 80013
chr21 206720
chr21 37491
chr21 30965
chr21 36246
chr21 11174
chr21 31408
chr21 13599
chr21 11790
chr21 15557
chr21 57725
chr21 61263
chr21 10240
chr21 12485
chr21 111095
chr21 137874
chr21 82512
chr21 300614
chr21 24111
chr21 7167
chr21 73756
chr21 150752
chr21 90351
chr21 20573
chr21 1528
chr21 47808
chr21 7606
chr21 6753
chr21 103747
chr21 21590
chr21 108745
chr21 8365
chr21 122068
chr21 5595
chr21 155408
chr21 43769
chr21 175943
chr21 144052
chr21 105894
chr21 44
chr21 19447
chr21 6822
chr21 17994
chr21 33879
chr21 83133
chr21 24554
chr21 24273
chr21 111374
chr21 410829
chr21 34
chr21 53425
chr21 24134
chr21 189297
chr21 253796
chr21 38
chr21 44788
chr21 189513
chr21 105904
chr21 671
chr21 77439
chr21 20477
chr21 50
chr21 68612
chr21 106823
chr21 87716
chr21 76540
chr21 19684
chr21 145737
chr21 49228
chr21 17409
chr21 287417
chr21 169295
chr21 644479
chr21 65377
chr21 178324
chr21 326034
chr21 280531
chr21 61428
chr21 328504
chr21 121646
chr21 340845
chr21 462056
chr21 337585
chr21 1897
chr21 473186
chr21 141106
chr21 89301
chr21 37207
chr21 95034
chr21 65121
chr21 28308
chr21 1943
chr21 59741
chr21 45810
chr21 35693
chr21 37686
chr21 54946
chr21 53438
chr21 10272
chr21 84
chr21 67466
chr21 16554
chr21 70493
chr21 10924
chr21 27654
chr21 295695
chr21 70405
chr21 43323
chr21 130540
chr21 380073
chr21 290453
chr21 606
chr21 28164
chr21 405430
chr21 112431
chr21 56363
chr21 27416
chr21 4347
chr21 23608
chr21 20139
chr21 14488
chr21 11995
chr21 15168
chr21 85951
chr21 27678
chr21 12673
chr21 27841
chr21 19139
chr21 23975
chr21 43
chr21 56315
chr21 147402
chr21 27265
chr21 37838
chr21 60711
chr21 99488
chr21 32937
chr21 126468
chr21 66801
chr21 72051
chr21 64774
chr21 242176
chr21 479494
chr21 6362
chr21 146871
chr21 102239
chr21 216474
chr21 92304
chr21 84236
chr21 37413
chr21 42510
chr21 27830
chr21 10127
chr21 1739
chr21 37533
chr21 4010
chr21 2518
chr21 95474
chr21 11645
chr21 127287
chr21 109994
chr21 55373
chr21 41876
chr21 13377
chr21 54234
chr21 42716
chr21 108
chr21 43184
chr21 3784
chr21 8339
chr21 18968
chr21 56
chr21 5035
chr21 201918
chr21 30
chr21 100873
chr21 286562
chr21 186
chr21 164694
chr21 141340
chr21 55486
chr21 44101
chr21 43148
chr21 16207
chr21 18
chr21 105582
chr21 83
chr21 20059
chr21 529200
chr21 409877
chr21 348594
chr21 90
chr21 136388
chr21 111
chr21 530
chr21 800757
chr21 12741
chr21 17
chr21 1157
chr21 71180
chr21 412688
chr21 151150
chr21 447841
chr21 118541
chr21 12924
chr21 432
chr21 20560
chr21 53526
chr21 9790
chr21 88732
chr21 143170
chr21 31
chr21 124478
chr21 498980
chr21 25505
chr21 28890
chr21 37837
chr21 7522
chr22 71666
chr22 24596
chr22 15656
chr22 64
chr22 351113
chr22 115111
chr22 159063
chr22 154112
chr22 96110
chr22 23430
chr22 110806
chr22 105770
chr22 1893
chr22 63995
chr22 23437
chr22 33855
chr22 101753
chr22 7551
chr22 17870
chr22 32130
chr22 86439
chr22 10042
chr22 32289
chr22 95750
chr22 17913
chr22 18271
chr22 16736
chr22 13955
chr22 12964
chr22 14335
chr22 87041
chr22 16730
chr22 18893
chr22 17911
chr22 61068
chr22 23740
chr22 545
chr22 67254
chr22 12187
chr22 163332
chr22 12271
chr22 2331831
chr22 77503
chr22 174326
chr22 57200
chr22 14457
chr22 23716
chr22 4765
chr22 44650
chr22 67445
chr22 38402
chr22 75800
chr22 362163
chr22 75358
chr22 198247
chr22 34
chr22 13495
chr22 2550
chr22 26248
chr22 58960
chr22 91
chr22 11651
chr22 79995
chr22 32609
chr22 518
chr22 82
chr22 45200
chr22 59252
chr22 76104
chr22 43978
chr22 2443
chr22 86061
chr22 15651
chr22 5780
chr22 4056
chr22 23144
chr22 191152
chr22 71892
chr22 121095
chr22 12227
chr22 93439
chr22 101880
chr22 313803
chr22 288292
chr22 174716
chr22 320408
chr22 390266
chr22 666574
chr22 132527
chr22 53
chr22 178018
chr22 698560
chr22 320235
chr22 3705
chr22 234827
chr22 705017
chr22 110393
chr22 13095
chr22 18849
chr22 28
chr22 18233
chr22 48223
chr22 107
chr22 75863
chr22 107503
chr22 1511
chr22 124255
chr22 306709
chr22 95537
chr22 18771
chr22 503516
chr22 135364
chr22 37869
chr22 522942
chr22 3145
chr22 104769
chr22 74402
chr22 13316
chr22 217931
chr22 228447
chr22 398921
chr22 106000
chr22 120677
chr22 42
chr22 110568
chr22 187423
chr22 373810
chr22 84774
chr22 12260
chr22 60677
chr22 8688
chr22 155190
chr22 407831
chr22 6532
chr22 365312
chr22 8039
chr22 132508
chr22 662965
chr22 2937
chr22 1869
chr22 15520
chr22 29179
chr22 325
chr22 79581
chr22 27476
chr22 17731
chr22 118708
chr22 52702
chr22 10
chr22 76681
chr22 28225
chr22 24374
chr22 99060
chr22 307815
chr22 800751
chr22 376698
chr22 624904
chr22 455233
chr22 132635
chr22 677975
chr22 10580
chr22 193968
chr22 53311
chr22 24239
chr22 14740
chr22 57369
chr22 26896
chr22 23605
chr22 208376
chr22 130331
chr22 18518
chr22 14810
chr22 135457
chr22 8377
chr22 31296
chr22 145901
chr22 36273
chr22 4226
chr22 43740
chr22 31407
chr22 109788
chr22 60655
chr22 19581
chr22 62287
chr22 136860
chr22 47824
chr22 56707
chr22 92515
chr22 63045
chr22 221824
chr22 14715
chr22 264937
chr22 25429
chr22 7391
chr22 4536
chr22 85061
chr22 74816
chr22 38096
chr22 14782
chr22 55819
chr22 57666
chr22 3618
chr22 16115
chr22 14
chr22 48807
chr22 10479
chr22 17344
chr22 34667
chr22 69194
chr22 28917
chr22 63935
chr22 4955
chr22 39795
chr22 99420
chr22 167
chr22 17134
chr22 245361
chr22 593523
chr22 42720
chr22 26896
chr22 210621
chr22 126
chr22 1534266
chr22 529782
chr22 852189
chr22 410528
chr22 104492
chr22 109322
chr22 20
chr22 3658
chr22 261277
chr22 1007154
chr22 167206
chr22 537741
chr22 1738311
chr22 168005
chr22 96398
chr22 154905
chr22 253635
chr22 101214
chr22 589652
chr22 12
chr22 279908
chr22 256
chr22 418321
chr22 1193834
chr22 399530
chr22 45313
chr22 63451
chr22 19752
chr22 282194
chr22 45765
chr22 152991
chr22 186
chr22 232365
chr22 67125
chr22 21508
chr22 10017
chr22 347247
chr22 78328
chr22 68752
chr22 10
chr22 41746
chr22 20860
chr22 5897
chr22 233898
chr22 284
chr22 81531
chr22 88562
chr22 142036
chr22 196494
chr22 278431
chr22 26039
chr22 440410
chr22 23831
chr22 61
chr22 102578
chr22 1352
chr22 47
chr22 411026
chr22_KI270731v1_random 22
chr22_KI270731v1_random 30409
chr3 29398
chr3 29529
chr3 92065
chr3 2826
chr3 175083
chr3 130460
chr3 44040
chr3 64397
chr3 40643
chr3 12487
chr3 49663
chr3 61741
chr3 12322
chr3 133043
chr3 11808
chr3 15906
chr3 108786
chr3 119285
chr3 83913
chr3 40618
chr3 72234
chr3 82793
chr3 83548
chr3 20575
chr3 80
chr3 16508
chr3 19386
chr3 142900
chr3 13932
chr3 1397
chr3 47796
chr3 20950
chr3 3247
chr3 19207
chr3 21804
chr3 81110
chr3 131159
chr3 62013
chr3 40663
chr3 256035
chr3 34613
chr3 30317
chr3 5288
chr3 791711
chr3 18839
chr3 126772
chr3 118685
chr3 159748
chr3 30750
chr3 16834
chr3 28946
chr3 3057
chr3 17166
chr3 38957
chr3 19928
chr3 22585
chr3 60372
chr3 146
chr3 32754
chr3 35681
chr3 27105
chr3 6518
chr3 36697
chr3 20406
chr3 144902
chr3 202839
chr3 177194
chr3 383773
chr3 97869
chr3 81372
chr3 889
chr3 43821
chr3 7039
chr3 16331
chr3 23383
chr3 96309
chr3 619
chr3 11909
chr3 59603
chr3 3145
chr3 128978
chr3 35637
chr3 10371
chr3 8689
chr3 26498
chr3 132685
chr3 5049
chr3 51717
chr3 5827
chr3 24383
chr3 79126
chr3 45394
chr3 28504
chr3 25061
chr3 6028
chr3 60132
chr3 53608
chr3 25915
chr3 26583
chr3 125702
chr3 35534
chr3 148619
chr3 188719
chr3 8539
chr3 4958
chr3 874
chr3 57707
chr3 344558
chr3 101577
chr3 56179
chr3 77128
chr3 4815
chr3 255356
chr3 65731
chr3 9336
chr3 32007
chr3 50107
chr3 121317
chr3 186451
chr3 126665
chr3 14253
chr3 56122
chr3 91298
chr3 77312
chr3 155352
chr3 245145
chr3 58725
chr3 68
chr3 109700
chr3 79022
chr3 39177
chr3 95235
chr3 243304
chr3 409038
chr3 609590
chr3 73201
chr3 615424
chr3 132574
chr3 17556
chr3 13784
chr3 345791
chr3 84380
chr3 130700
chr3 20296
chr3 288854
chr3 189378
chr3 64748
chr3 854191
chr3 107727
chr3 59435
chr3 41003
chr3 26281
chr3 25741
chr3 162348
chr3 10137
chr3 28092
chr3 27799
chr3 4450
chr3 65386
chr3 20614
chr3 112719
chr3 96298
chr3 366
chr3 463859
chr3 96
chr3 3344
chr3 413272
chr3 28723
chr3 195949
chr3 88559
chr3 219808
chr3 5775
chr3 201040
chr3 251507
chr3 35720
chr3 36177
chr3 314712
chr3 136458
chr3 26011
chr3 77
chr3 130
chr3 21282
chr3 5948
chr3 39443
chr3 175768
chr3 11815
chr3 5916
chr3 150983
chr3 55226
chr3 44624
chr3 6062
chr3 90602
chr3 27567
chr3 5509
chr3 40777
chr3 24702
chr3 34254
chr3 81089
chr3 80038
chr3 37020
chr3 5040
chr3 45901
chr3 120660
chr3 75087
chr3 113
chr3 102005
chr3 110975
chr3 7161
chr3 762889
chr3 59869
chr3 62730
chr3 14117
chr3 37617
chr3 39555
chr3 28115
chr3 21601
chr3 209973
chr3 105813
chr3 41874
chr3 7219
chr3 33580
chr3 45436
chr3 16634
chr3 31391
chr3 12877
chr3 25039
chr3 10533
chr3 67809
chr3 87978
chr3 10878
chr3 44
chr3 6097
chr3 2964
chr3 355093
chr3 18869
chr3 22706
chr3 4794
chr3 161076
chr3 202979
chr3 25611
chr3 60558
chr3 157127
chr3 114964
chr3 129765
chr3 56
chr3 11600
chr3 52297
chr3 12632
chr3 17140
chr3 30155
chr3 36007
chr3 74001
chr3 14872
chr3 186244
chr3 14453
chr3 82555
chr3 46626
chr3 28671
chr3 42831
chr3 151933
chr3 2977
chr3 23299
chr3 47561
chr3 39352
chr3 63742
chr3 9830
chr3 28852
chr3 37827
chr3 54682
chr3 27721
chr3 52760
chr3 74397
chr3 7486
chr3 74201
chr3 14528
chr3 11969
chr3 13463
chr3 11117
chr3 6737
chr3 5100
chr3 21645
chr3 56009
chr3 11425
chr3 14145
chr3 447
chr3 52180
chr3 22745
chr3 24837
chr3 11518
chr3 42985
chr3 39430
chr3 17222
chr3 31
chr3 6649
chr3 74759
chr3 21989
chr3 103122
chr3 6848
chr3 77074
chr3 3821
chr3 151435
chr3 14425
chr3 15669
chr3 28318
chr3 57691
chr3 2687
chr3 72338
chr3 21241
chr3 50359
chr3 18521
chr3 39941
chr3 34183
chr3 195995
chr3 12
chr3 177037
chr3 26846
chr3 55648
chr3 100196
chr3 8736
chr3 74
chr3 66565
chr3 113521
chr3 7324
chr3 148
chr3 6719
chr3 60149
chr3 98704
chr3 60430
chr3 59730
chr3 211652
chr3 78370
chr3 6642
chr3 205770
chr3 3258
chr3 41747
chr3 85399
chr3 29551
chr3 178773
chr3 297571
chr3 104102
chr3 55666
chr3 26932
chr3 13334
chr3 2614
chr3 153069
chr3 30078
chr3 19025
chr3 75956
chr3 1638
chr3 76454
chr3 43695
chr3 32435
chr3 27517
chr3 29135
chr3 3187
chr3 42145
chr3 103561
chr3 55199
chr3 193
chr3 15832
chr3 12723
chr3 28165
chr3 25373
chr3 27361
chr3 45275
chr3 580
chr3 29122
chr3 110
chr3 11209
chr3 8856
chr3 10811
chr3 4786
chr3 24072
chr3 17415
chr3 523
chr3 120634
chr3 223359
chr3 175475
chr3 228258
chr3 9728
chr3 15606
chr3 46035
chr3 124819
chr3 124589
chr3 29516
chr3 83
chr3 1891
chr3 42
chr3 123258
chr3 193114
chr3 5229
chr3 78688
chr3 23227
chr3 4678
chr3 2973
chr3 2027
chr3 86942
chr3 134843
chr3 20648
chr3 113516
chr3 73856
chr3 36070
chr3 52700
chr3 74044
chr3 5935
chr3 89282
chr3 90654
chr3 196076
chr3 19064
chr3 87
chr3 91267
chr3 20
chr3 109840
chr3 14629
chr3 10
chr3 119234
chr3 116208
chr3 20085
chr3 38324
chr3 17776
chr3 39470
chr3 32395
chr3 24683
chr3 47288
chr3 12257
chr3 123348
chr3 29526
chr3 19666
chr3 47545
chr3 106676
chr3 267530
chr3 13217
chr3 109475
chr3 124613
chr3 92365
chr3 16972
chr3 44584
chr3 188049
chr3 348752
chr3 269497
chr3 10573
chr3 25539
chr3 215500
chr3 187513
chr3 191217
chr3 13763
chr3 263447
chr3 262697
chr3 93272
chr3 42142
chr3 111848
chr3 48293
chr3 282220
chr3 198563
chr3 17997
chr3 452
chr3 77719
chr3 18362
chr3 8000
chr3 28118
chr3 41780
chr3 43929
chr3 202730
chr3 22711
chr3 26216
chr3 11328
chr3 656
chr3 46265
chr3 27941
chr3 196810
chr3 172131
chr3 13860
chr3 2846
chr3 47113
chr3 1306
chr3 38597
chr3 17591
chr3 69143
chr3 8221
chr3 18687
chr3 102977
chr3 38
chr3 8802
chr3 19857
chr3 9191
chr3 34330
chr3 203704
chr3 8061
chr3 72023
chr3 5738
chr3 6021
chr3 13653
chr3 201214
chr3 12062
chr3 72415
chr3 121667
chr3 67
chr3 21716
chr3 3952
chr3 170
chr3 20351
chr3 10754
chr3 8653
chr3 34993
chr3 44282
chr3 59336
chr3 66724
chr3 32052
chr3 110564
chr3 25875
chr3 36693
chr3 10222
chr3 56523
chr3 45642
chr3 8243
chr3 55252
chr3 83386
chr3 28860
chr3 18192
chr3 51480
chr3 139484
chr3 122934
chr3 249687
chr3 53515
chr3 87782
chr3 10
chr3 46391
chr3 52887
chr3 22542
chr3 18939
chr3 42519
chr3 146621
chr3 35
chr3 420929
chr3 4232
chr3 27611
chr3 22834
chr3 90627
chr3 17897
chr3 96
chr3 101998
chr3 160274
chr3 95470
chr3 15746
chr3 30007
chr3 94482
chr3 9718
chr3 122858
chr3 9468
chr3 152816
chr3 89264
chr3 40203
chr3 8
chr3 13010
chr3 190321
chr3 57788
chr3 60800
chr3 53927
chr3 7900
chr3 97473
chr3 36619
chr3 86948
chr3 17249
chr3 3
chr3 7148
chr3 3696
chr3 2713
chr3 8903
chr3 34922
chr3 23699
chr3 59695
chr3 928
chr3 35213
chr3 64232
chr3 57774
chr3 69938
chr3 74953
chr3 19000
chr3 56495
chr3 48975
chr3 66086
chr3 54677
chr3 64836
chr3 211781
chr3 8450
chr3 94231
chr3 218783
chr3 16394
chr3 94456
chr3 283
chr3 297
chr3 8307
chr3 42133
chr3 61957
chr3 67020
chr3 63485
chr3 32636
chr3 34789
chr3 45395
chr3 29479
chr3 38067
chr3 46203
chr3 81282
chr3 178506
chr3 134412
chr3 14592
chr3 22724
chr3 454867
chr3 126708
chr3 57692
chr3 36601
chr3 209631
chr3 62201
chr3 228195
chr3 49898
chr3 300
chr3 88270
chr3 67638
chr3 135501
chr3 79265
chr3 54116
chr3 5451
chr3 155229
chr3 40721
chr3 38
chr3 11562
chr3 23661
chr3 25257
chr3 497716
chr3 121045
chr3 645091
chr3 188670
chr3 28
chr3 25864
chr3 463456
chr3 12505
chr3 21237
chr3 133
chr3 101489
chr3 138600
chr3 16115
chr3 103049
chr3 198183
chr3 63420
chr3 230771
chr3 481
chr3 1817299
chr3 372531
chr3 813964
chr3 692982
chr3 16554
chr3 9856
chr3 14727
chr3 64982
chr3 26812
chr3 16671
chr3 7927
chr3 3280
chr3 7327
chr3 1525
chr3 8177
chr3 13871
chr3 44118
chr3 11086
chr3 141391
chr3 18386
chr3 11941
chr3 1988
chr3 33673
chr3 30106
chr3 39385
chr3 16884
chr3 57797
chr3 20217
chr3 17223
chr3 98188
chr3 5462
chr3 94096
chr3 12163
chr3 79698
chr3 60734
chr3 35
chr3 19089
chr3 3328
chr3 1221756
chr3 437864
chr3 276
chr3 43205
chr3 17813
chr3 9163
chr3 8164
chr3 411198
chr3 337337
chr3 40197
chr3 13325
chr3 11928
chr3 145747
chr3 21965
chr3 15388
chr3 22236
chr3 47
chr3 230690
chr3 269140
chr3 103756
chr3 114080
chr3 139384
chr3 47207
chr3 336817
chr3 31762
chr3 41081
chr3 25505
chr3 93874
chr3 40647
chr3 66474
chr3 179788
chr3 134544
chr3 168396
chr3 22328
chr3 31755
chr3 32617
chr3 341671
chr3 38
chr3 261653
chr3 117730
chr3 31158
chr3 120821
chr3 30321
chr3 49995
chr3 48702
chr3 193788
chr3 17038
chr3 419378
chr3 30765
chr3 399818
chr3 64409
chr3 32883
chr3 15965
chr3 523
chr3 24444
chr3 13735
chr3 110231
chr3 14859
chr3 30825
chr3 25878
chr3 29291
chr3 58353
chr3 121898
chr3 2174
chr3 133821
chr3 20573
chr3 85869
chr3 29848
chr3 75280
chr3 52692
chr3 477899
chr3 111982
chr3 234657
chr3 40833
chr3 54037
chr3 28542
chr3 18769
chr3 107421
chr3 11207
chr3 31785
chr3 192923
chr3 108364
chr3 60326
chr3 23053
chr3 67456
chr3 13881
chr3 41636
chr3 11613
chr3 125704
chr3 14853
chr3 274651
chr3 36730
chr3 24305
chr3 112
chr3 40259
chr3 147468
chr3 60240
chr3 124233
chr3 198649
chr3 150919
chr3 94173
chr3 28083
chr3 328223
chr3 6169
chr3 101463
chr3 138901
chr3 6460
chr3 22667
chr3 68970
chr3 7273
chr3 186
chr3 113569
chr3 4107
chr3 320301
chr3 38827
chr3 6162
chr3 19586
chr3 161482
chr3 119628
chr3 435237
chr3 24176
chr3 61
chr3 135034
chr3 62971
chr3 27587
chr3 50748
chr3 37401
chr3 64839
chr3 96846
chr3 18768
chr3 58143
chr3 5950
chr3 9052
chr3 30109
chr3 199
chr3 14214
chr3 6214
chr3 16104
chr3 71651
chr3 3213
chr3 35364
chr3 163861
chr3 34
chr3 37074
chr3 277
chr3 5791
chr3 82965
chr3 134296
chr3 127642
chr3 91392
chr3 101583
chr3 276000
chr3 13062
chr3 18039
chr3 267521
chr3 189479
chr3 73373
chr3 11393
chr3 70862
chr3 143
chr3 36914
chr3 65578
chr3 113148
chr3 17394
chr3 6506
chr3 12800
chr3 63168
chr3 19773
chr3 8105
chr3 17499
chr3 69970
chr3 142
chr3 43711
chr3 2438
chr3 32592
chr3 9364
chr3 95783
chr3 222235
chr3 16064
chr3 87471
chr3 39789
chr3 58441
chr3 68412
chr3 101491
chr3 129648
chr3 109437
chr3 8415
chr3 15805
chr3 16561
chr3 62658
chr3 16143
chr3 14137
chr3 24
chr3 75091
chr3 29014
chr3 72142
chr3 46660
chr3 76230
chr3 10235
chr3 8788
chr3 16448
chr3 9605
chr3 19204
chr3 96146
chr3 163084
chr3 261061
chr3 3530
chr3 21490
chr3 157680
chr3 181636
chr3 31877
chr3 55484
chr3 83388
chr3 79260
chr3 8793
chr3 143487
chr3 111471
chr3 69234
chr3 17220
chr3 87434
chr3 6473
chr3 188149
chr3 4925
chr3 17459
chr3 12985
chr3 107446
chr3 8026
chr3 100969
chr3 122274
chr3 14182
chr3 53058
chr3 242017
chr3 77
chr3 11448
chr3 332737
chr3 425851
chr3 514176
chr3 100806
chr3 401036
chr3 71746
chr3 10389
chr3 174539
chr3 362362
chr3 38215
chr3 72964
chr3 60839
chr3 253451
chr3 37043
chr3 44090
chr3 52420
chr3 29381
chr3 120123
chr3 9793
chr3 20445
chr3 81732
chr3 7859
chr3 28807
chr3 4154
chr3 133
chr3 92345
chr3 3781
chr3 12756
chr3 72679
chr3 151841
chr3 4210
chr3 39579
chr3 1467
chr3 2244
chr3 26378
chr3 19551
chr3 1610
chr3 13743
chr3 27771
chr3 205
chr3 25562
chr3 27748
chr3 179719
chr3 269533
chr3 176399
chr3 47910
chr3 32356
chr3 18545
chr3 7484
chr3 15702
chr3 48403
chr3 112203
chr3 28613
chr3 421
chr3 42774
chr3 6
chr3 18
chr3 15913
chr3 54170
chr3 47743
chr3 19943
chr3 23702
chr3 69790
chr3 64209
chr3 41914
chr3 11802
chr3 25728
chr3 60928
chr3 73214
chr3 45763
chr3 44905
chr3 35879
chr3 77470
chr3 177851
chr3 62124
chr3 153266
chr3 17756
chr3 48689
chr3 74406
chr3 50227
chr3 49479
chr3 147490
chr3 98494
chr3 2599
chr3 61571
chr3 76901
chr3 20793
chr3 11507
chr3 5147
chr3 88612
chr3 6764
chr3 12052
chr3 32074
chr3 206430
chr3 238500
chr3 84
chr3 29986
chr3 202050
chr3 84862
chr3 29610
chr3 140549
chr3 50484
chr3 61569
chr3 134197
chr3 45669
chr3 52378
chr3 75211
chr3 64138
chr3 36748
chr3 36045
chr3 29507
chr3 22508
chr3 51230
chr3 16672
chr3 59633
chr3 340243
chr3 20947
chr3 96677
chr3 31388
chr3 9012
chr3 9120
chr3 13165
chr3 72899
chr3 136917
chr3 463
chr3 8320
chr3 52053
chr3 21326
chr3 85780
chr3 11096
chr3 16547
chr3 99356
chr3 8523
chr3 56320
chr3 10251
chr3 46586
chr3 69572
chr3 3251
chr3 19850
chr3 35827
chr3 136897
chr3 298568
chr3 83333
chr3 269
chr3 41426
chr3 184204
chr3 121798
chr3 49425
chr3 156377
chr3 63499
chr3 631
chr3 13775
chr3 51558
chr3 21720
chr3 66128
chr3 9778
chr3 30950
chr3 103592
chr3 108869
chr3 57291
chr3 41319
chr3 11619
chr3 36010
chr3 42330
chr3 21693
chr3 108852
chr3 14184
chr3 61223
chr3 6497
chr3 20
chr3 39026
chr3 15408
chr3 1469
chr3 26735
chr3 70055
chr3 44245
chr3 131393
chr3 24774
chr3 132078
chr3 70781
chr3 4217
chr3 131991
chr3 15998
chr3 14961
chr3 49343
chr3 10862
chr3 214
chr3 261963
chr3 10988
chr3 25778
chr3 14066
chr3 4500
chr3 5941
chr3 176945
chr3 37856
chr3 26927
chr3 49171
chr3 17303
chr3 26698
chr3 30879
chr3 30815
chr3 12147
chr3 23578
chr3 36088
chr3 30514
chr3 239
chr3 66483
chr3 42492
chr3 5594
chr3 22616
chr3 56936
chr3 15713
chr3 31068
chr3 11090
chr3 31536
chr3 9123
chr3 71734
chr3 7522
chr3 82337
chr3 5388
chr3 110384
chr3 8707
chr3 14608
chr3 37890
chr3 64901
chr3 22456
chr3 41527
chr3 53390
chr3 12675
chr3 43641
chr3 194574
chr3 99033
chr3 8235
chr3 15160
chr3 81627
chr3 15170
chr3 41842
chr3 39602
chr3 21813
chr3 111642
chr3 9764
chr3 6985
chr3 18873
chr3 34643
chr3 57844
chr3 30770
chr3 13673
chr3 4608
chr3 83778
chr3 39961
chr3 21994
chr3 50744
chr3 49015
chr3 22545
chr3 10909
chr3 62
chr3 2175
chr3 18799
chr3 53967
chr3 141555
chr3 134755
chr3 48383
chr3 136121
chr3 69169
chr3 131712
chr3 79550
chr3 941
chr3 33079
chr3 68834
chr3 45886
chr3 51016
chr3 75
chr3 204939
chr3 68530
chr3 65185
chr3 38940
chr3 19881
chr3 28325
chr3 169524
chr3 53363
chr3 20739
chr3 12696
chr3 105708
chr3 170284
chr3 7050
chr3 17564
chr3 5390
chr3 14
chr3 18535
chr3 39573
chr3 2342
chr3 33
chr3 180008
chr3 16896
chr3 18850
chr3 75314
chr3 35027
chr3 693
chr3 18838
chr3 37393
chr3 33031
chr3 46234
chr3 17471
chr3 26
chr3 31452
chr3 9071
chr3 69144
chr3 70928
chr3 24489
chr3 20100
chr3 92738
chr3 14436
chr3 7480
chr3 80792
chr3 91325
chr3 34
chr3 39561
chr3 135461
chr3 20045
chr3 7246
chr3 84104
chr3 26705
chr3 10870
chr3 6526
chr3 6008
chr3 113474
chr3 94899
chr3 28062
chr3 153499
chr3 97960
chr3 5626
chr3 48079
chr3 866216
chr3 17490
chr3 20473
chr3 92
chr3 42163
chr3 2348221
chr3 46483
chr3 28577
chr3 5537
chr3 39599
chr3 19745
chr3 206042
chr3 107768
chr3 54318
chr3 91726
chr3 59363
chr3 38111
chr3 14566
chr3 38111
chr3 76518
chr3 680
chr3 208564
chr3 29041
chr3 38
chr3 2482
chr3 45972
chr3 42537
chr3 99414
chr3 42
chr3 13868
chr3 19032
chr3 145
chr3 51383
chr3 38125
chr3 30077
chr3 20901
chr3 20131
chr3 22174
chr3 19947
chr3 61509
chr3 258396
chr3 6719
chr3 102541
chr3 104689
chr3 14560
chr3 9935
chr3 67318
chr3 9188
chr3 20404
chr3 57657
chr3 20470
chr3 35274
chr3 89805
chr3 15469
chr3 45226
chr3 37257
chr3 31905
chr3 163964
chr3 26142
chr3 220
chr3 61711
chr3 3065
chr3 14819
chr3 21466
chr3 28608
chr3 16902
chr3 7305
chr3 11632
chr3 31907
chr3 25746
chr3 12259
chr3 100138
chr3 164378
chr3 74590
chr3 24476
chr3 28422
chr3 62879
chr3 74538
chr3 4063
chr3 11536
chr3 96827
chr3 698
chr3 45181
chr3 134160
chr3 57
chr3 41763
chr3 36780
chr3 12711
chr3 100586
chr3 32694
chr3 113143
chr3 31609
chr3 89496
chr3 166901
chr3 62327
chr3 27294
chr3 20108
chr3 52436
chr3 42319
chr3 82582
chr3 34380
chr3 36783
chr3 28507
chr3 91065
chr3 38
chr3 118351
chr3 93347
chr3 83252
chr3 17707
chr3 29333
chr3 19781
chr3 19212
chr3 77477
chr3 11919
chr3 17880
chr3 14397
chr3 115
chr3 64210
chr3 28598
chr3 36235
chr3 42549
chr3 27101
chr3 25288
chr3 8173
chr3 21945
chr3 34703
chr3 1542
chr3 15987
chr3 95314
chr3 71386
chr3 46707
chr3 8949
chr3 93898
chr3 27474
chr3 376080
chr3 19348
chr3 17862
chr3 188459
chr3 119579
chr3 24924
chr3 144727
chr3 49836
chr3 3261
chr3 14689
chr3 219649
chr3 4873
chr3 23712
chr3 34583
chr3 34236
chr3 26855
chr3 46393
chr3 37388
chr3 32047
chr3 29197
chr3 22358
chr3 23482
chr3 17978
chr3 166391
chr3 21253
chr3 16808
chr3 8849
chr3 18660
chr3 3589
chr3 19420
chr3 108848
chr3 137741
chr3 35410
chr3 38139
chr3 88155
chr3 765
chr3 13498
chr3 47645
chr3 8135
chr3 38604
chr3 36
chr3 31589
chr3 55636
chr3 27632
chr3 53437
chr3 36420
chr3 51342
chr3 22446
chr3 274215
chr3 7059
chr3 49169
chr3 22861
chr3 3924
chr3 124286
chr3 50075
chr3 10206
chr3 38880
chr3 44232
chr3 80121
chr3 57913
chr3 11017
chr3 64572
chr3 8188
chr3 64258
chr3 67990
chr3 853
chr3 4620
chr3 31116
chr3 107193
chr3 29778
chr3 16060
chr3 13090
chr3 64208
chr3 77227
chr3 72963
chr3 50005
chr3 16265
chr3 72254
chr3 126
chr3 97925
chr3 4047
chr3 38712
chr3 63329
chr3 15592
chr3 32277
chr3 34493
chr3 75193
chr3 19008
chr3 5072
chr3 924
chr3 89936
chr3 64102
chr3 89293
chr3 26887
chr3 199979
chr3 419528
chr3 3925
chr3 71314
chr3 6651
chr3 24791
chr3 21150
chr3 8992
chr3 14758
chr3 26470
chr3 12008
chr3 10193
chr3 69550
chr3 70028
chr3 173471
chr3 100765
chr3 89263
chr3 104471
chr3 72918
chr3 224660
chr3 40737
chr3 48002
chr3 184433
chr3 36306
chr3 11050
chr3 401323
chr3 11105
chr3 6634
chr3 32285
chr3 50551
chr3 36354
chr3 71053
chr3 12045
chr3 177309
chr3 136531
chr3 25123
chr3 190305
chr3 160
chr3 8118
chr3 22848
chr3 43404
chr3 170645
chr3 73142
chr3 137381
chr3 19869
chr3 19319
chr3 75363
chr3 9936
chr3 75039
chr3 15200
chr3 10493
chr3 468
chr3 3862
chr3 64581
chr3 217337
chr3 20320
chr3 15172
chr3 118983
chr3 106303
chr3 11284
chr3 184
chr3 47957
chr3 54851
chr3 39147
chr3 99161
chr3 44593
chr3 19982
chr3 163992
chr3 55
chr3 60790
chr3 42014
chr3 11175
chr3 7621
chr3 126757
chr3 51750
chr3 5956
chr3 13757
chr3 31166
chr3 8579
chr3 34547
chr3 21682
chr3 70270
chr3 20067
chr3 60
chr3 28508
chr3 24036
chr3 30289
chr3 16960
chr3 69338
chr3 67284
chr3 197006
chr3 12236
chr3 213572
chr3 148919
chr3 108114
chr3 14594
chr3 30995
chr3 21319
chr3 13128
chr3 92918
chr3 13845
chr3 43982
chr3 322418
chr3 55907
chr3 51209
chr3 249532
chr3 115755
chr3 18239
chr3 22568
chr3 167488
chr3 46036
chr3 47019
chr3 27842
chr3 18370
chr3 26626
chr3 16321
chr3 118992
chr3 147889
chr3 141956
chr3 70722
chr3 148016
chr3 23588
chr3 13558
chr3 4
chr3 4413
chr3 130220
chr3 113706
chr3 207906
chr3 11161
chr3 26275
chr3 2123
chr3 65175
chr3 1177
chr3 2316
chr3 29954
chr3 459091
chr3 46820
chr3 6863
chr3 81569
chr3 25744
chr3 78350
chr3 47141
chr3 421848
chr3 97836
chr3 8036
chr3 104221
chr3 30990
chr3 16834
chr3 49414
chr3 7983
chr3 180339
chr3 22270
chr3 16491
chr3 96309
chr3 6
chr3 54056
chr3 54806
chr3 5025
chr3 4091
chr3 13089
chr3 28937
chr3 259114
chr3 17985
chr3 6354
chr3 136164
chr3 178428
chr3 305400
chr3 5187
chr3 28998
chr3 106264
chr3 154830
chr3 135466
chr3 62609
chr3 13755
chr3 36986
chr3 84804
chr3 93167
chr3 8251
chr3 101999
chr3 33840
chr3 48664
chr3 70926
chr3 196321
chr3 4079
chr3 62877
chr3 137501
chr3 17874
chr3 99003
chr3 122543
chr3 42727
chr3 15499
chr3 31052
chr3 45053
chr3 119
chr3 23248
chr3 47459
chr3 105006
chr3 7333
chr3 124557
chr3 13487
chr3 59911
chr3 79357
chr3 18623
chr3 2874
chr3 221669
chr3 127841
chr3 76909
chr3 7853
chr3 18027
chr3 51742
chr3 143974
chr3 82224
chr3 491414
chr3 8567
chr3 131224
chr3 22389
chr3 192439
chr3 382098
chr3 141181
chr3 6757
chr3 14560
chr3 11050
chr3 59832
chr3 10355
chr3 32713
chr3 5815
chr3 14494
chr3 4564
chr3 9086
chr3 36611
chr3 40485
chr3 24715
chr3 31921
chr3 23936
chr3 3376
chr3 30729
chr3 1824
chr3 43502
chr3 28779
chr3 9615
chr3 14098
chr3 4413
chr3 1763
chr3 3654
chr3 10591
chr3 426
chr3 30702
chr3 28572
chr3 35349
chr3 235
chr3 11084
chr3 26852
chr3 2538
chr3 32922
chr3 8006
chr3 24
chr3 71605
chr3 71
chr3 284927
chr3 31887
chr3 41638
chr3 115474
chr3 85392
chr3 53323
chr3 62935
chr3 155727
chr3 109404
chr3 48098
chr3 160459
chr3 28600
chr3 19588
chr3 9529
chr3 171154
chr3 176352
chr3 163228
chr3 48977
chr3 420881
chr3 139840
chr3 61232
chr3 7666
chr3 45185
chr3 119215
chr3 130578
chr3 108
chr3 199509
chr3 181449
chr3 109925
chr3 532761
chr3 211306
chr3 388350
chr3 78431
chr3 101081
chr3 44784
chr3 53152
chr3 140698
chr3 26076
chr3 101201
chr3 61162
chr3 117905
chr3 83133
chr3 39029
chr3 160548
chr3 20983
chr3 9653
chr3 42232
chr3 1024
chr3 656983
chr3 187544
chr3 201646
chr3 1072684
chr3 52
chr3 1180634
chr3 52873
chr3 24598
chr3 58508
chr3 18932
chr3 21844
chr3 10205
chr3 3796
chr3 64659
chr3 16901
chr3 46968
chr3 5076
chr3 54119
chr3 49680
chr3 220105
chr3 67369
chr3 34854
chr3 133474
chr3 10075
chr3 39723
chr3 106456
chr3 11719
chr3 3996
chr3 43253
chr3 283
chr3 33500
chr3 13
chr3 40566
chr3 52316
chr3 97278
chr3 28701
chr3 81060
chr3 65876
chr3 37642
chr3 335
chr3 139467
chr3 21436
chr3 41
chr3 12735
chr3 9845
chr3 31885
chr3 16711
chr3 12681
chr3 21732
chr3 79620
chr3 55571
chr3 38272
chr3 8563
chr3 57443
chr3 65178
chr3 38
chr3 110063
chr3 25982
chr3 161837
chr3 13179
chr3 26632
chr3 38
chr3 2325
chr3 19119
chr3 106183
chr3 40004
chr3 97088
chr3 9749
chr3 6455
chr3 1712
chr3 18320
chr3 46391
chr3 7890
chr3 138815
chr3 29916
chr3 5082
chr3 35446
chr3 21607
chr3 31615
chr3 73203
chr3 123264
chr3 6726
chr3 46010
chr3 74348
chr3 22636
chr3 59240
chr3 38402
chr3 20463
chr3 25137
chr3 198184
chr3 246418
chr3 413549
chr3 109572
chr3 70
chr3 30789
chr3 22432
chr3 71
chr3 24
chr3 17049
chr3 98460
chr3 12491
chr3 150856
chr3 36424
chr3 41029
chr3 111202
chr3 37988
chr3 65469
chr3 13678
chr3 10137
chr3 44409
chr3 35723
chr3 5391
chr3 165502
chr3 16301
chr3 58515
chr3 121128
chr3 37848
chr3 58261
chr3 45894
chr3 131768
chr3 67619
chr3 36473
chr3 33149
chr3 28252
chr3 140071
chr3 116517
chr3 27695
chr3 364807
chr3 121924
chr3 141340
chr3 24934
chr3 48458
chr3 35851
chr3 56005
chr3 5116
chr3 56146
chr3 1183
chr3 9709
chr3 9128
chr3 27414
chr3 17817
chr3 1239
chr3 111613
chr3 11839
chr3 17801
chr3 42980
chr3 37520
chr3 6157
chr3 64985
chr3 25138
chr3 3005
chr3 121
chr3 67371
chr3 28894
chr3 27221
chr3 29055
chr3 2617
chr3 18983
chr3 32500
chr3 6
chr3 17810
chr3 30
chr3 19435
chr3 2067
chr3 102654
chr3 456235
chr3 10411
chr3 84905
chr3 361461
chr3 2803
chr3 14888
chr3 9713
chr3 114863
chr3 24042
chr3 219698
chr3 154770
chr3 48387
chr3 155103
chr3 108213
chr3 33866
chr3 4042
chr3 121758
chr3 4910
chr3 194761
chr3 35724
chr3 106268
chr3 46546
chr3 53700
chr3 30773
chr3 131916
chr3 654
chr3 18112
chr3 11367
chr3 123756
chr3 21764
chr3 63436
chr3 56766
chr3 46437
chr3 7200
chr3 3940
chr3 119888
chr3 17718
chr3 160074
chr3 18607
chr3 182626
chr3 174571
chr3 4188
chr3 427457
chr3 31438
chr3 138402
chr3 21965
chr3 28015
chr3 150878
chr3 56032
chr3 130924
chr3 15845
chr3 4
chr3 79142
chr3 231453
chr3 176577
chr3 61405
chr3 51918
chr3 5545
chr3 43805
chr3 184562
chr3 86060
chr3 26349
chr3 41590
chr3 26845
chr3 66768
chr3 168715
chr3 96151
chr3 55324
chr3 54
chr3 148534
chr3 202927
chr3 167487
chr3 12506
chr3 95143
chr3 43386
chr3 30665
chr3 19243
chr3 108868
chr3 12982
chr3 46213
chr3 21637
chr3 30349
chr3 42116
chr3 91062
chr3 66413
chr3 28405
chr3 33152
chr3 173527
chr3 21553
chr3 13552
chr3 81715
chr3 244114
chr3 126
chr3 13355
chr3 118
chr3 39034
chr3 16769
chr3 32580
chr3 62318
chr3 42302
chr3 69248
chr3 14310
chr3 304
chr3 6607
chr3 62601
chr3 105600
chr3 36586
chr3 110041
chr3 48328
chr3 5760
chr3 23686
chr3 93362
chr3 27892
chr3 87047
chr3 74250
chr3 144660
chr3 19668
chr3 40073
chr3 65924
chr3 2878
chr3 54366
chr3 40605
chr3 40591
chr3 22094
chr3 6874
chr3 72477
chr3 13328
chr3 163296
chr3 10289
chr3 16390
chr3 82442
chr3 7779
chr3 80917
chr3 38
chr3 44393
chr3 1414
chr3 16495
chr3 7605
chr3 3051
chr3 81230
chr3 141608
chr3 52126
chr3 13580
chr3 148861
chr3 107042
chr3 4989
chr3 19
chr3 26914
chr3 19033
chr3 30074
chr3 53784
chr3 46662
chr3 19717
chr3 54924
chr3 10420
chr3 10984
chr3 36101
chr3 61361
chr3 11354
chr3 72227
chr3 18383
chr3 21809
chr3 532154
chr3 68
chr3 2538
chr3 65020
chr3 382231
chr3 11392
chr3 3096
chr3 3156
chr3 80368
chr3 34497
chr3 2958
chr3 165742
chr3 35491
chr3 224600
chr3 41
chr3 158668
chr3 108270
chr3 201072
chr3 148600
chr3 20222
chr3 21234
chr3 32417
chr3 125585
chr3 18
chr3 303783
chr3 20846
chr3 6245
chr3 19033
chr3 54253
chr3 13605
chr3 30971
chr3 57831
chr3 217
chr3 26040
chr3 29617
chr3 7437
chr3 129220
chr3 21582
chr3 119869
chr3 15674
chr3 92453
chr3 31545
chr3 21091
chr3 62249
chr3 17527
chr3 118286
chr3 30056
chr3 28762
chr3 363832
chr3 14613
chr3 167508
chr3 13574
chr3 102567
chr3 25587
chr3 134030
chr3 17493
chr3 30711
chr3 47653
chr3 1405
chr3 100547
chr3 16217
chr3 31107
chr3 61976
chr3 14089
chr3 24817
chr3 57955
chr3 112299
chr3 24193
chr3 11778
chr3 64759
chr3 36139
chr3 15140
chr3 14803
chr3 49132
chr3 16975
chr3 23801
chr3 44729
chr3 131615
chr3 67327
chr3 89448
chr3 60400
chr3 14904
chr3 15893
chr3 42932
chr3 11304
chr3 26079
chr3 38953
chr3 27574
chr3 27605
chr3 25194
chr3 23928
chr3 61320
chr3 1840
chr3 72333
chr3 42928
chr3 27571
chr3 15809
chr3 6595
chr3 154
chr3 82652
chr3 69443
chr3 159561
chr3 3555
chr3 85616
chr3 39146
chr3 50058
chr3 45310
chr3 66036
chr3 41300
chr3 171352
chr3 241524
chr3 47515
chr3 13889
chr3 40237
chr3 18394
chr3 13927
chr3 99163
chr3 24808
chr3 182047
chr3 33900
chr3 216492
chr3 84668
chr3 16765
chr3 128607
chr3 31150
chr3 57940
chr3 130506
chr3 88007
chr3 4968
chr3 149659
chr3 165082
chr3 151513
chr3 10934
chr3 17089
chr3 107222
chr3 40848
chr3 45605
chr3 66428
chr3 23398
chr3 39
chr3 12482
chr3 7047
chr3 9275
chr3 35359
chr3 38
chr3 28467
chr3 53517
chr3 21102
chr3 165
chr3 33279
chr3 16843
chr3 44840
chr3 14181
chr3 30001
chr3 40216
chr3 40793
chr3 74278
chr3 228
chr3 4793
chr3 473
chr3 27730
chr3 138805
chr3 202684
chr3 378
chr3 107984
chr3 61754
chr3 24983
chr3 22522
chr3 765
chr3 126177
chr3 143295
chr3 31355
chr3 50236
chr3 59943
chr3 6244
chr3 44717
chr3 5383
chr3 2855
chr3 40808
chr3 9257
chr3 727
chr3 12389
chr3 18178
chr3 4061
chr3 35068
chr3 26470
chr3 33962
chr3 32390
chr3 220599
chr3 180848
chr3 16407
chr3 183546
chr3 42579
chr3 24467
chr3 214335
chr3 27809
chr3 81552
chr3 119234
chr3 10550
chr3 12819
chr3 35413
chr3 80074
chr3 62255
chr3 258
chr3 13746
chr3 14965
chr3 59614
chr3 15174
chr3 47811
chr3 3406
chr3 209850
chr3 112004
chr3 24826
chr3 6988
chr3 94490
chr3 14487
chr3 59038
chr3 16412
chr3 18917
chr3 50516
chr3 132527
chr3 160248
chr3 94214
chr3 96533
chr3 164356
chr3 9728
chr3 21183
chr3 10250
chr3 366069
chr3 70664
chr3 16905
chr3 26427
chr3 6528
chr3 5067
chr3 101067
chr3 11779
chr3 27831
chr3 23714
chr3 85238
chr3 3270
chr3 67053
chr3 94607
chr3 37684
chr3 32097
chr3 18540
chr3 145747
chr3 128407
chr3 13621
chr3 82304
chr3 17509
chr3 105258
chr3 9703
chr3 50046
chr3 14964
chr3 28973
chr3 14942
chr3 37843
chr3 38
chr3 20561
chr3 11444
chr3 6460
chr3 34767
chr3 49630
chr3 68054
chr3 81192
chr3 90918
chr3 35701
chr3 11684
chr3 91073
chr3 30898
chr3 37640
chr3 55596
chr3 64992
chr3 93292
chr3 47806
chr3 20058
chr3 89879
chr3 13362
chr3 16407
chr3 71
chr3 41420
chr3 11277
chr3 105738
chr3 46947
chr3 44054
chr3 110514
chr3 39173
chr3 67023
chr3 2072
chr3 22278
chr3 276222
chr3 3632
chr3 17412
chr3 14852
chr3 20877
chr3 20889
chr3 1373
chr3 23786
chr3 7280
chr3 15747
chr3 14977
chr3 37048
chr3 19756
chr3 241721
chr3 36216
chr3 1696
chr3 6307
chr3 15000
chr3 38678
chr3 97912
chr3 73481
chr3 6550
chr3 104461
chr3 14662
chr3 78577
chr3 50447
chr3 58180
chr3 31346
chr3 42871
chr3 63443
chr3 4692
chr3 8
chr3 3142
chr3 40
chr3 74642
chr3 10345
chr3 112195
chr3 33344
chr3 62
chr3 58309
chr3 18093
chr3 30932
chr3 29154
chr3 66682
chr3 30965
chr3 1411
chr3 1662
chr3 3718
chr3 25172
chr3 47790
chr3 34271
chr3 165218
chr3 2561
chr3 3847
chr3 3071
chr3 304305
chr3 284
chr3 23011
chr3 162432
chr3 10219
chr3 81032
chr3 20600
chr3 197756
chr3 49973
chr3 93372
chr3 573
chr3 255410
chr3 170572
chr3 16743
chr3 28803
chr3 15
chr3 48235
chr3 47753
chr3 58625
chr3 39661
chr3 126788
chr3 27816
chr3 58622
chr3 14609
chr3 30295
chr3 30351
chr3 29004
chr3 268213
chr3 327175
chr3 235024
chr3 48180
chr3 29666
chr3 17143
chr3 41761
chr3 220534
chr3 7856
chr3 186642
chr3 100320
chr3 21649
chr3 62719
chr3 447
chr3 119274
chr3 1447
chr3 22337
chr3 29822
chr3 40869
chr3 59833
chr3 50950
chr3 2508
chr3 60
chr3 169669
chr3 55685
chr3 318375
chr3 203646
chr3 108817
chr3 74
chr3 15
chr3 73
chr3 45
chr3 9388
chr3 21062
chr3 343544
chr3 12
chr3 81749
chr3 93893
chr3 12758
chr3 28863
chr3 35428
chr3 52103
chr3 82407
chr3 46855
chr3 87194
chr3 31941
chr3 25708
chr3 17
chr3 32100
chr3 19633
chr3 47652
chr3 178964
chr3 314217
chr3 104519
chr3 8343
chr3 458545
chr3 57244
chr3 38987
chr3 5147
chr3 35120
chr3 13432
chr3 16749
chr3 23880
chr3 121455
chr3 145713
chr3 47987
chr3 229616
chr3 13009
chr3 18943
chr3 25674
chr3 17300
chr3 124896
chr3 44197
chr3 85950
chr3 34996
chr3 156467
chr3 38437
chr3 59659
chr3 46193
chr3 13123
chr3 46
chr3 65684
chr3 69578
chr3 20062
chr3 93227
chr3 56767
chr3 13575
chr3 94872
chr3 4983
chr3 97663
chr3 59747
chr3 74793
chr3 9
chr3 244647
chr3 10309
chr3 4176
chr3 333124
chr3 309607
chr3 137287
chr3 150599
chr3 142042
chr3 48814
chr3 72547
chr3 51067
chr3 32845
chr3 15494
chr3 6186
chr3 23473
chr3 10
chr3 101905
chr3 102105
chr3 102127
chr3 10591
chr3 5367
chr3 13217
chr3 50999
chr3 8660
chr3 41057
chr3 17687
chr3 38
chr3 23258
chr3 55016
chr3 13486
chr3 5899
chr3 117763
chr3 201
chr3 46723
chr3 61267
chr3 262759
chr3 74283
chr3 116571
chr3 120309
chr3 56865
chr3 66837
chr3 73232
chr3 226979
chr3 12239
chr3 33005
chr3 31001
chr3 38
chr3 50225
chr3 34354
chr3 32381
chr3 32404
chr3 63423
chr3 27464
chr3 13810
chr3 5919
chr3 2
chr3 26297
chr3 16848
chr3 36213
chr3 80624
chr3 134763
chr3 106
chr3 320901
chr3 42478
chr3 52
chr3 235704
chr3 30785
chr3 11500
chr3 71064
chr3 17026
chr3 22296
chr3 10614
chr3 32048
chr3 5108
chr3 101872
chr3 5119
chr3 12019
chr3 71050
chr3 110931
chr3 262641
chr3 52604
chr3 55010
chr3 35593
chr3 118450
chr3 5433
chr3 88218
chr3 21335
chr3 103050
chr3 66955
chr3 97
chr3 64487
chr3 380581
chr3 24624
chr3 52605
chr3 60721
chr3 25351
chr3 34961
chr3 113468
chr3 28598
chr3 136539
chr3 35037
chr3 71537
chr3 57910
chr3 113490
chr3 109530
chr3 128301
chr3 319436
chr3 83123
chr3 264897
chr3 252462
chr3 8923
chr3 58
chr3 298404
chr3 45
chr3 109
chr3 14634
chr3 109161
chr3 418914
chr3 107735
chr3 95360
chr3 128351
chr3 140513
chr3 142005
chr3 114855
chr3 75032
chr3 77869
chr3 218703
chr3 50164
chr3 8326
chr3 61104
chr3 28552
chr3 201303
chr3 170541
chr3 116598
chr3 104041
chr3 71561
chr3 86279
chr3 31083
chr3 27370
chr3 158286
chr3 874
chr3 205659
chr3 85559
chr3 30015
chr3 29580
chr3 50118
chr3 19050
chr3 3128
chr3 393243
chr3 47148
chr3 82420
chr3 1217
chr3 143607
chr3 139243
chr3 31047
chr3 101510
chr3 56941
chr3 2824
chr3 74807
chr3 20
chr3 38005
chr3 25046
chr3 86
chr3 61013
chr3 105189
chr3 68350
chr3 112704
chr3 35865
chr3 83854
chr3 218379
chr3 15477
chr3 26
chr3 151453
chr3 517945
chr3 9540
chr3 36932
chr3 7555
chr3 31496
chr3 4449
chr3 63272
chr3 58
chr3 147999
chr3 206590
chr3 36393
chr3 23
chr3 48533
chr3 24866
chr3 25519
chr3 14641
chr3 7809
chr3 15261
chr3 79127
chr3 17519
chr3 10276
chr3 21230
chr3 72521
chr3 70847
chr3 510085
chr3 155262
chr3 21909
chr3 61126
chr3 5121
chr3 7743
chr3 79131
chr3 11488
chr3 2407
chr3 198892
chr3 71711
chr3 33739
chr3 57315
chr3 20664
chr3 28
chr3 47335
chr3 138923
chr3 92316
chr3 97532
chr3 79785
chr3 72626
chr3 59782
chr3 99888
chr3 287299
chr3 63578
chr3 203709
chr3 520288
chr3 93999
chr3 108
chr3 101597
chr3 132715
chr3 143308
chr3 308455
chr3 54136
chr3 180929
chr3 87823
chr3 146170
chr3 662738
chr3 505712
chr3 82341
chr3 511787
chr3 83132
chr3 42670
chr3 75860
chr3_GL000221v1_random 32184
chr3_GL000221v1_random 19944
chr3_GL000221v1_random 9931
chr4 15659
chr4 49067
chr4 84900
chr4 135630
chr4 59540
chr4 102154
chr4 661578
chr4 55504
chr4 23735
chr4 47
chr4 65423
chr4 1396
chr4 70
chr4 7700
chr4 292550
chr4 540493
chr4 166568
chr4 636519
chr4 244262
chr4 852453
chr4 83418
chr4 133343
chr4 114601
chr4 75
chr4 165284
chr4 419345
chr4 158707
chr4 4197
chr4 76452
chr4 131
chr4 18316
chr4 52702
chr4 7111
chr4 32389
chr4 11305
chr4 39580
chr4 147961
chr4 9868
chr4 55754
chr4 52858
chr4 42190
chr4 37704
chr4 81941
chr4 65
chr4 597206
chr4 35858
chr4 260063
chr4 179806
chr4 114280
chr4 10662
chr4 38809
chr4 24675
chr4 233751
chr4 149362
chr4 350604
chr4 161273
chr4 150091
chr4 941228
chr4 75121
chr4 155811
chr4 90712
chr4 39035
chr4 39657
chr4 23013
chr4 52529
chr4 54735
chr4 81016
chr4 6993
chr4 75019
chr4 115250
chr4 63262
chr4 33
chr4 2958
chr4 22756
chr4 11195
chr4 12299
chr4 23598
chr4 3952
chr4 11010
chr4 223124
chr4 49717
chr4 61514
chr4 22467
chr4 9267
chr4 8133
chr4 24475
chr4 14349
chr4 9230
chr4 67002
chr4 188709
chr4 21661
chr4 5239
chr4 106223
chr4 61407
chr4 53632
chr4 85820
chr4 89372
chr4 28002
chr4 16538
chr4 21534
chr4 102016
chr4 111847
chr4 61620
chr4 14796
chr4 3228
chr4 65955
chr4 15422
chr4 43898
chr4 235042
chr4 34815
chr4 18942
chr4 72266
chr4 7793
chr4 87863
chr4 30917
chr4 10690
chr4 33181
chr4 59190
chr4 60828
chr4 7430
chr4 40221
chr4 76199
chr4 73
chr4 126370
chr4 11296
chr4 30053
chr4 92392
chr4 53448
chr4 88241
chr4 10597
chr4 24198
chr4 62582
chr4 35110
chr4 32752
chr4 34495
chr4 40262
chr4 37846
chr4 108879
chr4 54009
chr4 9386
chr4 21808
chr4 56140
chr4 48080
chr4 5625
chr4 64654
chr4 9290
chr4 4615
chr4 16511
chr4 133092
chr4 93532
chr4 32559
chr4 26142
chr4 12799
chr4 17450
chr4 117750
chr4 77144
chr4 45324
chr4 25484
chr4 47238
chr4 59830
chr4 27983
chr4 50183
chr4 15941
chr4 190413
chr4 15226
chr4 7426
chr4 50507
chr4 73679
chr4 3740
chr4 663
chr4 56
chr4 149658
chr4 15161
chr4 9533
chr4 3367
chr4 88827
chr4 125401
chr4 34441
chr4 135272
chr4 171737
chr4 71582
chr4 12067
chr4 167780
chr4 94598
chr4 103602
chr4 125
chr4 41919
chr4 36318
chr4 5500
chr4 38034
chr4 223707
chr4 216825
chr4 64221
chr4 4826
chr4 34976
chr4 140264
chr4 20054
chr4 52414
chr4 3
chr4 17580
chr4 1730
chr4 136454
chr4 454687
chr4 32550
chr4 46779
chr4 76391
chr4 20868
chr4 51147
chr4 34049
chr4 8572
chr4 187046
chr4 49998
chr4 20658
chr4 37122
chr4 41411
chr4 144209
chr4 141226
chr4 21310
chr4 37253
chr4 40217
chr4 50240
chr4 76946
chr4 29628
chr4 95151
chr4 14077
chr4 10082
chr4 3651
chr4 14120
chr4 36227
chr4 14354
chr4 15368
chr4 8322
chr4 7818
chr4 103819
chr4 124778
chr4 182482
chr4 174007
chr4 21425
chr4 194441
chr4 21020
chr4 174039
chr4 17682
chr4 67838
chr4 37594
chr4 54
chr4 15965
chr4 104
chr4 45673
chr4 17460
chr4 23640
chr4 37824
chr4 423
chr4 2919
chr4 52748
chr4 103334
chr4 1985
chr4 41355
chr4 8016
chr4 9056
chr4 24190
chr4 8667
chr4 32994
chr4 2659
chr4 5
chr4 227590
chr4 32172
chr4 134778
chr4 115992
chr4 8518
chr4 47554
chr4 29801
chr4 222281
chr4 102855
chr4 27637
chr4 4099
chr4 96219
chr4 3815
chr4 47753
chr4 106183
chr4 88332
chr4 36340
chr4 62298
chr4 49464
chr4 15680
chr4 57175
chr4 3800
chr4 12526
chr4 85198
chr4 23897
chr4 130950
chr4 109643
chr4 43938
chr4 49996
chr4 69287
chr4 7907
chr4 55946
chr4 33216
chr4 14314
chr4 8812
chr4 16247
chr4 144080
chr4 100611
chr4 88505
chr4 31632
chr4 23743
chr4 3857
chr4 39856
chr4 7226
chr4 49924
chr4 59749
chr4 20748
chr4 367
chr4 12925
chr4 5101
chr4 37303
chr4 295120
chr4 56487
chr4 101018
chr4 30509
chr4 90246
chr4 183590
chr4 207804
chr4 58788
chr4 111943
chr4 77370
chr4 4504
chr4 149646
chr4 38856
chr4 17801
chr4 555456
chr4 72
chr4 17998
chr4 143098
chr4 32033
chr4 146390
chr4 59731
chr4 450468
chr4 161933
chr4 208581
chr4 284852
chr4 81001
chr4 9036
chr4 2659
chr4 6612
chr4 30524
chr4 12877
chr4 10701
chr4 3800
chr4 17819
chr4 30072
chr4 42540
chr4 10157
chr4 13616
chr4 12287
chr4 36063
chr4 131413
chr4 66178
chr4 87851
chr4 49641
chr4 89820
chr4 43876
chr4 39
chr4 14161
chr4 125878
chr4 39039
chr4 33222
chr4 46327
chr4 11643
chr4 48288
chr4 20962
chr4 56238
chr4 204185
chr4 71456
chr4 106660
chr4 46116
chr4 14138
chr4 77462
chr4 18905
chr4 93175
chr4 28722
chr4 110
chr4 111911
chr4 112640
chr4 3576
chr4 75584
chr4 128202
chr4 10953
chr4 199407
chr4 13671
chr4 38257
chr4 132937
chr4 6465
chr4 9603
chr4 303
chr4 54281
chr4 16632
chr4 17859
chr4 47344
chr4 9442
chr4 24209
chr4 15408
chr4 15250
chr4 30646
chr4 21730
chr4 125454
chr4 35083
chr4 25120
chr4 25546
chr4 66581
chr4 93446
chr4 48337
chr4 51212
chr4 35420
chr4 107095
chr4 34031
chr4 201629
chr4 17003
chr4 35645
chr4 14532
chr4 19611
chr4 178988
chr4 57484
chr4 49211
chr4 22072
chr4 206851
chr4 156
chr4 15500
chr4 7330
chr4 9980
chr4 21008
chr4 2940
chr4 137829
chr4 113423
chr4 54760
chr4 37078
chr4 23080
chr4 105374
chr4 1154
chr4 14805
chr4 99480
chr4 130610
chr4 33468
chr4 7724
chr4 79078
chr4 84381
chr4 179491
chr4 94784
chr4 81657
chr4 49760
chr4 39328
chr4 104110
chr4 29844
chr4 143541
chr4 25934
chr4 51134
chr4 74608
chr4 35084
chr4 81605
chr4 32056
chr4 13746
chr4 22762
chr4 45045
chr4 64209
chr4 124224
chr4 128343
chr4 49919
chr4 65061
chr4 58449
chr4 24998
chr4 94171
chr4 4743
chr4 575
chr4 61210
chr4 11431
chr4 31610
chr4 5035
chr4 76738
chr4 27317
chr4 68465
chr4 29754
chr4 379079
chr4 174571
chr4 20677
chr4 30674
chr4 3823
chr4 142535
chr4 32907
chr4 23
chr4 181959
chr4 6560
chr4 33801
chr4 171921
chr4 4341
chr4 29542
chr4 3275
chr4 96719
chr4 15929
chr4 87026
chr4 36612
chr4 76730
chr4 17538
chr4 52154
chr4 25897
chr4 63910
chr4 16844
chr4 56306
chr4 15774
chr4 63503
chr4 114878
chr4 108025
chr4 125487
chr4 108088
chr4 90311
chr4 120440
chr4 51605
chr4 22477
chr4 54855
chr4 64017
chr4 12426
chr4 11901
chr4 3329
chr4 2873
chr4 88537
chr4 24938
chr4 33203
chr4 48386
chr4 57824
chr4 80901
chr4 32924
chr4 38358
chr4 17134
chr4 51979
chr4 85215
chr4 109011
chr4 11051
chr4 22400
chr4 17566
chr4 20315
chr4 49529
chr4 15386
chr4 45845
chr4 35635
chr4 63612
chr4 363474
chr4 15451
chr4 13927
chr4 149325
chr4 330081
chr4 10463
chr4 88931
chr4 384560
chr4 232772
chr4 91
chr4 102315
chr4 342921
chr4 74750
chr4 1132499
chr4 313290
chr4 154101
chr4 44405
chr4 40283
chr4 47246
chr4 72762
chr4 42825
chr4 69227
chr4 117434
chr4 66730
chr4 128074
chr4 7436
chr4 7
chr4 139696
chr4 54214
chr4 174084
chr4 265790
chr4 153732
chr4 97030
chr4 30453
chr4 136686
chr4 192942
chr4 56328
chr4 2336
chr4 47253
chr4 7428
chr4 11735
chr4 81208
chr4 126536
chr4 24946
chr4 15203
chr4 49153
chr4 6030
chr4 22717
chr4 5214
chr4 48440
chr4 31114
chr4 4910
chr4 7
chr4 27996
chr4 4821
chr4 16174
chr4 70696
chr4 63011
chr4 11575
chr4 27832
chr4 177951
chr4 26119
chr4 101743
chr4 353
chr4 3662
chr4 40334
chr4 14953
chr4 15234
chr4 57058
chr4 138403
chr4 105198
chr4 206929
chr4 15861
chr4 60424
chr4 158
chr4 145008
chr4 31568
chr4 87574
chr4 16853
chr4 91503
chr4 76
chr4 7654
chr4 36475
chr4 89054
chr4 179168
chr4 14793
chr4 70148
chr4 28704
chr4 36782
chr4 60530
chr4 13820
chr4 10842
chr4 11559
chr4 19501
chr4 29080
chr4 19258
chr4 209
chr4 47055
chr4 36696
chr4 4683
chr4 19788
chr4 64434
chr4 15036
chr4 89276
chr4 3215
chr4 52289
chr4 8911
chr4 14
chr4 4090
chr4 51793
chr4 77
chr4 17268
chr4 43258
chr4 87331
chr4 27357
chr4 14625
chr4 86995
chr4 7271
chr4 22705
chr4 65412
chr4 9314
chr4 6632
chr4 135635
chr4 28614
chr4 30
chr4 30276
chr4 724
chr4 61761
chr4 127842
chr4 110
chr4 15825
chr4 99106
chr4 62797
chr4 20919
chr4 1
chr4 65612
chr4 22630
chr4 19390
chr4 404250
chr4 141701
chr4 197865
chr4 20213
chr4 151188
chr4 25720
chr4 130282
chr4 38
chr4 25253
chr4 170193
chr4 93696
chr4 12595
chr4 38
chr4 77663
chr4 2730
chr4 22754
chr4 37158
chr4 3528
chr4 21063
chr4 6562
chr4 17780
chr4 48369
chr4 23079
chr4 32145
chr4 27514
chr4 168
chr4 139209
chr4 76133
chr4 18179
chr4 6179
chr4 8596
chr4 3020
chr4 6913
chr4 184212
chr4 140
chr4 3124
chr4 70559
chr4 2291000
chr4 58644
chr4 12304
chr4 58811
chr4 54684
chr4 5143
chr4 19631
chr4 52165
chr4 18666
chr4 7720
chr4 46131
chr4 6640
chr4 19557
chr4 63121
chr4 121
chr4 18056
chr4 46
chr4 63603
chr4 4570
chr4 6705
chr4 29760
chr4 9557
chr4 7151
chr4 10110
chr4 15557
chr4 12010
chr4 19245
chr4 14418
chr4 14036
chr4 155867
chr4 83966
chr4 39587
chr4 14185
chr4 27959
chr4 44791
chr4 140772
chr4 396
chr4 20678
chr4 38180
chr4 15229
chr4 51366
chr4 20680
chr4 17510
chr4 12520
chr4 58808
chr4 20062
chr4 834
chr4 9984
chr4 41870
chr4 58049
chr4 68089
chr4 98052
chr4 93259
chr4 23823
chr4 46225
chr4 6300
chr4 21755
chr4 32851
chr4 28130
chr4 15477
chr4 57498
chr4 43190
chr4 101462
chr4 169013
chr4 38515
chr4 52177
chr4 164045
chr4 62819
chr4 214210
chr4 54218
chr4 15261
chr4 17569
chr4 137904
chr4 161335
chr4 81715
chr4 45302
chr4 45496
chr4 257032
chr4 57952
chr4 64326
chr4 13880
chr4 3446
chr4 13132
chr4 47198
chr4 86652
chr4 84202
chr4 140622
chr4 117107
chr4 90086
chr4 51070
chr4 118682
chr4 49901
chr4 218268
chr4 7827
chr4 75920
chr4 88760
chr4 288315
chr4 81327
chr4 33848
chr4 54
chr4 33045
chr4 14870
chr4 45987
chr4 77584
chr4 3715
chr4 49424
chr4 10937
chr4 23767
chr4 3418
chr4 59925
chr4 138007
chr4 9269
chr4 4469
chr4 39111
chr4 62
chr4 42382
chr4 61429
chr4 8981
chr4 23885
chr4 15752
chr4 26655
chr4 16517
chr4 15889
chr4 19011
chr4 112822
chr4 103291
chr4 121798
chr4 7630
chr4 14853
chr4 2584
chr4 173241
chr4 14417
chr4 96851
chr4 16224
chr4 147614
chr4 153460
chr4 19140
chr4 164725
chr4 19276
chr4 83189
chr4 37721
chr4 91906
chr4 7468
chr4 17895
chr4 4906
chr4 31473
chr4 41170
chr4 25284
chr4 10730
chr4 4019
chr4 9835
chr4 8107
chr4 4853
chr4 35747
chr4 33032
chr4 55672
chr4 5034
chr4 62342
chr4 54034
chr4 1030
chr4 36590
chr4 20526
chr4 89027
chr4 106396
chr4 56756
chr4 11768
chr4 21040
chr4 2977
chr4 91852
chr4 9497
chr4 19
chr4 29728
chr4 39074
chr4 28955
chr4 21103
chr4 60280
chr4 129605
chr4 10772
chr4 17403
chr4 7804
chr4 1652
chr4 17621
chr4 47852
chr4 28204
chr4 1626
chr4 43859
chr4 55246
chr4 22110
chr4 33462
chr4 29780
chr4 30708
chr4 24103
chr4 45226
chr4 38
chr4 6228
chr4 5301
chr4 68152
chr4 6228
chr4 59
chr4 31933
chr4 70703
chr4 229388
chr4 2722
chr4 201711
chr4 113208
chr4 79221
chr4 36
chr4 136959
chr4 117053
chr4 34534
chr4 43959
chr4 12726
chr4 4737
chr4 56966
chr4 158304
chr4 47814
chr4 23078
chr4 94253
chr4 182826
chr4 12393
chr4 39678
chr4 148
chr4 89064
chr4 17773
chr4 85556
chr4 120937
chr4 29122
chr4 34324
chr4 66020
chr4 22950
chr4 71273
chr4 43740
chr4 1612
chr4 39043
chr4 42293
chr4 45307
chr4 33251
chr4 64176
chr4 3536
chr4 124784
chr4 18071
chr4 18009
chr4 89615
chr4 38270
chr4 115696
chr4 20163
chr4 3122
chr4 135
chr4 33695
chr4 38
chr4 101
chr4 164577
chr4 97783
chr4 35108
chr4 132995
chr4 123184
chr4 4380
chr4 19500
chr4 75885
chr4 11034
chr4 63390
chr4 47245
chr4 18157
chr4 121728
chr4 32770
chr4 3878
chr4 22064
chr4 57999
chr4 48346
chr4 250174
chr4 73733
chr4 38276
chr4 37158
chr4 16
chr4 128138
chr4 29756
chr4 5566
chr4 7961
chr4 105256
chr4 42063
chr4 17709
chr4 106286
chr4 38
chr4 6092
chr4 16249
chr4 9772
chr4 82397
chr4 16473
chr4 86340
chr4 31009
chr4 20506
chr4 105005
chr4 25875
chr4 11107
chr4 22372
chr4 20254
chr4 20628
chr4 72776
chr4 122728
chr4 45824
chr4 6010
chr4 73571
chr4 18845
chr4 11077
chr4 29367
chr4 10244
chr4 96079
chr4 71
chr4 44346
chr4 47309
chr4 4304
chr4 54823
chr4 27339
chr4 31465
chr4 65053
chr4 26511
chr4 26498
chr4 22433
chr4 12625
chr4 56114
chr4 19852
chr4 35295
chr4 84142
chr4 6437
chr4 197472
chr4 132457
chr4 29
chr4 224684
chr4 55054
chr4 93958
chr4 18363
chr4 111351
chr4 59039
chr4 12584
chr4 18926
chr4 72487
chr4 65453
chr4 43306
chr4 10572
chr4 27327
chr4 44931
chr4 123
chr4 23517
chr4 21608
chr4 27432
chr4 53544
chr4 90898
chr4 49995
chr4 85103
chr4 8546
chr4 98752
chr4 50591
chr4 23638
chr4 47323
chr4 68904
chr4 54555
chr4 24303
chr4 46649
chr4 15569
chr4 40267
chr4 52005
chr4 69741
chr4 7491
chr4 134419
chr4 106695
chr4 29617
chr4 6296
chr4 58748
chr4 12457
chr4 4766
chr4 7484
chr4 1550
chr4 1619
chr4 35456
chr4 25009
chr4 6143
chr4 87135
chr4 2129
chr4 45631
chr4 56272
chr4 46310
chr4 22456
chr4 37424
chr4 44
chr4 43057
chr4 84
chr4 10561
chr4 19046
chr4 66690
chr4 146003
chr4 30267
chr4 155014
chr4 11360
chr4 19649
chr4 79865
chr4 54689
chr4 30445
chr4 22131
chr4 8288
chr4 7
chr4 27577
chr4 22367
chr4 15537
chr4 81635
chr4 51669
chr4 16673
chr4 104703
chr4 37483
chr4 4537
chr4 143052
chr4 94655
chr4 16446
chr4 44634
chr4 255
chr4 2801
chr4 10420
chr4 8279
chr4 153225
chr4 30490
chr4 17945
chr4 100131
chr4 61276
chr4 19888
chr4 12146
chr4 34677
chr4 15707
chr4 22677
chr4 21688
chr4 117428
chr4 16302
chr4 11172
chr4 38
chr4 18494
chr4 24925
chr4 119033
chr4 137
chr4 25559
chr4 9735
chr4 4681
chr4 11471
chr4 5044
chr4 28304
chr4 2548
chr4 4512
chr4 43578
chr4 8727
chr4 78471
chr4 28560
chr4 3910
chr4 16960
chr4 4895
chr4 11494
chr4 338485
chr4 60185
chr4 35607
chr4 40803
chr4 23465
chr4 50363
chr4 49583
chr4 67585
chr4 22318
chr4 48745
chr4 82896
chr4 32661
chr4 51801
chr4 37535
chr4 70562
chr4 5141
chr4 46400
chr4 93615
chr4 30117
chr4 51720
chr4 19911
chr4 18216
chr4 38180
chr4 29903
chr4 6136
chr4 24545
chr4 14782
chr4 7844
chr4 48853
chr4 7023
chr4 44576
chr4 117143
chr4 81964
chr4 58690
chr4 55738
chr4 108015
chr4 14425
chr4 9284
chr4 265
chr4 8291
chr4 16801
chr4 44373
chr4 41118
chr4 30620
chr4 91917
chr4 20562
chr4 20228
chr4 677
chr4 82690
chr4 28120
chr4 13367
chr4 12136
chr4 17469
chr4 2
chr4 10039
chr4 10795
chr4 3865
chr4 41640
chr4 4158
chr4 9314
chr4 21323
chr4 43187
chr4 39887
chr4 6341
chr4 71276
chr4 428014
chr4 20773
chr4 301928
chr4 62456
chr4 52723
chr4 7786
chr4 123597
chr4 71551
chr4 360097
chr4 105525
chr4 16559
chr4 37
chr4 173109
chr4 20732
chr4 41189
chr4 38
chr4 16181
chr4 117332
chr4 57209
chr4 773
chr4 56
chr4 13849
chr4 15541
chr4 135
chr4 31398
chr4 19217
chr4 65790
chr4 26388
chr4 201509
chr4 82298
chr4 2693
chr4 147948
chr4 5651
chr4 13169
chr4 50371
chr4 79648
chr4 30429
chr4 173641
chr4 17863
chr4 7300
chr4 258995
chr4 127956
chr4 88199
chr4 23784
chr4 20193
chr4 83743
chr4 16262
chr4 46816
chr4 12972
chr4 11138
chr4 34076
chr4 279255
chr4 11138
chr4 70136
chr4 207327
chr4 43252
chr4 50554
chr4 114260
chr4 38031
chr4 26141
chr4 252738
chr4 3256
chr4 21164
chr4 5271
chr4 48767
chr4 256525
chr4 6785
chr4 6729
chr4 102433
chr4 3785
chr4 60672
chr4 5671
chr4 468
chr4 21928
chr4 98448
chr4 12454
chr4 124360
chr4 24300
chr4 18605
chr4 15114
chr4 11035
chr4 9696
chr4 8539
chr4 1697
chr4 49867
chr4 37292
chr4 27498
chr4 18526
chr4 19851
chr4 43178
chr4 50096
chr4 41138
chr4 7161
chr4 55285
chr4 178749
chr4 56048
chr4 113011
chr4 92206
chr4 59
chr4 41199
chr4 90410
chr4 42678
chr4 10570
chr4 1745
chr4 10727
chr4 8604
chr4 47279
chr4 14338
chr4 13965
chr4 13730
chr4 17582
chr4 334376
chr4 23938
chr4 113806
chr4 63132
chr4 153993
chr4 36341
chr4 222702
chr4 95670
chr4 8607
chr4 52449
chr4 264147
chr4 155314
chr4 2145
chr4 36021
chr4 142292
chr4 25984
chr4 47767
chr4 9
chr4 5747
chr4 28940
chr4 6897
chr4 12234
chr4 76819
chr4 56124
chr4 25797
chr4 91785
chr4 802
chr4 11766
chr4 128644
chr4 32945
chr4 204930
chr4 18961
chr4 167623
chr4 30427
chr4 12301
chr4 19776
chr4 126628
chr4 20751
chr4 28240
chr4 5352
chr4 89314
chr4 10876
chr4 32964
chr4 19633
chr4 33713
chr4 54966
chr4 63938
chr4 8237
chr4 55073
chr4 19896
chr4 37383
chr4 39296
chr4 95575
chr4 49769
chr4 40950
chr4 53500
chr4 14962
chr4 26423
chr4 39174
chr4 59315
chr4 66871
chr4 31122
chr4 42594
chr4 4505
chr4 7696
chr4 10351
chr4 30690
chr4 84500
chr4 7141
chr4 79024
chr4 37281
chr4 128471
chr4 65536
chr4 85127
chr4 137787
chr4 24146
chr4 102766
chr4 286367
chr4 206569
chr4 91413
chr4 13095
chr4 16635
chr4 149353
chr4 10857
chr4 9759
chr4 2180
chr4 20841
chr4 96772
chr4 34410
chr4 174619
chr4 24128
chr4 45372
chr4 186335
chr4 184033
chr4 7109
chr4 88315
chr4 41725
chr4 3037
chr4 96099
chr4 94176
chr4 20005
chr4 8221
chr4 20800
chr4 62428
chr4 95834
chr4 12244
chr4 90023
chr4 12294
chr4 8287
chr4 102084
chr4 38979
chr4 46448
chr4 86507
chr4 46180
chr4 38439
chr4 75623
chr4 3880
chr4 31322
chr4 37232
chr4 150528
chr4 169653
chr4 55471
chr4 35
chr4 111712
chr4 30039
chr4 71050
chr4 19009
chr4 60397
chr4 32714
chr4 72303
chr4 102275
chr4 30208
chr4 29033
chr4 15705
chr4 32521
chr4 103101
chr4 59603
chr4 54337
chr4 104477
chr4 137772
chr4 14437
chr4 201
chr4 16559
chr4 38028
chr4 29579
chr4 32951
chr4 15
chr4 83942
chr4 24525
chr4 24366
chr4 17379
chr4 39315
chr4 21975
chr4 15821
chr4 19829
chr4 234
chr4 165764
chr4 57617
chr4 29658
chr4 63527
chr4 47042
chr4 60259
chr4 118896
chr4 30977
chr4 33862
chr4 49333
chr4 59643
chr4 35221
chr4 134225
chr4 149130
chr4 26182
chr4 12652
chr4 173
chr4 3006
chr4 52906
chr4 7591
chr4 73377
chr4 74826
chr4 9319
chr4 51607
chr4 33009
chr4 11511
chr4 23844
chr4 4389
chr4 64
chr4 9937
chr4 64509
chr4 4321
chr4 51354
chr4 25232
chr4 246
chr4 64790
chr4 36595
chr4 27642
chr4 49081
chr4 22485
chr4 90410
chr4 25960
chr4 14082
chr4 29410
chr4 20762
chr4 4445
chr4 43861
chr4 700
chr4 7207
chr4 20855
chr4 42087
chr4 15026
chr4 3
chr4 44243
chr4 20702
chr4 10308
chr4 10920
chr4 28236
chr4 169948
chr4 3542
chr4 77351
chr4 21855
chr4 1511
chr4 32
chr4 19550
chr4 8566
chr4 48107
chr4 44624
chr4 159456
chr4 10517
chr4 236020
chr4 279703
chr4 113090
chr4 132788
chr4 27602
chr4 24043
chr4 1525
chr4 35589
chr4 18862
chr4 38755
chr4 104208
chr4 149163
chr4 228152
chr4 22856
chr4 17402
chr4 21018
chr4 3141
chr4 21153
chr4 31751
chr4 40303
chr4 57344
chr4 105699
chr4 1761
chr4 49480
chr4 248908
chr4 4951
chr4 62843
chr4 97856
chr4 76464
chr4 12149
chr4 2782
chr4 1
chr4 277531
chr4 34443
chr4 62352
chr4 13440
chr4 56345
chr4 92581
chr4 142267
chr4 13412
chr4 58150
chr4 18367
chr4 284
chr4 35562
chr4 22445
chr4 4619
chr4 2729
chr4 99309
chr4 15737
chr4 52351
chr4 43623
chr4 39269
chr4 37836
chr4 25383
chr4 16283
chr4 25153
chr4 81659
chr4 43049
chr4 23478
chr4 39044
chr4 44285
chr4 1810
chr4 17690
chr4 83639
chr4 26052
chr4 133720
chr4 8298
chr4 10752
chr4 4659
chr4 157921
chr4 69215
chr4 166986
chr4 40735
chr4 22630
chr4 44912
chr4 258482
chr4 28424
chr4 87845
chr4 1519
chr4 39398
chr4 5
chr4 3941
chr4 14955
chr4 12670
chr4 520
chr4 137794
chr4 22113
chr4 6389
chr4 75507
chr4 178522
chr4 10369
chr4 17586
chr4 55611
chr4 19358
chr4 12351
chr4 121605
chr4 43937
chr4 195536
chr4 106658
chr4 38519
chr4 161
chr4 83288
chr4 70560
chr4 169789
chr4 130358
chr4 4
chr4 108365
chr4 43403
chr4 15583
chr4 170275
chr4 42394
chr4 77330
chr4 189777
chr4 43127
chr4 8140
chr4 43627
chr4 9174
chr4 71323
chr4 160432
chr4 12509
chr4 65797
chr4 24067
chr4 67529
chr4 28502
chr4 56848
chr4 112260
chr4 119776
chr4 12480
chr4 38902
chr4 47700
chr4 75
chr4 5861
chr4 38160
chr4 3379
chr4 40156
chr4 282225
chr4 58879
chr4 24110
chr4 144437
chr4 52395
chr4 2538
chr4 66787
chr4 122501
chr4 67929
chr4 36560
chr4 4246
chr4 17676
chr4 13500
chr4 3885
chr4 76573
chr4 99235
chr4 104996
chr4 729
chr4 727
chr4 7225
chr4 26109
chr4 1245
chr4 6800
chr4 14980
chr4 34556
chr4 13420
chr4 10446
chr4 29710
chr4 3450
chr4 79549
chr4 24994
chr4 38365
chr4 24152
chr4 94750
chr4 32485
chr4 26892
chr4 15987
chr4 99535
chr4 9239
chr4 10669
chr4 12041
chr4 104473
chr4 61133
chr4 50430
chr4 80581
chr4 8006
chr4 17570
chr4 22164
chr4 100250
chr4 50058
chr4 9124
chr4 84337
chr4 15331
chr4 198806
chr4 59159
chr4 24796
chr4 116587
chr4 81104
chr4 20085
chr4 8387
chr4 12055
chr4 138
chr4 46869
chr4 21998
chr4 5827
chr4 9275
chr4 58119
chr4 5152
chr4 40816
chr4 34627
chr4 42187
chr4 119450
chr4 40505
chr4 81619
chr4 13745
chr4 19821
chr4 135
chr4 42595
chr4 159720
chr4 40214
chr4 89234
chr4 469
chr4 183238
chr4 62971
chr4 25484
chr4 43816
chr4 22851
chr4 117529
chr4 8776
chr4 70
chr4 18496
chr4 6770
chr4 10432
chr4 19987
chr4 44510
chr4 79257
chr4 5675
chr4 205282
chr4 8416
chr4 158
chr4 21816
chr4 116492
chr4 26280
chr4 106896
chr4 64481
chr4 54014
chr4 9407
chr4 42331
chr4 19429
chr4 37668
chr4 12066
chr4 80518
chr4 37
chr4 14688
chr4 153097
chr4 79762
chr4 223777
chr4 101007
chr4 17483
chr4 120433
chr4 44016
chr4 17944
chr4 57500
chr4 9101
chr4 44390
chr4 40164
chr4 31865
chr4 157
chr4 73500
chr4 144521
chr4 22308
chr4 58150
chr4 68417
chr4 67633
chr4 37370
chr4 29832
chr4 1562
chr4 129134
chr4 52971
chr4 5832
chr4 17321
chr4 41
chr4 19378
chr4 216976
chr4 52417
chr4 133092
chr4 12740
chr4 40873
chr4 30567
chr4 41586
chr4 38999
chr4 35793
chr4 23370
chr4 73791
chr4 15589
chr4 41897
chr4 216184
chr4 44576
chr4 119
chr4 19977
chr4 20224
chr4 62973
chr4 13486
chr4 56747
chr4 46733
chr4 80660
chr4 139673
chr4 65594
chr4 160
chr4 186898
chr4 14114
chr4 25020
chr4 50004
chr4 77734
chr4 43391
chr4 24246
chr4 19284
chr4 35064
chr4 13430
chr4 12823
chr4 25454
chr4 7833
chr4 102342
chr4 27992
chr4 45
chr4 9768
chr4 4537
chr4 32247
chr4 5562
chr4 9019
chr4 107759
chr4 28252
chr4 106817
chr4 48693
chr4 34261
chr4 65868
chr4 55181
chr4 21673
chr4 71651
chr4 15320
chr4 12777
chr4 111151
chr4 95707
chr4 74871
chr4 9711
chr4 12143
chr4 22424
chr4 34660
chr4 12050
chr4 14813
chr4 243786
chr4 35406
chr4 184
chr4 116597
chr4 207001
chr4 15941
chr4 5193
chr4 38400
chr4 21218
chr4 158431
chr4 433385
chr4 12238
chr4 68402
chr4 1347
chr4 8559
chr4 57963
chr4 62475
chr4 14711
chr4 64716
chr4 18280
chr4 56
chr4 94520
chr4 30092
chr4 36480
chr4 4391
chr4 11
chr4 2609
chr4 26824
chr4 40058
chr4 118363
chr4 2452
chr4 147335
chr4 37071
chr4 128703
chr4 164287
chr4 7315
chr4 50962
chr4 6093
chr4 121131
chr4 21171
chr4 71957
chr4 21782
chr4 31729
chr4 13439
chr4 43271
chr4 81775
chr4 43978
chr4 135993
chr4 49651
chr4 42607
chr4 69703
chr4 12710
chr4 9631
chr4 238715
chr4 124750
chr4 27887
chr4 19921
chr4 159810
chr4 13141
chr4 10618
chr4 3896
chr4 119466
chr4 101491
chr4 146753
chr4 12828
chr4 89017
chr4 22941
chr4 80477
chr4 25074
chr4 73162
chr4 16670
chr4 46530
chr4 26782
chr4 72904
chr4 331969
chr4 26122
chr4 21567
chr4 24542
chr4 46230
chr4 157573
chr4 43397
chr4 40
chr4 7811
chr4 10577
chr4 7859
chr4 7017
chr4 108849
chr4 4130
chr4 145313
chr4 189087
chr4 293285
chr4 51431
chr4 133
chr4 22314
chr4 108999
chr4 117849
chr4 8030
chr4 49379
chr4 17486
chr4 8670
chr4 11603
chr4 96707
chr4 6762
chr4 120272
chr4 255186
chr4 119339
chr4 26948
chr4 58914
chr4 90983
chr4 9615
chr4 34154
chr4 10379
chr4 59112
chr4 43128
chr4 73554
chr4 21330
chr4 114697
chr4 176453
chr4 44806
chr4 49801
chr4 83604
chr4 16480
chr4 131651
chr4 61834
chr4 74228
chr4 67344
chr4 33657
chr4 11221
chr4 127186
chr4 5641
chr4 161395
chr4 19972
chr4 8714
chr4 38
chr4 76072
chr4 49966
chr4 20971
chr4 52579
chr4 24681
chr4 28371
chr4 77
chr4 18940
chr4 12054
chr4 17311
chr4 33770
chr4 3895
chr4 33824
chr4 51208
chr4 259
chr4 9126
chr4 273623
chr4 98625
chr4 37510
chr4 132597
chr4 142134
chr4 19586
chr4 31952
chr4 63936
chr4 4198
chr4 47018
chr4 26407
chr4 215353
chr4 18680
chr4 145238
chr4 9168
chr4 101328
chr4 27515
chr4 72069
chr4 19158
chr4 46240
chr4 40728
chr4 302494
chr4 6179
chr4 79241
chr4 8204
chr4 51951
chr4 10015
chr4 183825
chr4 34799
chr4 31122
chr4 38705
chr4 47215
chr4 47592
chr4 44198
chr4 15601
chr4 35668
chr4 17989
chr4 10763
chr4 68623
chr4 24225
chr4 72602
chr4 113325
chr4 3
chr4 173148
chr4 43094
chr4 44167
chr4 111370
chr4 100671
chr4 78064
chr4 5087
chr4 11991
chr4 15410
chr4 13375
chr4 31680
chr4 48292
chr4 120534
chr4 14945
chr4 44417
chr4 28467
chr4 313747
chr4 25245
chr4 39569
chr4 19024
chr4 18489
chr4 17014
chr4 21
chr4 137138
chr4 128
chr4 127647
chr4 30407
chr4 10210
chr4 15686
chr4 30334
chr4 161923
chr4 85372
chr4 4887
chr4 1434
chr4 25617
chr4 35782
chr4 21143
chr4 87138
chr4 94211
chr4 46180
chr4 5244
chr4 16
chr4 39263
chr4 60744
chr4 104777
chr4 35661
chr4 15504
chr4 128811
chr4 14071
chr4 6410
chr4 25900
chr4 6184
chr4 2
chr4 5160
chr4 27410
chr4 18858
chr4 122212
chr4 95704
chr4 67948
chr4 51439
chr4 31
chr4 32134
chr4 69699
chr4 65419
chr4 47849
chr4 33171
chr4 26608
chr4 95874
chr4 322117
chr4 87176
chr4 98261
chr4 371393
chr4 47846
chr4 53667
chr4 2608
chr4 10134
chr4 93
chr4 16837
chr4 16354
chr4 39886
chr4 30475
chr4 61018
chr4 73205
chr4 32022
chr4 28777
chr4 118281
chr4 17445
chr4 183696
chr4 21489
chr4 57974
chr4 126945
chr4 16970
chr4 10958
chr4 91206
chr4 84003
chr4 22995
chr4 83523
chr4 6786
chr4 276806
chr4 7757
chr4 10345
chr4 53998
chr4 121094
chr4 12122
chr4 13379
chr4 58762
chr4 19328
chr4 28322
chr4 15196
chr4 298245
chr4 16854
chr4 48378
chr4 68027
chr4 5904
chr4 25623
chr4 32589
chr4 118745
chr4 3765
chr4 38627
chr4 37030
chr4 202861
chr4 99687
chr4 23
chr4 89025
chr4 80470
chr4 59565
chr4 128522
chr4 29160
chr4 158803
chr4 140746
chr4 3774
chr4 77713
chr4 18496
chr4 52675
chr4 36
chr4 13169
chr4 56273
chr4 10613
chr4 197158
chr4 8483
chr4 116973
chr4 34396
chr4 251348
chr4 20511
chr4 3219
chr4 145501
chr4 35580
chr4 56954
chr4 58845
chr4 57362
chr4 6232
chr4 37624
chr4 26534
chr4 159934
chr4 76819
chr4 93646
chr4 126729
chr4 74868
chr4 47
chr4 32434
chr4 14655
chr4 100820
chr4 16901
chr4 29507
chr4 9536
chr4 77278
chr4 152497
chr4 25931
chr4 33303
chr4 117964
chr4 21823
chr4 71358
chr4 76482
chr4 3414
chr4 33868
chr4 39263
chr4 24
chr4 118866
chr4 39597
chr4 67103
chr4 615
chr4 47384
chr4 30790
chr4 14582
chr4 59127
chr4 12323
chr4 176194
chr4 51170
chr4 59289
chr4 22956
chr4 129446
chr4 91789
chr4 139382
chr4 45702
chr4 94902
chr4 11476
chr4 131259
chr4 74381
chr4 264496
chr4 8666
chr4 133508
chr4 197226
chr4 63537
chr4 119288
chr4 180784
chr4 29317
chr4 11777
chr4 14929
chr4 14718
chr4 140833
chr4 39359
chr4 57
chr4 61146
chr4 17298
chr4 44522
chr4 152204
chr4 86080
chr4 201426
chr4 7355
chr4 28132
chr4 70701
chr4 9952
chr4 8869
chr4 18305
chr4 4823
chr4 28544
chr4 39664
chr4 1966
chr4 206632
chr4 80818
chr4 20306
chr4 124
chr4 540407
chr4 42456
chr4 242538
chr4 65417
chr4 191716
chr4 178003
chr4 145
chr4 18148
chr4 68603
chr4 255543
chr4 28583
chr4 5591
chr4 1917
chr4 60589
chr4 116189
chr4 121395
chr4 100428
chr4 2816
chr4 66353
chr4 70408
chr4 55879
chr4 51674
chr4 57956
chr4 201
chr4 81169
chr4 53337
chr4 393
chr4 35928
chr4 24946
chr4 80172
chr4 51202
chr4 327
chr4 85896
chr4 179902
chr4 149912
chr4 15394
chr4 85002
chr4 65934
chr4 105514
chr4 200865
chr4 6861
chr4 57201
chr4 93821
chr4 50854
chr4 23497
chr4 39776
chr4 13214
chr4 16659
chr4 34099
chr4 80600
chr4 9432
chr4 59964
chr4 130611
chr4 2261
chr4 42633
chr4 40
chr4 5970
chr4 31492
chr4 153958
chr4 70085
chr4 75120
chr4 82161
chr4 130879
chr4 19061
chr4 46510
chr4 60637
chr4 4074
chr4 106885
chr4 19335
chr4 4085
chr4 13221
chr4 92406
chr4 4079
chr4 13264
chr4 60118
chr4 18721
chr4 101
chr4 24302
chr4 7954
chr4 37228
chr4 6716
chr4 35450
chr4 8235
chr4 28322
chr4 52300
chr4 72379
chr4 9828
chr4 13028
chr4 20196
chr4 47343
chr4 39117
chr4 150779
chr4 32806
chr4 62966
chr4 29353
chr4 8874
chr4 10632
chr4 18936
chr4 21918
chr4 32368
chr4 59236
chr4 9190
chr4 44494
chr4 7170
chr4 74073
chr4 145514
chr4 60
chr4 9066
chr4 10099
chr4 145961
chr4 58945
chr4 117488
chr4 10995
chr4 370967
chr4 79726
chr4 279835
chr4 125610
chr4 56
chr4 104665
chr4 42111
chr4 11515
chr4 73422
chr4 73287
chr4 56231
chr4 8556
chr4 3139
chr4 45900
chr4 26183
chr4 222029
chr4 24744
chr4 29078
chr4 22
chr4 19027
chr4 34852
chr4 35515
chr4 37821
chr4 77021
chr4 10847
chr4 16738
chr4 54574
chr4 7766
chr4 221881
chr4 191399
chr4 24563
chr4 28180
chr4 26691
chr4 40448
chr4 88551
chr4 19008
chr4 49167
chr4 25653
chr4 129420
chr4 185122
chr4 18145
chr4 185424
chr4 42918
chr4 16243
chr4 57558
chr4 167266
chr4 55774
chr4 46390
chr4 20265
chr4 72610
chr4 44059
chr4 8068
chr4 8316
chr4 8542
chr4 39198
chr4 44903
chr4 80087
chr4 57949
chr4 71833
chr4 44509
chr4 876
chr4 21992
chr4 2923
chr4 43887
chr4 28452
chr4 97641
chr4 66809
chr4 66
chr4 82
chr4 56726
chr4 27393
chr4 40508
chr4 95181
chr4 33396
chr4 14249
chr4 122672
chr4 31676
chr4 115452
chr4 50706
chr4 64257
chr4 45116
chr4 101215
chr4 34535
chr4 150304
chr4 55535
chr4 181500
chr4 18232
chr4 29
chr4 66412
chr4 106317
chr4 34190
chr4 51652
chr4 162495
chr4 35249
chr4 38768
chr4 157819
chr4 95895
chr4 190506
chr4 42481
chr4 64720
chr4 223478
chr4 104736
chr4 58
chr4 192041
chr4 86495
chr4 347
chr4 152676
chr4 150
chr4 20285
chr4 756024
chr4 37929
chr4 107182
chr4 151693
chr4 124957
chr4 11405
chr4 55200
chr4 34673
chr4 7162
chr4 2410
chr4 170111
chr4 4906
chr4 272906
chr4 43193
chr4 191419
chr4 126393
chr4 68688
chr4 46124
chr4 61186
chr4 135722
chr4 57817
chr4 180044
chr4 229328
chr4 87556
chr4 151272
chr4 189593
chr4 33423
chr4 108756
chr4 18050
chr4 55676
chr4 7172
chr4 10370
chr4 6821
chr4 177567
chr4 280704
chr4 98888
chr4 88328
chr4 81076
chr4 39091
chr4 178517
chr4 34997
chr4 4673
chr4 24931
chr4 137758
chr4 19490
chr4 55205
chr4 6365
chr4 4649
chr4 41771
chr4 4274
chr4 16755
chr4 7
chr4 84536
chr4 79799
chr4 112710
chr4 19787
chr4 26696
chr4 2168
chr4 22215
chr4 1088
chr4 101512
chr4 82912
chr4 39416
chr4 12985
chr4 3324
chr4 89295
chr4 788
chr4 10161
chr4 8784
chr4 2
chr4 10121
chr4 6477
chr4 10309
chr4 661
chr4 7084
chr4 31549
chr4 5106
chr4 308805
chr4 43345
chr4 77338
chr4 16190
chr4 77651
chr4 24145
chr4 63689
chr4 27128
chr4 255326
chr4 88750
chr4 39165
chr4 41974
chr4 14183
chr4 85694
chr4 7946
chr4 92369
chr4 48
chr4 11053
chr4 25759
chr4 25131
chr4 56522
chr4 38
chr4 78575
chr4 23804
chr4 29294
chr4 89873
chr4 16003
chr4 5384
chr4 44029
chr4 42987
chr4 7548
chr4 10202
chr4 58059
chr4 32794
chr4 59192
chr4 9877
chr4 143008
chr4 25032
chr4 19878
chr4 13356
chr4 63352
chr4 9827
chr4 36120
chr4 9
chr4 9356
chr4 31532
chr4 103925
chr4 15669
chr4 142
chr4 118938
chr4 28620
chr4 25654
chr4 26712
chr4 92786
chr4 112816
chr4 94235
chr4 47728
chr4 44009
chr4 25861
chr4 220
chr4 19645
chr4 23638
chr4 17789
chr4 4967
chr4 78900
chr4 159677
chr4 8361
chr4 7992
chr4 213552
chr4 18102
chr4 119966
chr4 34507
chr4 6339
chr4 22510
chr4 53954
chr4 57331
chr4 96811
chr4 46651
chr4 40658
chr4 14162
chr4 102
chr4 2170
chr4 36868
chr4 37851
chr4 38292
chr4 237
chr4 106810
chr4 70252
chr4 93300
chr4 55057
chr4 33465
chr4 151171
chr4 107879
chr4 56760
chr4 61256
chr4 28258
chr4 104
chr4 7755
chr4 104484
chr4 30559
chr4 21
chr4 1505
chr4 52760
chr4 58177
chr4 1910
chr4 38
chr4 98584
chr4 154086
chr4 6877
chr4 24877
chr4 53851
chr4 3286
chr4 11840
chr4 4757
chr4 69171
chr4 47123
chr4 23648
chr4 39401
chr4 135329
chr4 3849
chr4 7468
chr4 10133
chr4 153412
chr4 19633
chr4 47527
chr4 18310
chr4 36
chr4 25902
chr4 60716
chr4 27518
chr4 94119
chr4 81
chr4 18521
chr4 27005
chr4 17
chr4 3398
chr4 104146
chr4 149431
chr4 185891
chr4 70349
chr4 148276
chr4 11878
chr4 22605
chr4 13513
chr4 23590
chr4 117
chr4 86518
chr4 93645
chr4 71050
chr4 158372
chr4 9188
chr4 62884
chr4 2061
chr4 36018
chr4 85639
chr4 38922
chr4 80534
chr4 275627
chr4 56921
chr4 35030
chr4 113440
chr4 23970
chr4 183694
chr4 11228
chr4 21905
chr4 54279
chr4 13957
chr4 2522
chr4 98405
chr4 20886
chr4 37890
chr4 21394
chr4 54316
chr4 5535
chr4 86799
chr4 49118
chr4 91776
chr4 1214
chr4 121626
chr4 26077
chr4 82518
chr4 50684
chr4 67460
chr4 87997
chr4 89779
chr4 83853
chr4 15991
chr4 55170
chr4 12457
chr4 18585
chr4 84580
chr4 144671
chr4 109848
chr4 76561
chr4 6992
chr4 170858
chr4 938
chr4 24981
chr4 36465
chr4 244417
chr4 75056
chr4 64369
chr4 66858
chr4 38646
chr4 133
chr4 47798
chr4 73092
chr4 55991
chr4 14584
chr4 52692
chr4 99538
chr4 275569
chr4 29376
chr4 10042
chr4 109128
chr4 58854
chr4 32413
chr4 54764
chr4 8482
chr4 19192
chr4 35993
chr4 21989
chr4 9169
chr4 38
chr4 43803
chr4 48713
chr4 35756
chr4 3978
chr4 7076
chr4 13556
chr4 5397
chr4 21509
chr4 20
chr4 121919
chr4 795
chr4 65331
chr4 36045
chr4 119701
chr4 128106
chr4 5860
chr4 43506
chr4 15064
chr4 21745
chr4 13736
chr4 44495
chr4 5993
chr4 78864
chr4 79565
chr4 224972
chr4 9901
chr4 95325
chr4 120668
chr4 60118
chr4 109252
chr4 17737
chr4 70583
chr4 117974
chr4 24654
chr4 139880
chr4 124013
chr4 108746
chr4 347739
chr4 36672
chr4 117591
chr4 23799
chr4 62
chr4 349564
chr4 32753
chr4 7154
chr4 2723
chr4 14725
chr4 10679
chr4 29289
chr4 4724
chr4 4688
chr4 102
chr4 44506
chr4 16918
chr4 28084
chr4 6
chr4 12516
chr4 3654
chr4 7022
chr4 27555
chr4 65516
chr4 46362
chr4 31256
chr4 83086
chr4 45459
chr4 83932
chr4 449063
chr4 221454
chr4 11345
chr4 374
chr4 166820
chr4 268415
chr4 1
chr4 181200
chr4 15456
chr4 41527
chr4 47954
chr4 241681
chr4 58926
chr4 59537
chr4 15933
chr4 60420
chr4 15863
chr4 193616
chr4 51437
chr4 146524
chr4 42857
chr4 27880
chr4 9542
chr4 191056
chr4 171802
chr4 47238
chr4 17730
chr4 87975
chr4 79472
chr4 31204
chr4 1514
chr4 402539
chr4 7780
chr4 19180
chr4 137479
chr4 80530
chr4 112778
chr4 19528
chr4 39548
chr4 44612
chr4 19890
chr4 33
chr4 2638
chr4 17
chr4 26814
chr4 2323
chr4 65322
chr4 110
chr4 2586
chr4 22778
chr4 27149
chr4 61590
chr4 15217
chr4 41416
chr4 95749
chr4 6945
chr4 62283
chr4 55012
chr4 124003
chr4 66719
chr4 7933
chr4 148473
chr4 67266
chr4 59708
chr4 50215
chr4 267605
chr4 73751
chr4 16775
chr4 62531
chr4 76645
chr4 79660
chr4 28310
chr4 94169
chr4 8850
chr4 109273
chr4 63079
chr4 46944
chr4 272241
chr4 12061
chr4 108322
chr4 34545
chr4 79735
chr4 23560
chr4 278453
chr4 80506
chr4 129652
chr4 17339
chr4 7588
chr4 29111
chr4 19660
chr4 33381
chr4 38
chr4 19434
chr4 31694
chr4 97846
chr4 230998
chr4 73633
chr4 79379
chr4 13726
chr4 12388
chr4 88852
chr4 1004
chr4 30129
chr4 5497
chr4 139855
chr4 13043
chr4 71064
chr4 154248
chr4 78168
chr4 5149
chr4 114534
chr4 322106
chr4 268780
chr4 44367
chr4 12557
chr4 28947
chr4 116351
chr4 802271
chr4 3850
chr4 70
chr4 129800
chr4 23
chr4 52302
chr4 43263
chr4 31096
chr4 620
chr4 77769
chr4 100
chr4 281432
chr4 33359
chr4 150933
chr4 11577
chr4 61
chr4 226851
chr4 29813
chr4 290123
chr4 2549
chr4 558563
chr4 48126
chr4 58989
chr4 112724
chr4 80994
chr4 189948
chr4 153224
chr4 5692
chr4 2553
chr4 133577
chr4 90362
chr4 13281
chr4 21909
chr4 45128
chr4 20
chr4 3812
chr4 115146
chr4 44478
chr4 29609
chr4 67261
chr4 32625
chr4 6854
chr4 20990
chr4 112102
chr4 128387
chr4 2156
chr4 124323
chr4 83471
chr4 65791
chr4 113814
chr4 46034
chr4 10424
chr4 9917
chr4 8082
chr4 7510
chr4 3699
chr4 38929
chr4 32636
chr4 8032
chr4 271
chr4 108448
chr4 93520
chr4 154156
chr4 159071
chr4 5330
chr4 90086
chr4 110262
chr4 43257
chr4 40864
chr4 95853
chr4 216928
chr4 220157
chr4 96083
chr4 34782
chr4 43011
chr4 15296
chr4 2698
chr4 135829
chr4 174220
chr4 37460
chr4 88
chr4 14
chr4 84
chr4 117
chr4 76
chr4 132463
chr4 20122
chr4 107225
chr4 19182
chr4_GL000008v2_random 9927
chr4_GL000008v2_random 19925
chr4_GL000008v2_random 32011
chr4_GL000008v2_random 16456
chr4_GL000008v2_random 37956
chr4_GL000008v2_random 42474
chr4_GL000008v2_random 24069
chr5 11460
chr5 24232
chr5 70879
chr5 196549
chr5 8089
chr5 608846
chr5 81
chr5 27347
chr5 295187
chr5 81737
chr5 297617
chr5 3756
chr5 64211
chr5 347853
chr5 31710
chr5 56130
chr5 46797
chr5 65976
chr5 107824
chr5 255
chr5 111829
chr5 80826
chr5 47566
chr5 35426
chr5 58193
chr5 227605
chr5 14
chr5 6404
chr5 29779
chr5 26199
chr5 30026
chr5 24680
chr5 9775
chr5 9894
chr5 17762
chr5 9473
chr5 147164
chr5 9297
chr5 9123
chr5 25226
chr5 27349
chr5 3874
chr5 29
chr5 234
chr5 121056
chr5 31730
chr5 1633
chr5 21453
chr5 139665
chr5 23704
chr5 228539
chr5 198136
chr5 197783
chr5 55435
chr5 23664
chr5 102897
chr5 218020
chr5 26589
chr5 48561
chr5 18267
chr5 23012
chr5 5348
chr5 249869
chr5 82377
chr5 270132
chr5 65569
chr5 79956
chr5 110161
chr5 113449
chr5 86009
chr5 202382
chr5 22687
chr5 73220
chr5 173
chr5 4690
chr5 57360
chr5 132946
chr5 83570
chr5 67903
chr5 30500
chr5 99255
chr5 4673
chr5 60522
chr5 20190
chr5 85843
chr5 103549
chr5 26756
chr5 9659
chr5 76778
chr5 48883
chr5 23387
chr5 17411
chr5 19702
chr5 31488
chr5 10277
chr5 49503
chr5 115
chr5 461563
chr5 3717
chr5 18045
chr5 23587
chr5 228496
chr5 72200
chr5 107939
chr5 31
chr5 10849
chr5 6506
chr5 54862
chr5 34024
chr5 6505
chr5 19754
chr5 92621
chr5 9
chr5 130451
chr5 3200
chr5 20676
chr5 52578
chr5 29731
chr5 15659
chr5 12635
chr5 53555
chr5 791
chr5 36672
chr5 10
chr5 9547
chr5 16985
chr5 11152
chr5 7655
chr5 103697
chr5 76111
chr5 39737
chr5 77687
chr5 14734
chr5 30068
chr5 152139
chr5 38
chr5 33660
chr5 88440
chr5 10414
chr5 166841
chr5 6479
chr5 7735
chr5 116841
chr5 37600
chr5 5916
chr5 181800
chr5 25079
chr5 51136
chr5 86009
chr5 61937
chr5 24115
chr5 568812
chr5 131541
chr5 42771
chr5 107494
chr5 61260
chr5 47071
chr5 44900
chr5 18643
chr5 77007
chr5 12332
chr5 19646
chr5 35760
chr5 50613
chr5 263588
chr5 74563
chr5 130304
chr5 11174
chr5 112534
chr5 62978
chr5 72299
chr5 27893
chr5 9767
chr5 158965
chr5 45622
chr5 23015
chr5 53830
chr5 73126
chr5 10298
chr5 42183
chr5 62838
chr5 194854
chr5 7700
chr5 84132
chr5 40401
chr5 24040
chr5 82070
chr5 39833
chr5 11428
chr5 10729
chr5 3976
chr5 12876
chr5 109152
chr5 25363
chr5 26517
chr5 151584
chr5 94931
chr5 99952
chr5 7977
chr5 127807
chr5 60240
chr5 126736
chr5 34023
chr5 143527
chr5 2751
chr5 43
chr5 226926
chr5 506007
chr5 125042
chr5 273258
chr5 63884
chr5 114140
chr5 20
chr5 91023
chr5 54566
chr5 159421
chr5 30333
chr5 1947
chr5 61699
chr5 216212
chr5 66085
chr5 30705
chr5 101451
chr5 68654
chr5 251111
chr5 42
chr5 21169
chr5 12474
chr5 6015
chr5 720775
chr5 43831
chr5 16979
chr5 43920
chr5 23077
chr5 10
chr5 101893
chr5 4415
chr5 6036
chr5 23329
chr5 70773
chr5 7215
chr5 34243
chr5 35172
chr5 219919
chr5 25433
chr5 9823
chr5 20207
chr5 64216
chr5 36679
chr5 41797
chr5 25599
chr5 29448
chr5 125242
chr5 46629
chr5 64
chr5 36381
chr5 9439
chr5 32810
chr5 116706
chr5 80000
chr5 184503
chr5 100711
chr5 24494
chr5 35172
chr5 41230
chr5 6598
chr5 86806
chr5 58248
chr5 105988
chr5 22464
chr5 27
chr5 33782
chr5 7571
chr5 40901
chr5 55968
chr5 16462
chr5 19705
chr5 49700
chr5 102752
chr5 59775
chr5 49918
chr5 22086
chr5 1888
chr5 26996
chr5 105191
chr5 90156
chr5 35056
chr5 45040
chr5 139894
chr5 31199
chr5 94665
chr5 21490
chr5 103555
chr5 54630
chr5 36592
chr5 21030
chr5 79988
chr5 50532
chr5 43173
chr5 167669
chr5 60622
chr5 120308
chr5 63653
chr5 50249
chr5 34163
chr5 43470
chr5 16940
chr5 32490
chr5 22437
chr5 3055
chr5 10556
chr5 2364
chr5 102626
chr5 66523
chr5 7233
chr5 117973
chr5 26
chr5 98856
chr5 78544
chr5 48327
chr5 91200
chr5 10574
chr5 54094
chr5 149778
chr5 4221
chr5 83317
chr5 36054
chr5 19923
chr5 1910
chr5 103499
chr5 61291
chr5 38698
chr5 69656
chr5 110695
chr5 17337
chr5 97251
chr5 21931
chr5 99616
chr5 48556
chr5 49386
chr5 51349
chr5 177649
chr5 3229
chr5 9829
chr5 27330
chr5 53992
chr5 172198
chr5 5234
chr5 90175
chr5 1575
chr5 118938
chr5 38450
chr5 19655
chr5 6596
chr5 8782
chr5 108539
chr5 1099
chr5 34565
chr5 42227
chr5 47
chr5 70494
chr5 2925
chr5 2530
chr5 36886
chr5 57324
chr5 11630
chr5 8251
chr5 45058
chr5 10205
chr5 14524
chr5 66735
chr5 8263
chr5 7659
chr5 196027
chr5 67369
chr5 33494
chr5 23819
chr5 11632
chr5 95855
chr5 37245
chr5 39900
chr5 37865
chr5 9082
chr5 145305
chr5 12489
chr5 56026
chr5 63668
chr5 118071
chr5 14150
chr5 53774
chr5 8741
chr5 7133
chr5 17969
chr5 122600
chr5 16722
chr5 266690
chr5 18135
chr5 54529
chr5 9142
chr5 132214
chr5 1717
chr5 49512
chr5 1572
chr5 29496
chr5 2822
chr5 72359
chr5 43633
chr5 23814
chr5 18072
chr5 21680
chr5 28649
chr5 18118
chr5 12238
chr5 56616
chr5 46356
chr5 307185
chr5 31996
chr5 24819
chr5 39955
chr5 20
chr5 33708
chr5 4065
chr5 201450
chr5 40619
chr5 10042
chr5 46458
chr5 311522
chr5 29777
chr5 26161
chr5 11590
chr5 14834
chr5 131
chr5 33686
chr5 24202
chr5 119992
chr5 9059
chr5 72142
chr5 88119
chr5 140013
chr5 132448
chr5 37703
chr5 22889
chr5 11447
chr5 75328
chr5 20188
chr5 78132
chr5 49700
chr5 55734
chr5 49695
chr5 35592
chr5 6080
chr5 43979
chr5 67268
chr5 64058
chr5 14780
chr5 31485
chr5 63590
chr5 9177
chr5 57056
chr5 34920
chr5 127713
chr5 252643
chr5 23
chr5 6918
chr5 34706
chr5 4599
chr5 100252
chr5 29154
chr5 48495
chr5 43276
chr5 57316
chr5 859
chr5 201120
chr5 13377
chr5 16678
chr5 135
chr5 10670
chr5 72939
chr5 251481
chr5 32119
chr5 28623
chr5 31058
chr5 83231
chr5 17955
chr5 6231
chr5 36977
chr5 13096
chr5 22990
chr5 5390
chr5 8259
chr5 70349
chr5 172464
chr5 51273
chr5 16539
chr5 18179
chr5 70422
chr5 4402
chr5 142912
chr5 444842
chr5 118177
chr5 258987
chr5 133263
chr5 444515
chr5 26587
chr5 14676
chr5 1738
chr5 14462
chr5 21158
chr5 23531
chr5 39058
chr5 36226
chr5 42197
chr5 13127
chr5 14152
chr5 23662
chr5 5705
chr5 8982
chr5 113550
chr5 25349
chr5 87445
chr5 17068
chr5 31199
chr5 59130
chr5 61260
chr5 52788
chr5 10295
chr5 25391
chr5 6561
chr5 108423
chr5 28612
chr5 18958
chr5 61930
chr5 52901
chr5 785
chr5 71964
chr5 82910
chr5 49852
chr5 106825
chr5 64383
chr5 50584
chr5 39132
chr5 35126
chr5 173851
chr5 43275
chr5 12765
chr5 14657
chr5 36265
chr5 78767
chr5 63570
chr5 5201
chr5 140299
chr5 95492
chr5 204057
chr5 92781
chr5 82078
chr5 145866
chr5 43924
chr5 66132
chr5 83495
chr5 78365
chr5 58464
chr5 4203
chr5 69161
chr5 108
chr5 58073
chr5 52519
chr5 617
chr5 109030
chr5 102299
chr5 54214
chr5 14552
chr5 6967
chr5 85085
chr5 50447
chr5 68440
chr5 700
chr5 59673
chr5 5628
chr5 36839
chr5 65694
chr5 168256
chr5 65362
chr5 39498
chr5 39403
chr5 366003
chr5 188747
chr5 1951
chr5 78494
chr5 57920
chr5 6623
chr5 8678
chr5 20548
chr5 28210
chr5 23146
chr5 20226
chr5 44938
chr5 9560
chr5 193996
chr5 133439
chr5 81311
chr5 10947
chr5 11937
chr5 42969
chr5 167907
chr5 124136
chr5 103948
chr5 4457
chr5 80060
chr5 284317
chr5 49859
chr5 194449
chr5 7222
chr5 18799
chr5 142965
chr5 12784
chr5 93736
chr5 171499
chr5 71428
chr5 150504
chr5 6128
chr5 6137
chr5 65209
chr5 30351
chr5 111735
chr5 171537
chr5 44905
chr5 75339
chr5 18272
chr5 12202
chr5 46041
chr5 15760
chr5 4570
chr5 5
chr5 46413
chr5 17268
chr5 50243
chr5 10747
chr5 22095
chr5 1771
chr5 46405
chr5 189144
chr5 52192
chr5 17874
chr5 43591
chr5 13477
chr5 45226
chr5 17595
chr5 44369
chr5 54167
chr5 11
chr5 21045
chr5 121582
chr5 32987
chr5 167869
chr5 15772
chr5 14587
chr5 29905
chr5 81380
chr5 83
chr5 27429
chr5 10489
chr5 14841
chr5 12689
chr5 103524
chr5 104693
chr5 14959
chr5 15591
chr5 619
chr5 59
chr5 20738
chr5 7234
chr5 77575
chr5 417
chr5 61332
chr5 21448
chr5 7884
chr5 22300
chr5 44
chr5 5980
chr5 45004
chr5 74
chr5 9483
chr5 34228
chr5 61074
chr5 13598
chr5 18635
chr5 20238
chr5 64445
chr5 188476
chr5 19349
chr5 64566
chr5 46219
chr5 48208
chr5 93167
chr5 30717
chr5 220120
chr5 71798
chr5 62158
chr5 85359
chr5 57191
chr5 9453
chr5 265833
chr5 56158
chr5 43426
chr5 48672
chr5 7411
chr5 13085
chr5 17930
chr5 42421
chr5 4566
chr5 61064
chr5 22737
chr5 43630
chr5 32255
chr5 46059
chr5 19395
chr5 20844
chr5 63260
chr5 39387
chr5 220084
chr5 30205
chr5 8458
chr5 34543
chr5 6520
chr5 37037
chr5 10990
chr5 86414
chr5 63590
chr5 65570
chr5 156792
chr5 36539
chr5 439
chr5 37231
chr5 201661
chr5 28573
chr5 25971
chr5 125354
chr5 18478
chr5 27400
chr5 24810
chr5 11999
chr5 11736
chr5 65516
chr5 358
chr5 34457
chr5 10622
chr5 38944
chr5 11615
chr5 109735
chr5 2758
chr5 47339
chr5 125212
chr5 104838
chr5 38
chr5 14094
chr5 210633
chr5 3783785
chr5 93332
chr5 2377
chr5 7464
chr5 21293
chr5 12260
chr5 37502
chr5 11424
chr5 45214
chr5 26943
chr5 1730
chr5 62086
chr5 16340
chr5 34137
chr5 12109
chr5 35504
chr5 171465
chr5 57292
chr5 473
chr5 63050
chr5 149932
chr5 43727
chr5 150115
chr5 1454
chr5 71799
chr5 17277
chr5 44054
chr5 127527
chr5 31261
chr5 19887
chr5 4056
chr5 92884
chr5 11572
chr5 55400
chr5 3835
chr5 7377
chr5 27546
chr5 18238
chr5 192850
chr5 8973
chr5 71415
chr5 29728
chr5 33207
chr5 5210
chr5 64831
chr5 4110
chr5 48471
chr5 65747
chr5 35050
chr5 19031
chr5 43450
chr5 91014
chr5 68654
chr5 28675
chr5 46174
chr5 19061
chr5 65166
chr5 24851
chr5 11745
chr5 27042
chr5 85624
chr5 38
chr5 116997
chr5 4754
chr5 81296
chr5 94724
chr5 37944
chr5 39055
chr5 49549
chr5 31168
chr5 320592
chr5 33962
chr5 20460
chr5 4356
chr5 73
chr5 51
chr5 14607
chr5 6438
chr5 15026
chr5 1695
chr5 13492
chr5 20165
chr5 5876
chr5 25949
chr5 12
chr5 18801
chr5 38277
chr5 134989
chr5 144540
chr5 73056
chr5 68802
chr5 96941
chr5 111269
chr5 58693
chr5 139067
chr5 9003
chr5 45429
chr5 57413
chr5 30974
chr5 34724
chr5 64647
chr5 5274
chr5 43231
chr5 50757
chr5 57154
chr5 251218
chr5 136248
chr5 181503
chr5 158457
chr5 465101
chr5 24052
chr5 438897
chr5 11947
chr5 9866
chr5 22381
chr5 101757
chr5 209909
chr5 292202
chr5 22
chr5 3238
chr5 44859
chr5 101793
chr5 16286
chr5 41170
chr5 41867
chr5 33265
chr5 146819
chr5 54328
chr5 63099
chr5 14674
chr5 19075
chr5 30640
chr5 7576
chr5 50093
chr5 117389
chr5 25566
chr5 27323
chr5 705
chr5 85950
chr5 62787
chr5 92720
chr5 144392
chr5 43921
chr5 40811
chr5 49337
chr5 12863
chr5 21094
chr5 46006
chr5 105054
chr5 70
chr5 23808
chr5 42818
chr5 19869
chr5 40295
chr5 269430
chr5 74341
chr5 215374
chr5 91407
chr5 189753
chr5 23171
chr5 71083
chr5 47277
chr5 14971
chr5 10873
chr5 29488
chr5 14578
chr5 186955
chr5 48231
chr5 43070
chr5 37957
chr5 15785
chr5 50189
chr5 8247
chr5 60245
chr5 5849
chr5 2155
chr5 51351
chr5 90595
chr5 2045
chr5 20964
chr5 24511
chr5 116126
chr5 106396
chr5 22414
chr5 62097
chr5 62245
chr5 24414
chr5 82432
chr5 7992
chr5 4606
chr5 163425
chr5 30800
chr5 19132
chr5 18921
chr5 35434
chr5 30332
chr5 81826
chr5 80851
chr5 81706
chr5 39817
chr5 35390
chr5 28205
chr5 60488
chr5 69244
chr5 4709
chr5 65117
chr5 74068
chr5 54104
chr5 253469
chr5 29548
chr5 11644
chr5 152302
chr5 97564
chr5 13315
chr5 22758
chr5 36028
chr5 47770
chr5 35473
chr5 77278
chr5 225910
chr5 51927
chr5 51821
chr5 28339
chr5 19165
chr5 110149
chr5 21071
chr5 14047
chr5 34370
chr5 12587
chr5 5020
chr5 7901
chr5 11703
chr5 14557
chr5 130
chr5 11997
chr5 12880
chr5 36968
chr5 85
chr5 71713
chr5 10867
chr5 7567
chr5 80967
chr5 10
chr5 44094
chr5 50948
chr5 26439
chr5 4180
chr5 118016
chr5 11723
chr5 88975
chr5 54862
chr5 18238
chr5 39234
chr5 63
chr5 42405
chr5 19635
chr5 42504
chr5 133201
chr5 5318
chr5 278939
chr5 312
chr5 67343
chr5 5811
chr5 2125
chr5 333201
chr5 83988
chr5 52757
chr5 31215
chr5 35202
chr5 206701
chr5 197274
chr5 126129
chr5 28533
chr5 5337
chr5 50143
chr5 49291
chr5 141271
chr5 8267
chr5 2
chr5 53008
chr5 72687
chr5 16660
chr5 56977
chr5 23436
chr5 136502
chr5 82130
chr5 491
chr5 145330
chr5 280010
chr5 48228
chr5 310722
chr5 38950
chr5 18054
chr5 22860
chr5 62021
chr5 33790
chr5 32576
chr5 16146
chr5 6026
chr5 1712
chr5 36
chr5 3904
chr5 22534
chr5 18504
chr5 22342
chr5 41
chr5 37460
chr5 106470
chr5 52010
chr5 83040
chr5 42761
chr5 35248
chr5 13844
chr5 171046
chr5 29954
chr5 266916
chr5 38
chr5 70922
chr5 4389
chr5 17571
chr5 41871
chr5 89708
chr5 19621
chr5 2880
chr5 11911
chr5 43588
chr5 232193
chr5 35158
chr5 145201
chr5 101595
chr5 27246
chr5 200296
chr5 20439
chr5 75439
chr5 10776
chr5 82817
chr5 19681
chr5 38153
chr5 58657
chr5 104553
chr5 55083
chr5 58595
chr5 54244
chr5 20438
chr5 15669
chr5 24700
chr5 34896
chr5 10742
chr5 200654
chr5 7953
chr5 82534
chr5 10739
chr5 75602
chr5 20415
chr5 37319
chr5 58680
chr5 104934
chr5 179943
chr5 58672
chr5 54178
chr5 19653
chr5 75443
chr5 10751
chr5 115056
chr5 238309
chr5 46962
chr5 33297
chr5 7103
chr5 150260
chr5 104483
chr5 488966
chr5 128
chr5 38844
chr5 53384
chr5 13209
chr5 24040
chr5 59034
chr5 69591
chr5 167398
chr5 5798
chr5 236190
chr5 155188
chr5 172500
chr5 148
chr5 246155
chr5 234311
chr5 198396
chr5 124279
chr5 73
chr5 29
chr5 92844
chr5 273950
chr5 164622
chr5 156652
chr5 69925
chr5 24269
chr5 8632
chr5 8451
chr5 29523
chr5 6379
chr5 68241
chr5 10089
chr5 97402
chr5 132216
chr5 70312
chr5 140814
chr5 481
chr5 57871
chr5 2488
chr5 6715
chr5 14039
chr5 8652
chr5 29758
chr5 17351
chr5 1110
chr5 10708
chr5 36912
chr5 6838
chr5 76875
chr5 24868
chr5 13409
chr5 20512
chr5 11526
chr5 9942
chr5 3111
chr5 31661
chr5 31214
chr5 98000
chr5 40805
chr5 64201
chr5 113487
chr5 16803
chr5 149563
chr5 40744
chr5 435702
chr5 33603
chr5 143134
chr5 41470
chr5 83035
chr5 65091
chr5 21380
chr5 4919
chr5 6263
chr5 26102
chr5 35327
chr5 72231
chr5 14
chr5 241490
chr5 190233
chr5 77257
chr5 45547
chr5 19081
chr5 175674
chr5 60890
chr5 9316
chr5 252456
chr5 175567
chr5 75663
chr5 100037
chr5 56364
chr5 133743
chr5 105936
chr5 428124
chr5 144051
chr5 8533
chr5 474186
chr5 29034
chr5 5862
chr5 6903
chr5 98658
chr5 47935
chr5 205589
chr5 54592
chr5 187
chr5 111416
chr5 82116
chr5 228170
chr5 26815
chr5 89074
chr5 109132
chr5 38945
chr5 11980
chr5 51733
chr5 6014
chr5 40121
chr5 14833
chr5 7822
chr5 8503
chr5 25701
chr5 353811
chr5 18873
chr5 10962
chr5 30197
chr5 14376
chr5 7830
chr5 167838
chr5 136973
chr5 13685
chr5 37657
chr5 13491
chr5 115344
chr5 14149
chr5 55594
chr5 62173
chr5 116386
chr5 82985
chr5 74607
chr5 198843
chr5 34020
chr5 38
chr5 14335
chr5 28028
chr5 38656
chr5 60180
chr5 33
chr5 232203
chr5 95756
chr5 4359
chr5 4409
chr5 22115
chr5 34129
chr5 56942
chr5 51269
chr5 116987
chr5 38
chr5 24486
chr5 56430
chr5 108529
chr5 110651
chr5 95546
chr5 2607
chr5 156
chr5 9658
chr5 29234
chr5 41432
chr5 238739
chr5 58412
chr5 10748
chr5 15146
chr5 13352
chr5 103764
chr5 35081
chr5 126514
chr5 34305
chr5 73601
chr5 25928
chr5 3857
chr5 139481
chr5 27982
chr5 29240
chr5 37964
chr5 16706
chr5 13358
chr5 76378
chr5 17557
chr5 44192
chr5 13235
chr5 69465
chr5 34821
chr5 23951
chr5 4165
chr5 259
chr5 6025
chr5 112365
chr5 50315
chr5 40414
chr5 22099
chr5 13695
chr5 12714
chr5 7899
chr5 19908
chr5 68597
chr5 32340
chr5 35823
chr5 5
chr5 23436
chr5 26175
chr5 110774
chr5 35188
chr5 186863
chr5 61184
chr5 59844
chr5 6682
chr5 46366
chr5 20980
chr5 29387
chr5 25318
chr5 40009
chr5 47759
chr5 22612
chr5 29608
chr5 35165
chr5 12821
chr5 21853
chr5 46724
chr5 2369
chr5 35367
chr5 55199
chr5 12821
chr5 216801
chr5 36159
chr5 2696
chr5 15992
chr5 34471
chr5 30251
chr5 13051
chr5 21463
chr5 110187
chr5 44305
chr5 26
chr5 22639
chr5 94608
chr5 26053
chr5 36286
chr5 76906
chr5 13329
chr5 98520
chr5 55586
chr5 4057
chr5 7743
chr5 159954
chr5 12179
chr5 3227
chr5 10894
chr5 95694
chr5 73683
chr5 36497
chr5 48507
chr5 176082
chr5 126525
chr5 42892
chr5 30057
chr5 45854
chr5 31106
chr5 94080
chr5 123303
chr5 18497
chr5 9303
chr5 15046
chr5 145026
chr5 142173
chr5 8254
chr5 156191
chr5 22961
chr5 4492
chr5 195241
chr5 30444
chr5 27725
chr5 4802
chr5 67425
chr5 14781
chr5 61361
chr5 379117
chr5 25985
chr5 166411
chr5 14556
chr5 15480
chr5 87394
chr5 42297
chr5 29009
chr5 65659
chr5 43469
chr5 335317
chr5 125161
chr5 15456
chr5 527
chr5 58327
chr5 200779
chr5 12026
chr5 27734
chr5 83553
chr5 84909
chr5 26721
chr5 31550
chr5 77415
chr5 89185
chr5 2953
chr5 13281
chr5 10802
chr5 105589
chr5 108895
chr5 87297
chr5 32312
chr5 74671
chr5 245347
chr5 23893
chr5 132064
chr5 43283
chr5 12172
chr5 16924
chr5 21734
chr5 24027
chr5 54103
chr5 71586
chr5 8080
chr5 55763
chr5 45191
chr5 17751
chr5 23050
chr5 39675
chr5 20943
chr5 145946
chr5 70880
chr5 25537
chr5 33883
chr5 24733
chr5 79242
chr5 2579
chr5 13853
chr5 72528
chr5 15457
chr5 96259
chr5 66233
chr5 29084
chr5 50173
chr5 11994
chr5 41969
chr5 3989
chr5 252521
chr5 89
chr5 92225
chr5 37932
chr5 32146
chr5 14439
chr5 55504
chr5 138975
chr5 146565
chr5 76005
chr5 65876
chr5 92638
chr5 12724
chr5 36477
chr5 240446
chr5 196314
chr5 209000
chr5 64703
chr5 167333
chr5 32726
chr5 51438
chr5 6522
chr5 85
chr5 33571
chr5 56727
chr5 7761
chr5 34845
chr5 47876
chr5 17680
chr5 233
chr5 15246
chr5 602629
chr5 31089
chr5 196
chr5 6485
chr5 393
chr5 3932
chr5 11601
chr5 59467
chr5 136
chr5 5406
chr5 29224
chr5 32472
chr5 12533
chr5 8281
chr5 140894
chr5 71888
chr5 20883
chr5 48439
chr5 13517
chr5 152
chr5 38402
chr5 48708
chr5 43173
chr5 35844
chr5 43979
chr5 107069
chr5 11803
chr5 19555
chr5 50506
chr5 47839
chr5 13297
chr5 6193
chr5 42639
chr5 50053
chr5 4338
chr5 22388
chr5 49187
chr5 12896
chr5 1819
chr5 17555
chr5 47417
chr5 110922
chr5 25002
chr5 39080
chr5 19801
chr5 3452
chr5 13818
chr5 49364
chr5 27247
chr5 18905
chr5 14403
chr5 19226
chr5 9368
chr5 141332
chr5 16
chr5 65007
chr5 32649
chr5 55311
chr5 80644
chr5 294
chr5 27328
chr5 5096
chr5 7676
chr5 15716
chr5 4834
chr5 72776
chr5 30958
chr5 9165
chr5 25262
chr5 14885
chr5 42157
chr5 14131
chr5 68306
chr5 40855
chr5 52059
chr5 119614
chr5 30682
chr5 46332
chr5 2974
chr5 70937
chr5 32976
chr5 14597
chr5 81871
chr5 42377
chr5 11325
chr5 74619
chr5 83372
chr5 47987
chr5 1317
chr5 50202
chr5 17844
chr5 22292
chr5 6297
chr5 50969
chr5 68997
chr5 19953
chr5 49545
chr5 26723
chr5 20214
chr5 20199
chr5 28254
chr5 24638
chr5 142107
chr5 16547
chr5 82449
chr5 22753
chr5 15413
chr5 21685
chr5 47409
chr5 30257
chr5 14071
chr5 163552
chr5 11569
chr5 37075
chr5 323
chr5 212530
chr5 5815
chr5 56257
chr5 59461
chr5 11065
chr5 8036
chr5 120803
chr5 82708
chr5 4548
chr5 11124
chr5 19766
chr5 2707
chr5 23170
chr5 32122
chr5 25474
chr5 11572
chr5 42633
chr5 79892
chr5 10463
chr5 52808
chr5 38039
chr5 17716
chr5 10829
chr5 9027
chr5 143166
chr5 26212
chr5 13172
chr5 87876
chr5 76163
chr5 17152
chr5 81587
chr5 49726
chr5 92093
chr5 38
chr5 69695
chr5 63043
chr5 60397
chr5 85288
chr5 106446
chr5 43772
chr5 13984
chr5 90022
chr5 53415
chr5 17062
chr5 92076
chr5 357089
chr5 28956
chr5 225194
chr5 109870
chr5 63810
chr5 132404
chr5 9527
chr5 80847
chr5 10523
chr5 231572
chr5 60449
chr5 48049
chr5 16579
chr5 34634
chr5 165862
chr5 113458
chr5 8344
chr5 16170
chr5 6220
chr5 9639
chr5 372500
chr5 29853
chr5 162940
chr5 228960
chr5 148842
chr5 310153
chr5 13072
chr5 8261
chr5 7929
chr5 51944
chr5 55240
chr5 58308
chr5 26745
chr5 3941
chr5 45534
chr5 12463
chr5 28517
chr5 39707
chr5 158
chr5 26497
chr5 54006
chr5 7021
chr5 63080
chr5 31992
chr5 70741
chr5 98380
chr5 51036
chr5 87100
chr5 31077
chr5 110300
chr5 8341
chr5 446269
chr5 68823
chr5 86522
chr5 88568
chr5 259640
chr5 2812
chr5 5686
chr5 11518
chr5 21375
chr5 10643
chr5 41030
chr5 114718
chr5 161920
chr5 93001
chr5 12762
chr5 12294
chr5 40233
chr5 42993
chr5 28074
chr5 168893
chr5 36008
chr5 60011
chr5 4433
chr5 3727
chr5 34558
chr5 116570
chr5 12872
chr5 93594
chr5 8401
chr5 20535
chr5 38197
chr5 27750
chr5 2009
chr5 126969
chr5 244409
chr5 4579
chr5 5210
chr5 85
chr5 109077
chr5 3284
chr5 3499
chr5 9169
chr5 3024
chr5 28567
chr5 13918
chr5 26615
chr5 23126
chr5 4967
chr5 37330
chr5 39446
chr5 165126
chr5 10171
chr5 17276
chr5 111425
chr5 32939
chr5 15714
chr5 1434
chr5 17546
chr5 7167
chr5 84454
chr5 14
chr5 4866
chr5 69311
chr5 2437
chr5 27070
chr5 20800
chr5 19402
chr5 2298
chr5 30191
chr5 31097
chr5 1222
chr5 15735
chr5 5033
chr5 70960
chr5 84627
chr5 12193
chr5 75798
chr5 66803
chr5 2034
chr5 4947
chr5 23151
chr5 64
chr5 62815
chr5 136407
chr5 10450
chr5 9592
chr5 37
chr5 135563
chr5 155553
chr5 19702
chr5 32775
chr5 29747
chr5 29514
chr5 15758
chr5 31275
chr5 3145
chr5 2710
chr5 6520
chr5 49216
chr5 307267
chr5 29533
chr5 16080
chr5 37587
chr5 29685
chr5 35338
chr5 46135
chr5 82279
chr5 456605
chr5 43719
chr5 233459
chr5 2900
chr5 9035
chr5 21620
chr5 24556
chr5 53576
chr5 31468
chr5 16740
chr5 83233
chr5 72201
chr5 49100
chr5 79824
chr5 3162
chr5 32834
chr5 36808
chr5 2689
chr5 48097
chr5 16144
chr5 33167
chr5 84976
chr5 18781
chr5 9854
chr5 131624
chr5 180805
chr5 28815
chr5 47752
chr5 43605
chr5 85057
chr5 22402
chr5 78421
chr5 35429
chr5 16833
chr5 30417
chr5 28807
chr5 30043
chr5 159193
chr5 14646
chr5 46129
chr5 99598
chr5 157492
chr5 77
chr5 18374
chr5 38617
chr5 242360
chr5 124214
chr5 17724
chr5 54496
chr5 64416
chr5 160801
chr5 42189
chr5 26714
chr5 30050
chr5 130723
chr5 3736
chr5 341703
chr5 88342
chr5 16305
chr5 28433
chr5 173623
chr5 77202
chr5 135843
chr5 37347
chr5 41733
chr5 59793
chr5 153066
chr5 53251
chr5 8816
chr5 38284
chr5 55920
chr5 15896
chr5 41125
chr5 19545
chr5 91993
chr5 6326
chr5 2838
chr5 24364
chr5 57258
chr5 83
chr5 211610
chr5 27588
chr5 89552
chr5 8275
chr5 27701
chr5 37947
chr5 90314
chr5 19988
chr5 35239
chr5 317
chr5 36832
chr5 147242
chr5 73107
chr5 133290
chr5 1696
chr5 12566
chr5 76784
chr5 50605
chr5 194767
chr5 227612
chr5 7467
chr5 83736
chr5 15796
chr5 17259
chr5 3652
chr5 8439
chr5 34218
chr5 19411
chr5 84
chr5 51331
chr5 5595
chr5 3709
chr5 7633
chr5 44619
chr5 841
chr5 2404
chr5 51424
chr5 48391
chr5 24394
chr5 56442
chr5 61431
chr5 19397
chr5 134578
chr5 6889
chr5 8530
chr5 40394
chr5 104145
chr5 12601
chr5 10585
chr5 6254
chr5 110041
chr5 778
chr5 16751
chr5 47230
chr5 42
chr5 17865
chr5 146564
chr5 14017
chr5 50345
chr5 249598
chr5 5875
chr5 12904
chr5 56995
chr5 29092
chr5 182
chr5 10709
chr5 126696
chr5 5424
chr5 11938
chr5 10403
chr5 12316
chr5 79497
chr5 11568
chr5 7877
chr5 5828
chr5 20745
chr5 24093
chr5 8840
chr5 19001
chr5 22468
chr5 18700
chr5 2851
chr5 27454
chr5 8607
chr5 46718
chr5 33802
chr5 19540
chr5 36231
chr5 20989
chr5 9145
chr5 265
chr5 2505
chr5 2790
chr5 39264
chr5 79325
chr5 5563
chr5 83626
chr5 4964
chr5 654
chr5 27432
chr5 41391
chr5 46039
chr5 14385
chr5 20786
chr5 10
chr5 101204
chr5 18856
chr5 43704
chr5 22824
chr5 5411
chr5 8100
chr5 181654
chr5 73062
chr5 7802
chr5 82803
chr5 76905
chr5 16713
chr5 441221
chr5 9633
chr5 92306
chr5 20438
chr5 276
chr5 29675
chr5 33634
chr5 14699
chr5 25311
chr5 111800
chr5 71634
chr5 160208
chr5 204717
chr5 71551
chr5 118306
chr5 12
chr5 73916
chr5 154506
chr5 41374
chr5 269
chr5 64365
chr5 56008
chr5 126177
chr5 82930
chr5 71735
chr5 150493
chr5 53956
chr5 236378
chr5 130118
chr5 54487
chr5 114191
chr5 27707
chr5 37638
chr5 59912
chr5 103603
chr5 109008
chr5 6224
chr5 4648
chr5 15645
chr5 126568
chr5 562
chr5 74432
chr5 17613
chr5 57846
chr5 27878
chr5 19051
chr5 18190
chr5 32931
chr5 24759
chr5 2601
chr5 29418
chr5 102906
chr5 35874
chr5 226245
chr5 81544
chr5 129
chr5 150745
chr5 19028
chr5 68264
chr5 25592
chr5 36310
chr5 49543
chr5 22314
chr5 20479
chr5 40
chr5 73
chr5 78378
chr5 21175
chr5 18336
chr5 38
chr5 43446
chr5 8912
chr5 22841
chr5 57215
chr5 216340
chr5 118170
chr5 14236
chr5 81453
chr5 2
chr5 159864
chr5 60846
chr5 57424
chr5 13179
chr5 39404
chr5 133587
chr5 27333
chr5 165205
chr5 1760
chr5 161373
chr5 78577
chr5 65807
chr5 25855
chr5 116836
chr5 15519
chr5 3358
chr5 10928
chr5 68596
chr5 50
chr5 100592
chr5 2104
chr5 7415
chr5 7784
chr5 25875
chr5 27699
chr5 3884
chr5 20497
chr5 81322
chr5 13382
chr5 122854
chr5 85187
chr5 111
chr5 357
chr5 38
chr5 40658
chr5 25482
chr5 6162
chr5 1559
chr5 12738
chr5 127497
chr5 9300
chr5 34657
chr5 22543
chr5 73697
chr5 59668
chr5 21859
chr5 22420
chr5 29840
chr5 38
chr5 61401
chr5 87494
chr5 50380
chr5 8379
chr5 10140
chr5 4673
chr5 56500
chr5 51223
chr5 35779
chr5 52891
chr5 52812
chr5 12364
chr5 12547
chr5 7179
chr5 61076
chr5 18373
chr5 51484
chr5 10889
chr5 29204
chr5 34312
chr5 13472
chr5 5221
chr5 65174
chr5 17699
chr5 62918
chr5 25015
chr5 5387
chr5 26352
chr5 6635
chr5 83865
chr5 43154
chr5 21307
chr5 15941
chr5 10728
chr5 1400
chr5 161633
chr5 24789
chr5 287109
chr5 20655
chr5 83638
chr5 47117
chr5 105827
chr5 9794
chr5 831
chr5 17038
chr5 204227
chr5 13225
chr5 22500
chr5 5777
chr5 11029
chr5 241902
chr5 180423
chr5 16904
chr5 80025
chr5 42465
chr5 81441
chr5 539914
chr5 285614
chr5 6956
chr5 47765
chr5 207844
chr5 126363
chr5 1900
chr5 307959
chr5 137809
chr5 246096
chr5 282208
chr5 145506
chr5 8242
chr5 13051
chr5 198894
chr5 50785
chr5 187460
chr5 692287
chr5 223
chr5 40975
chr5 164723
chr5 26587
chr5 56
chr5 83085
chr5 139668
chr5 71550
chr5 24269
chr5 9669
chr5 40805
chr5 14327
chr5 15568
chr5 12894
chr5 86
chr5 18
chr5 10270
chr5 55854
chr5 251226
chr5 78519
chr5 52747
chr5 26775
chr5 45228
chr5 66191
chr5 13476
chr5 9451
chr5 235983
chr5 23432
chr5 30759
chr5 164
chr5 515085
chr5 319758
chr5 315887
chr5 141509
chr5 1062420
chr5 216857
chr5 41679
chr5 134853
chr5 165732
chr5 14757
chr5 37472
chr5 142641
chr5 157514
chr5 146204
chr5 52667
chr5 446156
chr5 20
chr5 277232
chr5 7154
chr5 19710
chr5 93
chr5 202322
chr5 251499
chr5 132681
chr5 317447
chr5 29744
chr5 4712
chr5 117685
chr5 85004
chr5 220020
chr5 7309
chr5 185528
chr5 11012
chr5 59037
chr5 139810
chr5 30521
chr5 83942
chr5 40697
chr5 129542
chr5 108543
chr5 1664
chr5 121938
chr5 14877
chr5 678
chr5 29498
chr5 50103
chr5 94849
chr5 20546
chr5 14701
chr5 17101
chr5 35248
chr5 62031
chr5 23509
chr5 34054
chr5 1580
chr5 77718
chr5 23737
chr5 32585
chr5 3381
chr5 2562
chr5 8160
chr5 12908
chr5 3851
chr5 22571
chr5 38325
chr5 16212
chr5 54730
chr5 45510
chr5 6771
chr5 91342
chr5 102516
chr5 5588
chr5 31468
chr5 8940
chr5 91
chr5 57017
chr5 20838
chr5 38058
chr5 14328
chr5 49837
chr5 55329
chr5 39703
chr5 28093
chr5 14999
chr5 92969
chr5 48814
chr5 84025
chr5 13988
chr5 31500
chr5 81116
chr5 111710
chr5 293241
chr5 157359
chr5 26954
chr5 161628
chr5 49245
chr5 82753
chr5 5619
chr5 1146
chr5 76606
chr5 112096
chr5 45312
chr5 469
chr5 35580
chr5 11651
chr5 36895
chr5 202326
chr5 74274
chr5 107564
chr5 47732
chr5 81564
chr5 58774
chr5 147682
chr5 79666
chr5 8817
chr5 18359
chr5 62133
chr5 108178
chr5 17183
chr5 15635
chr5 22760
chr5 42653
chr5 8604
chr5 32618
chr5 147880
chr5 108032
chr5 52661
chr5 77561
chr5 6204
chr5 69940
chr5 55124
chr5 12098
chr5 86211
chr5 102802
chr5 60651
chr5 96919
chr5 289796
chr5 128302
chr5 59
chr5 133372
chr5 173236
chr5 860645
chr5 33791
chr5 572142
chr5 408374
chr5 55521
chr5 46939
chr5 3965
chr5 38322
chr5 11669
chr5 25761
chr5 100872
chr5 32494
chr5 20332
chr5 5
chr5 44707
chr5 20953
chr5 9181
chr5 40259
chr5 17132
chr5 12980
chr5 95330
chr5 153
chr5 33831
chr5 33079
chr5 88245
chr5 81342
chr5 24037
chr5 79465
chr5 4704
chr5 13934
chr5 136811
chr5 7383
chr5 33800
chr5 58010
chr5 13611
chr5 13276
chr5 143122
chr5 7691
chr5 13415
chr5 15645
chr5 67918
chr5 44181
chr5 54021
chr5 83741
chr5 131014
chr5 308249
chr5 32553
chr5 5005
chr5 12459
chr5 789
chr5 11040
chr5 49759
chr5 105563
chr5 97038
chr5 19813
chr5 7346
chr5 338870
chr5 384399
chr5 21313
chr5 7781
chr5 52598
chr5 20119
chr5 200
chr5 42654
chr5 104732
chr5 99513
chr5 29385
chr5 17889
chr5 60623
chr5 132
chr5 11467
chr5 192458
chr5 69346
chr5 135850
chr5 202821
chr5 13999
chr5 6065
chr5 36637
chr5 29575
chr5 9029
chr5 142699
chr5 160854
chr5 22668
chr5 22097
chr5 29392
chr5 258
chr5 42937
chr5 10225
chr5 29001
chr5 30597
chr5 13701
chr5 7523
chr5 20055
chr5 111134
chr5 2545
chr5 6982
chr5 14020
chr5 1650
chr5 58514
chr5 117545
chr5 243970
chr5 122048
chr5 64979
chr5 8189
chr5 52482
chr5 20158
chr5 119980
chr5 41877
chr5 61392
chr5 304648
chr5 55754
chr5 99807
chr5 39979
chr5 3699
chr5 28682
chr5 178481
chr5 54979
chr5 53475
chr5 44794
chr5 74145
chr5 277269
chr5 201231
chr5 147031
chr5 58216
chr5 151788
chr5 20747
chr5 159446
chr5 88484
chr5 35391
chr5 5484
chr5 59621
chr5 584058
chr5 2756
chr5 18959
chr5 53033
chr5 45965
chr5 7648
chr5 12171
chr5 9530
chr5 25390
chr5 29941
chr5 155138
chr5 9934
chr5 25108
chr5 44579
chr5 86982
chr5 10307
chr5 43269
chr5 340
chr5 4796
chr5 22866
chr5 8797
chr5 220057
chr5 47523
chr5 18213
chr5 186875
chr5 2750
chr5 70389
chr5 32615
chr5 11560
chr5 79591
chr5 19693
chr5 138071
chr5 72776
chr5 2697
chr5 49267
chr5 23881
chr5 54074
chr5 72125
chr5 70912
chr5 3942
chr5 50482
chr5 38808
chr5 77575
chr5 12766
chr5 25207
chr5 14839
chr5 65510
chr5 10365
chr5 30809
chr5 47617
chr5 56441
chr5 2411
chr5 16469
chr5 6632
chr5 10028
chr5 12873
chr5 46301
chr5 6000
chr5 14530
chr5 18480
chr5 27905
chr5 6611
chr5 114307
chr5 46127
chr5 33974
chr5 10066
chr5 16033
chr5 8094
chr5 29436
chr5 35932
chr5 17903
chr5 10973
chr5 2005
chr5 33577
chr5 25384
chr5 11347
chr5 25813
chr5 100334
chr5 9549
chr5 145233
chr5 54933
chr5 47393
chr5 137697
chr5 78059
chr5 18892
chr5 64109
chr5 22847
chr5 9450
chr5 8648
chr5 5338
chr5 12230
chr5 90884
chr5 32670
chr5 174328
chr5 95250
chr5 245
chr5 98566
chr5 132
chr5 20432
chr5 15802
chr5 12320
chr5 7637
chr5 74455
chr5 76886
chr5 39813
chr5 184639
chr5 3675
chr5 150
chr5 111541
chr5 1209
chr5 27818
chr5 98794
chr5 13623
chr5 201975
chr5 35250
chr5 130918
chr5 19
chr5 49006
chr5 14322
chr5 74146
chr5 37286
chr5 114541
chr5 38412
chr5 87015
chr5 134187
chr5 119632
chr5 35476
chr5 125321
chr5 64047
chr5 102235
chr5 205102
chr5 21883
chr5 272421
chr5 19551
chr5 260519
chr5 125518
chr5 22686
chr5 156151
chr5 174
chr5 5495
chr5 119251
chr5 197251
chr5 61108
chr5 7
chr5 61489
chr5 23069
chr5 382075
chr5 109541
chr5 140843
chr5 127427
chr5 273266
chr5 176027
chr5 60524
chr5 9361
chr5 5974
chr5 120620
chr5 9268
chr5 36815
chr5 74043
chr5 16332
chr5 80752
chr5 27557
chr5 72232
chr5 630565
chr5 316026
chr5 124990
chr5 32876
chr5 33862
chr5 41961
chr5 98
chr5 34868
chr5 55769
chr5 77040
chr5 3096
chr5 36735
chr5 140638
chr5 22384
chr5 97854
chr5 26572
chr5 51182
chr5 43918
chr5 57154
chr5 97918
chr5 50164
chr5 82225
chr5 29543
chr5 220726
chr5 184398
chr5 849966
chr5 105027
chr5 125082
chr5 83842
chr5 556509
chr5 119357
chr5 87396
chr5 47231
chr5 55222
chr5 90783
chr5 28709
chr5 4317
chr5 284874
chr5 35907
chr5 61495
chr5 15601
chr5 11952
chr5 60075
chr5 11518
chr5 15215
chr5 111159
chr5 48343
chr5 139283
chr5 72570
chr5 43368
chr5 5820
chr5 14520
chr5 49745
chr5 75184
chr5 381466
chr5 114103
chr5 47180
chr5 71471
chr5 48665
chr5 47927
chr5 40632
chr5 155664
chr5 37399
chr5 293394
chr5 98332
chr5 62
chr5 183823
chr5 577926
chr5 28844
chr5 258332
chr5 17806
chr5 541477
chr5 319943
chr5 104
chr5 304582
chr5 119651
chr5 765772
chr5 159601
chr5 293113
chr5 257821
chr5 176649
chr5 15046
chr5 637
chr5 118422
chr5 908
chr5 1659
chr5 7204
chr5 70274
chr5 276037
chr5 8499
chr5 3568
chr5 69212
chr6 27689
chr6 177977
chr6 444050
chr6 140060
chr6 76456
chr6 2634
chr6 53128
chr6 30310
chr6 145039
chr6 12112
chr6 188964
chr6 113615
chr6 215429
chr6 218316
chr6 54818
chr6 5895
chr6 80018
chr6 241452
chr6 10176
chr6 69577
chr6 240307
chr6 129605
chr6 296112
chr6 202609
chr6 295395
chr6 10
chr6 76592
chr6 58209
chr6 104633
chr6 86161
chr6 335213
chr6 36216
chr6 17726
chr6 100679
chr6 4429
chr6 12
chr6 35213
chr6 18386
chr6 33100
chr6 6
chr6 74357
chr6 53757
chr6 85723
chr6 40642
chr6 130436
chr6 163405
chr6 193232
chr6 40263
chr6 71523
chr6 245783
chr6 3598
chr6 134297
chr6 2338
chr6 68863
chr6 102606
chr6 53675
chr6 187714
chr6 14398
chr6 26602
chr6 76360
chr6 77204
chr6 150916
chr6 74265
chr6 118326
chr6 124968
chr6 114175
chr6 66173
chr6 86756
chr6 783365
chr6 2615
chr6 113969
chr6 11505
chr6 91057
chr6 213352
chr6 78857
chr6 21236
chr6 7871
chr6 166823
chr6 61079
chr6 30166
chr6 89404
chr6 94095
chr6 14514
chr6 95132
chr6 12128
chr6 13813
chr6 179582
chr6 46522
chr6 59436
chr6 47716
chr6 245342
chr6 58891
chr6 16775
chr6 103157
chr6 55767
chr6 40265
chr6 46750
chr6 37048
chr6 3692
chr6 11101
chr6 25095
chr6 101508
chr6 119803
chr6 45
chr6 3101
chr6 48618
chr6 6238
chr6 70634
chr6 175648
chr6 18729
chr6 20713
chr6 220931
chr6 7636
chr6 158391
chr6 53786
chr6 21037
chr6 42201
chr6 18652
chr6 152879
chr6 25
chr6 165593
chr6 135477
chr6 6554
chr6 123005
chr6 35787
chr6 65
chr6 134730
chr6 84496
chr6 21710
chr6 18715
chr6 22831
chr6 238440
chr6 9148
chr6 580
chr6 81507
chr6 64302
chr6 240859
chr6 12742
chr6 66366
chr6 17718
chr6 2113
chr6 2570
chr6 52882
chr6 34859
chr6 165264
chr6 186421
chr6 298269
chr6 80
chr6 6706
chr6 70928
chr6 124539
chr6 248910
chr6 896
chr6 205459
chr6 248356
chr6 66212
chr6 322737
chr6 749535
chr6 239159
chr6 48579
chr6 21529
chr6 45847
chr6 21477
chr6 71341
chr6 65036
chr6 234522
chr6 268514
chr6 46513
chr6 9021
chr6 36820
chr6 79593
chr6 18943
chr6 30850
chr6 43962
chr6 63370
chr6 85960
chr6 62887
chr6 154679
chr6 360906
chr6 104753
chr6 688403
chr6 119584
chr6 185780
chr6 9549
chr6 2684
chr6 36551
chr6 73280
chr6 245364
chr6 20720
chr6 38058
chr6 95571
chr6 48575
chr6 6805
chr6 6361
chr6 7824
chr6 93993
chr6 17509
chr6 134
chr6 8056
chr6 78
chr6 175801
chr6 32959
chr6 38810
chr6 75578
chr6 7693
chr6 1403
chr6 38133
chr6 13886
chr6 68826
chr6 31222
chr6 7611
chr6 151018
chr6 60587
chr6 122737
chr6 236729
chr6 207497
chr6 64790
chr6 59076
chr6 148957
chr6 89202
chr6 270
chr6 141719
chr6 130346
chr6 159694
chr6 89431
chr6 2566
chr6 8707
chr6 121068
chr6 247013
chr6 186279
chr6 153
chr6 97775
chr6 91525
chr6 8361
chr6 201208
chr6 83459
chr6 13074
chr6 1830
chr6 79340
chr6 135499
chr6 69889
chr6 110433
chr6 45453
chr6 71221
chr6 77077
chr6 55140
chr6 134170
chr6 104575
chr6 67607
chr6 81218
chr6 88940
chr6 871
chr6 15844
chr6 51917
chr6 36000
chr6 32300
chr6 10094
chr6 47
chr6 3195
chr6 8882
chr6 22402
chr6 19290
chr6 10876
chr6 6176
chr6 4743
chr6 84292
chr6 1828
chr6 82975
chr6 24823
chr6 30606
chr6 15851
chr6 74974
chr6 13806
chr6 52796
chr6 168155
chr6 7149
chr6 4274
chr6 138051
chr6 142
chr6 148432
chr6 3259
chr6 188796
chr6 79425
chr6 5
chr6 130339
chr6 90099
chr6 48910
chr6 208532
chr6 5287
chr6 17008
chr6 9
chr6 426878
chr6 61914
chr6 911548
chr6 72947
chr6 20480
chr6 97242
chr6 426743
chr6 563502
chr6 2174
chr6 7173
chr6 70566
chr6 150276
chr6 110473
chr6 35805
chr6 428037
chr6 226470
chr6 6857
chr6 11611
chr6 1413
chr6 12764
chr6 848
chr6 12960
chr6 29507
chr6 19514
chr6 21261
chr6 16
chr6 8341
chr6 3308
chr6 9181
chr6 21555
chr6 59692
chr6 4688
chr6 16507
chr6 7969
chr6 25772
chr6 14332
chr6 16744
chr6 42112
chr6 65993
chr6 6317
chr6 295957
chr6 8502
chr6 91
chr6 2354
chr6 149899
chr6 25631
chr6 16141
chr6 100217
chr6 59732
chr6 9086
chr6 15314
chr6 256793
chr6 14017
chr6 90416
chr6 753079
chr6 19084
chr6 44061
chr6 42
chr6 17637
chr6 86099
chr6 809736
chr6 27406
chr6 73744
chr6 353
chr6 1837
chr6 27720
chr6 72515
chr6 45951
chr6 2489
chr6 107213
chr6 33115
chr6 26678
chr6 13468
chr6 9242
chr6 5015
chr6 50889
chr6 137
chr6 116885
chr6 169884
chr6 19578
chr6 13336
chr6 994114
chr6 91
chr6 335
chr6 257907
chr6 41867
chr6 964730
chr6 209401
chr6 281146
chr6 487659
chr6 350652
chr6 22995
chr6 201944
chr6 406814
chr6 40129
chr6 6942
chr6 183294
chr6 69672
chr6 211074
chr6 270179
chr6 175645
chr6 38609
chr6 4193
chr6 450277
chr6 7117
chr6 52182
chr6 7117
chr6 120880
chr6 83301
chr6 455292
chr6 35761
chr6 26999
chr6 102301
chr6 4352
chr6 66708
chr6 10818
chr6 37468
chr6 6683
chr6 64187
chr6 7804
chr6 222907
chr6 26904
chr6 9107
chr6 5888
chr6 367777
chr6 92912
chr6 117037
chr6 4874
chr6 135312
chr6 17122
chr6 5747
chr6 136017
chr6 32632
chr6 103
chr6 155854
chr6 11990
chr6 34106
chr6 136184
chr6 245085
chr6 140
chr6 1208338
chr6 601993
chr6 326879
chr6 277
chr6 144898
chr6 298401
chr6 5
chr6 37
chr6 164993
chr6 54419
chr6 16216
chr6 166022
chr6 161022
chr6 7876
chr6 130
chr6 370
chr6 8666
chr6 8407
chr6 119058
chr6 247
chr6 2237
chr6 12560
chr6 43104
chr6 271859
chr6 56778
chr6 8825
chr6 406941
chr6 59268
chr6 240799
chr6 2761
chr6 127947
chr6 5387
chr6 172
chr6 93505
chr6 55460
chr6 12295
chr6 39461
chr6 16859
chr6 38555
chr6 571
chr6 145238
chr6 395041
chr6 63755
chr6 60934
chr6 33299
chr6 2002
chr6 83570
chr6 43115
chr6 58601
chr6 58200
chr6 91745
chr6 9414
chr6 170
chr6 120504
chr6 207148
chr6 195262
chr6 51801
chr6 97617
chr6 156269
chr6 79911
chr6 23911
chr6 134799
chr6 3480
chr6 194
chr6 8915
chr6 74139
chr6 94670
chr6 26204
chr6 130828
chr6 151
chr6 62382
chr6 4437
chr6 97924
chr6 54855
chr6 11042
chr6 26953
chr6 43126
chr6 82069
chr6 24603
chr6 29551
chr6 8986
chr6 90052
chr6 11622
chr6 36165
chr6 180891
chr6 53580
chr6 9412
chr6 13584
chr6 37962
chr6 95600
chr6 29156
chr6 93817
chr6 41510
chr6 51455
chr6 43205
chr6 80706
chr6 61941
chr6 51511
chr6 74533
chr6 60197
chr6 4720
chr6 68488
chr6 87389
chr6 92188
chr6 75743
chr6 43002
chr6 18596
chr6 86887
chr6 151720
chr6 17945
chr6 46065
chr6 26191
chr6 38
chr6 13271
chr6 14642
chr6 13149
chr6 8790
chr6 6725
chr6 42436
chr6 112930
chr6 136937
chr6 161293
chr6 14322
chr6 110967
chr6 81483
chr6 52361
chr6 16667
chr6 172620
chr6 22955
chr6 90126
chr6 237898
chr6 2879
chr6 117136
chr6 38927
chr6 12336
chr6 156576
chr6 71837
chr6 1382
chr6 330
chr6 6314
chr6 15829
chr6 36
chr6 40486
chr6 91216
chr6 52609
chr6 293858
chr6 42882
chr6 11008
chr6 80063
chr6 10743
chr6 185364
chr6 103178
chr6 43474
chr6 405713
chr6 67489
chr6 36306
chr6 46303
chr6 4186
chr6 21582
chr6 54203
chr6 39408
chr6 6076
chr6 34
chr6 21871
chr6 27360
chr6 10747
chr6 5821
chr6 32917
chr6 46359
chr6 9117
chr6 1000
chr6 66890
chr6 61025
chr6 28666
chr6 62601
chr6 3816
chr6 81349
chr6 69086
chr6 58396
chr6 23754
chr6 3942
chr6 41533
chr6 5949
chr6 70266
chr6 54115
chr6 10752
chr6 40264
chr6 37456
chr6 103164
chr6 23107
chr6 9332
chr6 66286
chr6 12480
chr6 91287
chr6 50875
chr6 54964
chr6 8609
chr6 12176
chr6 41242
chr6 68597
chr6 11764
chr6 132182
chr6 128358
chr6 76717
chr6 24441
chr6 195069
chr6 65566
chr6 215680
chr6 1217
chr6 456566
chr6 86972
chr6 16949
chr6 92521
chr6 32460
chr6 116815
chr6 39
chr6 27
chr6 58814
chr6 11755
chr6 31251
chr6 45769
chr6 155403
chr6 33181
chr6 103644
chr6 105962
chr6 36374
chr6 47103
chr6 12756
chr6 52437
chr6 689
chr6 34489
chr6 7623
chr6 14432
chr6 28062
chr6 42803
chr6 36595
chr6 1796983
chr6 469
chr6 102177
chr6 13971
chr6 96421
chr6 25554
chr6 71
chr6 27
chr6 29289
chr6 30286
chr6 11394
chr6 31848
chr6 20838
chr6 10675
chr6 13173
chr6 22019
chr6 51607
chr6 71514
chr6 28029
chr6 60169
chr6 19661
chr6 17200
chr6 66834
chr6 12870
chr6 40309
chr6 25647
chr6 34277
chr6 46112
chr6 61179
chr6 37469
chr6 746
chr6 23335
chr6 978
chr6 30039
chr6 23178
chr6 170762
chr6 48292
chr6 12389
chr6 7064
chr6 44010
chr6 19336
chr6 54574
chr6 8597
chr6 47807
chr6 23727
chr6 2311
chr6 17532
chr6 8685
chr6 4260
chr6 94680
chr6 21682
chr6 20636
chr6 135660
chr6 72606
chr6 194906
chr6 12423
chr6 70788
chr6 17503
chr6 5748
chr6 31980
chr6 40721
chr6 49704
chr6 2708
chr6 8758
chr6 61949
chr6 68323
chr6 5098
chr6 42952
chr6 28383
chr6 2
chr6 48638
chr6 100395
chr6 12772
chr6 23115
chr6 25625
chr6 6027
chr6 3259
chr6 13598
chr6 38095
chr6 62830
chr6 3962
chr6 125054
chr6 14022
chr6 110759
chr6 10872
chr6 71139
chr6 81754
chr6 30446
chr6 35808
chr6 192146
chr6 6549
chr6 55047
chr6 2110
chr6 10360
chr6 38981
chr6 31937
chr6 134
chr6 14722
chr6 22188
chr6 9406
chr6 106885
chr6 113804
chr6 3006
chr6 1553
chr6 21467
chr6 15046
chr6 3539
chr6 5951
chr6 162233
chr6 46321
chr6 1567
chr6 42877
chr6 49967
chr6 1046
chr6 24302
chr6 20297
chr6 42628
chr6 3001
chr6 21539
chr6 69800
chr6 122308
chr6 32563
chr6 46569
chr6 59354
chr6 147641
chr6 40591
chr6 134412
chr6 44493
chr6 17546
chr6 58962
chr6 51884
chr6 25691
chr6 21281
chr6 28627
chr6 29135
chr6 22398
chr6 108495
chr6 77328
chr6 63986
chr6 109015
chr6 6227
chr6 189339
chr6 77940
chr6 104430
chr6 12903
chr6 58783
chr6 22063
chr6 7403
chr6 37690
chr6 51796
chr6 4663
chr6 43562
chr6 15137
chr6 9492
chr6 16225
chr6 14916
chr6 44118
chr6 16452
chr6 110082
chr6 17521
chr6 6
chr6 29124
chr6 23674
chr6 104121
chr6 103330
chr6 279
chr6 14793
chr6 77018
chr6 64973
chr6 25178
chr6 6022
chr6 4013
chr6 13324
chr6 67593
chr6 87139
chr6 7714
chr6 10109
chr6 7679
chr6 31154
chr6 12054
chr6 15704
chr6 49
chr6 2853
chr6 961
chr6 44917
chr6 15770
chr6 46167
chr6 68895
chr6 16767
chr6 22040
chr6 19263
chr6 17536
chr6 87376
chr6 27992
chr6 2023
chr6 7425
chr6 12554
chr6 4405
chr6 35999
chr6 39218
chr6 34969
chr6 95345
chr6 42943
chr6 16394
chr6 23687
chr6 62704
chr6 21308
chr6 196303
chr6 18795
chr6 57910
chr6 5587
chr6 100236
chr6 20531
chr6 725
chr6 22173
chr6 38
chr6 24677
chr6 12422
chr6 16324
chr6 14131
chr6 797
chr6 97473
chr6 93017
chr6 25964
chr6 73408
chr6 11171
chr6 16170
chr6 122955
chr6 33216
chr6 58922
chr6 138860
chr6 80168
chr6 40487
chr6 148195
chr6 95394
chr6 126321
chr6 22453
chr6 66342
chr6 57240
chr6 30135
chr6 169250
chr6 7228
chr6 30410
chr6 16412
chr6 75583
chr6 42099
chr6 32939
chr6 215362
chr6 21447
chr6 28555
chr6 5990
chr6 69637
chr6 43730
chr6 16814
chr6 8437
chr6 10185
chr6 29960
chr6 23736
chr6 215172
chr6 57064
chr6 21284
chr6 15162
chr6 201
chr6 5689
chr6 18129
chr6 17689
chr6 107088
chr6 99539
chr6 171334
chr6 75852
chr6 6164
chr6 10627
chr6 58300
chr6 126945
chr6 41544
chr6 54648
chr6 219358
chr6 4114
chr6 2426
chr6 2386
chr6 1568
chr6 87431
chr6 48324
chr6 18523
chr6 87104
chr6 11502
chr6 335
chr6 69710
chr6 16320
chr6 93754
chr6 58003
chr6 12303
chr6 33030
chr6 20964
chr6 46953
chr6 26987
chr6 6210
chr6 78416
chr6 33740
chr6 12047
chr6 83092
chr6 16
chr6 48266
chr6 154258
chr6 99579
chr6 7074
chr6 211394
chr6 98126
chr6 41665
chr6 68005
chr6 7114
chr6 12099
chr6 71427
chr6 29799
chr6 113938
chr6 11289
chr6 54615
chr6 44109
chr6 23196
chr6 14352
chr6 4901
chr6 30812
chr6 30099
chr6 78
chr6 20956
chr6 2432
chr6 34148
chr6 12279
chr6 345
chr6 23492
chr6 4361
chr6 61777
chr6 21094
chr6 63991
chr6 54030
chr6 16726
chr6 20440
chr6 9555
chr6 11045
chr6 61657
chr6 19295
chr6 18526
chr6 85513
chr6 27
chr6 89752
chr6 1742
chr6 6366
chr6 2739
chr6 7113
chr6 25263
chr6 48389
chr6 71193
chr6 30058
chr6 193120
chr6 23406
chr6 271883
chr6 246906
chr6 9638
chr6 13943
chr6 220
chr6 17468
chr6 15975
chr6 69654
chr6 67329
chr6 13263
chr6 11092
chr6 27564
chr6 9188
chr6 7797
chr6 2409
chr6 5496
chr6 10357
chr6 41710
chr6 25341
chr6 12761
chr6 469
chr6 18444
chr6 55170
chr6 1785
chr6 133674
chr6 31
chr6 46832
chr6 50903
chr6 2618
chr6 5919
chr6 12687
chr6 31042
chr6 33736
chr6 98836
chr6 21463
chr6 91650
chr6 45453
chr6 18808
chr6 42
chr6 154
chr6 11231
chr6 3981
chr6 71064
chr6 5144
chr6 100120
chr6 9573
chr6 148380
chr6 80826
chr6 10362
chr6 1802
chr6 17350
chr6 114179
chr6 68633
chr6 18809
chr6 26425
chr6 39232
chr6 36240
chr6 8707
chr6 2024
chr6 12243
chr6 44353
chr6 35002
chr6 17760
chr6 7227
chr6 8978
chr6 4497
chr6 33834
chr6 432
chr6 21610
chr6 62076
chr6 30471
chr6 50012
chr6 6765
chr6 49674
chr6 72618
chr6 24964
chr6 4956
chr6 77
chr6 39107
chr6 174330
chr6 27687
chr6 129287
chr6 11732
chr6 27084
chr6 24008
chr6 16390
chr6 17890
chr6 37551
chr6 4461
chr6 44014
chr6 8120
chr6 4207
chr6 1807
chr6 20354
chr6 3736
chr6 14358
chr6 38957
chr6 10946
chr6 34775
chr6 51996
chr6 155557
chr6 6343
chr6 111748
chr6 39106
chr6 28987
chr6 79167
chr6 57795
chr6 22049
chr6 20549
chr6 30022
chr6 53551
chr6 52998
chr6 21462
chr6 24670
chr6 8304
chr6 49700
chr6 130058
chr6 88482
chr6 82
chr6 159546
chr6 29729
chr6 88394
chr6 229
chr6 189157
chr6 64277
chr6 106899
chr6 18503
chr6 53462
chr6 17437
chr6 90598
chr6 2855
chr6 12312
chr6 3915
chr6 7588
chr6 7136
chr6 53
chr6 11388
chr6 2055
chr6 82
chr6 25069
chr6 3411
chr6 18823
chr6 30975
chr6 4578
chr6 136996
chr6 74202
chr6 13061
chr6 10757
chr6 39542
chr6 23003
chr6 12931
chr6 16141
chr6 3892
chr6 11803
chr6 12436
chr6 18889
chr6 58705
chr6 18958
chr6 44890
chr6 20673
chr6 56128
chr6 190
chr6 18339
chr6 14730
chr6 39589
chr6 26691
chr6 14985
chr6 109044
chr6 123298
chr6 40323
chr6 8768
chr6 48210
chr6 9853
chr6 10240
chr6 22789
chr6 33792
chr6 63967
chr6 19618
chr6 30376
chr6 32813
chr6 56362
chr6 64370
chr6 10614
chr6 14037
chr6 34
chr6 73
chr6 171848
chr6 20963
chr6 21566
chr6 24737
chr6 6566
chr6 57109
chr6 30884
chr6 13163
chr6 108387
chr6 43368
chr6 24825
chr6 28473
chr6 66509
chr6 333352
chr6 26255
chr6 3705
chr6 10302
chr6 3219
chr6 17983
chr6 9037
chr6 45278
chr6 29752
chr6 97890
chr6 33695
chr6 16786
chr6 15757
chr6 34465
chr6 30973
chr6 8227
chr6 40269
chr6 46215
chr6 23171
chr6 20503
chr6 123916
chr6 34766
chr6 16329
chr6 83886
chr6 77207
chr6 18967
chr6 35767
chr6 42730
chr6 31789
chr6 124868
chr6 47
chr6 32063
chr6 550
chr6 39123
chr6 40416
chr6 27166
chr6 40867
chr6 59064
chr6 31582
chr6 68712
chr6 21685
chr6 90425
chr6 19618
chr6 27027
chr6 14629
chr6 11402
chr6 50993
chr6 36
chr6 46
chr6 7686
chr6 35585
chr6 7540
chr6 27414
chr6 25043
chr6 25964
chr6 12412
chr6 16
chr6 60773
chr6 8761
chr6 45807
chr6 7908
chr6 9106
chr6 48819
chr6 20043
chr6 3035
chr6 3080
chr6 8939
chr6 33586
chr6 2457
chr6 30367
chr6 11501
chr6 169
chr6 49719
chr6 132882
chr6 21226
chr6 109552
chr6 14074
chr6 8666
chr6 30346
chr6 33919
chr6 39375
chr6 7446
chr6 11944
chr6 15489
chr6 82
chr6 15501
chr6 15879
chr6 4808
chr6 9059
chr6 6869
chr6 8421
chr6 7882
chr6 11708
chr6 13365
chr6 83673
chr6 14995
chr6 931
chr6 7864
chr6 11233
chr6 35811
chr6 82747
chr6 22403
chr6 11046
chr6 19074
chr6 10808
chr6 3426
chr6 9055
chr6 11490
chr6 14877
chr6 6782
chr6 3564
chr6 13039
chr6 93076
chr6 6035
chr6 1
chr6 10745
chr6 274
chr6 37772
chr6 62152
chr6 24449
chr6 23930
chr6 33700
chr6 47619
chr6 31227
chr6 47843
chr6 317
chr6 82241
chr6 45006
chr6 172
chr6 10380
chr6 3050
chr6 1376
chr6 38716
chr6 7129
chr6 3659
chr6 16914
chr6 66684
chr6 103749
chr6 1187
chr6 25584
chr6 161299
chr6 1077
chr6 55109
chr6 84485
chr6 176614
chr6 84486
chr6 557647
chr6 52882
chr6 38109
chr6 31758
chr6 6323
chr6 15539
chr6 24553
chr6 34204
chr6 36925
chr6 12773
chr6 125397
chr6 31
chr6 69621
chr6 56378
chr6 22102
chr6 37765
chr6 208563
chr6 252491
chr6 436731
chr6 301456
chr6 78402
chr6 17228
chr6 255
chr6 4123
chr6 33127
chr6 42022
chr6 16437
chr6 82428
chr6 259740
chr6 61371
chr6 103551
chr6 508
chr6 79409
chr6 228758
chr6 76441
chr6 1480
chr6 65725
chr6 8010
chr6 29511
chr6 72001
chr6 37677
chr6 66608
chr6 195
chr6 22763
chr6 103432
chr6 102412
chr6 22374
chr6 71441
chr6 67020
chr6 34172
chr6 63879
chr6 48725
chr6 18451
chr6 73850
chr6 65992
chr6 304946
chr6 41837
chr6 180189
chr6 21375
chr6 5216
chr6 69820
chr6 7707
chr6 62066
chr6 178011
chr6 31713
chr6 161300
chr6 18423
chr6 11434
chr6 15086
chr6 76795
chr6 151977
chr6 97063
chr6 8116
chr6 3260
chr6 19415
chr6 54427
chr6 27324
chr6 157448
chr6 75870
chr6 40712
chr6 248001
chr6 73459
chr6 58852
chr6 6028
chr6 3532
chr6 22568
chr6 1527
chr6 96649
chr6 57370
chr6 26725
chr6 57276
chr6 158188
chr6 15948
chr6 14330
chr6 15667
chr6 28499
chr6 103688
chr6 52606
chr6 30297
chr6 113437
chr6 12867
chr6 33419
chr6 3853
chr6 178365
chr6 43077
chr6 13810
chr6 63319
chr6 19098
chr6 146156
chr6 86686
chr6 11495
chr6 140169
chr6 23931
chr6 11750
chr6 5650
chr6 68
chr6 66899
chr6 37080
chr6 184774
chr6 469
chr6 26427
chr6 50051
chr6 158121
chr6 13488
chr6 6771
chr6 22569
chr6 5257
chr6 16786
chr6 65529
chr6 83054
chr6 88411
chr6 40942
chr6 5042
chr6 30688
chr6 10506
chr6 82203
chr6 87038
chr6 166348
chr6 219250
chr6 1726
chr6 25500
chr6 7005
chr6 108387
chr6 63541
chr6 157872
chr6 9250
chr6 51821
chr6 103223
chr6 155257
chr6 23376
chr6 7340
chr6 56795
chr6 3869
chr6 56113
chr6 143831
chr6 63047
chr6 8500
chr6 58776
chr6 40687
chr6 89930
chr6 50154
chr6 87545
chr6 1107
chr6 109801
chr6 43820
chr6 10259
chr6 40506
chr6 241096
chr6 11633
chr6 50907
chr6 107181
chr6 67376
chr6 234676
chr6 21471
chr6 15326
chr6 22132
chr6 4016
chr6 29688
chr6 51514
chr6 84379
chr6 25522
chr6 17376
chr6 18133
chr6 70773
chr6 11977
chr6 5245
chr6 172020
chr6 1892
chr6 70830
chr6 24679
chr6 48646
chr6 128227
chr6 83355
chr6 43146
chr6 17922
chr6 95195
chr6 81698
chr6 88259
chr6 32664
chr6 31178
chr6 3645
chr6 17260
chr6 35209
chr6 18096
chr6 1597
chr6 20968
chr6 27496
chr6 1790
chr6 87419
chr6 8193
chr6 51520
chr6 178465
chr6 6672
chr6 115918
chr6 34626
chr6 54041
chr6 21695
chr6 113366
chr6 101439
chr6 76147
chr6 51706
chr6 96083
chr6 44411
chr6 27134
chr6 86357
chr6 12637
chr6 5945
chr6 12906
chr6 56
chr6 173681
chr6 75373
chr6 15253
chr6 57338
chr6 42528
chr6 2025
chr6 148768
chr6 21229
chr6 32025
chr6 19123
chr6 136
chr6 132176
chr6 3542
chr6 52040
chr6 139193
chr6 21200
chr6 51
chr6 10076
chr6 17190
chr6 61177
chr6 54279
chr6 8806
chr6 76250
chr6 7436
chr6 29519
chr6 38625
chr6 49814
chr6 26189
chr6 24591
chr6 16594
chr6 147081
chr6 12771
chr6 26143
chr6 93296
chr6 16664
chr6 58988
chr6 59486
chr6 30485
chr6 8603
chr6 3099
chr6 50654
chr6 47786
chr6 14863
chr6 27743
chr6 127
chr6 133000
chr6 63445
chr6 102397
chr6 14650
chr6 9678
chr6 10610
chr6 42525
chr6 17190
chr6 34926
chr6 85374
chr6 42885
chr6 240301
chr6 182391
chr6 21571
chr6 94091
chr6 76189
chr6 97865
chr6 20019
chr6 144506
chr6 38217
chr6 3820
chr6 11366
chr6 25106
chr6 71
chr6 26315
chr6 38850
chr6 13993
chr6 16115
chr6 2539
chr6 342665
chr6 55906
chr6 8645
chr6 141843
chr6 137873
chr6 157820
chr6 152452
chr6 34755
chr6 269804
chr6 213482
chr6 86465
chr6 18302
chr6 296613
chr6 49858
chr6 25101
chr6 31018
chr6 137719
chr6 221101
chr6 171575
chr6 32829
chr6 195079
chr6 144431
chr6 22643
chr6 877
chr6 77523
chr6 84134
chr6 31169
chr6 103118
chr6 38454
chr6 216687
chr6 202582
chr6 27994
chr6 2212
chr6 40454
chr6 18774
chr6 9729
chr6 17943
chr6 39503
chr6 26610
chr6 51656
chr6 68234
chr6 7968
chr6 110427
chr6 131121
chr6 23823
chr6 89879
chr6 28904
chr6 41060
chr6 78473
chr6 195932
chr6 4260
chr6 16132
chr6 104284
chr6 356875
chr6 128162
chr6 116642
chr6 185682
chr6 35
chr6 114409
chr6 26692
chr6 150675
chr6 16
chr6 73
chr6 26
chr6 36183
chr6 106514
chr6 123187
chr6 53773
chr6 94359
chr6 226394
chr6 39823
chr6 64934
chr6 15448
chr6 2598
chr6 83225
chr6 42968
chr6 24
chr6 99492
chr6 66100
chr6 30394
chr6 82354
chr6 4277
chr6 82593
chr6 43355
chr6 197094
chr6 51359
chr6 65577
chr6 24213
chr6 43903
chr6 2166
chr6 51974
chr6 26935
chr6 484509
chr6 38559
chr6 27682
chr6 47570
chr6 283548
chr6 68230
chr6 54532
chr6 71734
chr6 30523
chr6 202
chr6 83873
chr6 56767
chr6 36508
chr6 28221
chr6 149193
chr6 24339
chr6 53446
chr6 698
chr6 4192
chr6 15653
chr6 34239
chr6 13153
chr6 8285
chr6 125464
chr6 5835
chr6 7956
chr6 138323
chr6 27832
chr6 46815
chr6 28784
chr6 60
chr6 18511
chr6 24826
chr6 21101
chr6 34060
chr6 47742
chr6 48723
chr6 38
chr6 30355
chr6 82227
chr6 81282
chr6 9552
chr6 22265
chr6 73100
chr6 114436
chr6 123402
chr6 16992
chr6 38730
chr6 8249
chr6 11147
chr6 126953
chr6 157265
chr6 48034
chr6 47871
chr6 33950
chr6 39559
chr6 19796
chr6 4101
chr6 17854
chr6 78793
chr6 102097
chr6 20403
chr6 23269
chr6 40148
chr6 58412
chr6 6703
chr6 122700
chr6 25187
chr6 51
chr6 73125
chr6 65380
chr6 176835
chr6 75627
chr6 25572
chr6 45694
chr6 5900
chr6 118
chr6 10766
chr6 35669
chr6 12261
chr6 9023
chr6 90463
chr6 61
chr6 73600
chr6 12204
chr6 78321
chr6 43
chr6 27404
chr6 179695
chr6 44538
chr6 54890
chr6 79714
chr6 283751
chr6 17345
chr6 48
chr6 16305
chr6 35159
chr6 69488
chr6 30755
chr6 199885
chr6 45130
chr6 162228
chr6 8885
chr6 19393
chr6 17853
chr6 64995
chr6 176204
chr6 49860
chr6 5
chr6 38475
chr6 65775
chr6 36972
chr6 92421
chr6 67068
chr6 7890
chr6 151795
chr6 68878
chr6 7328
chr6 10162
chr6 29213
chr6 23151
chr6 50547
chr6 2000
chr6 34698
chr6 34748
chr6 80807
chr6 60683
chr6 211055
chr6 13457
chr6 18590
chr6 888
chr6 26229
chr6 21136
chr6 14
chr6 64953
chr6 27007
chr6 19196
chr6 41892
chr6 71982
chr6 5414
chr6 152
chr6 43994
chr6 13075
chr6 91129
chr6 20398
chr6 16
chr6 73
chr6 27926
chr6 10532
chr6 62230
chr6 109086
chr6 77666
chr6 82814
chr6 64301
chr6 26574
chr6 27121
chr6 145848
chr6 26098
chr6 43902
chr6 248275
chr6 97296
chr6 32547
chr6 19698
chr6 159817
chr6 49735
chr6 46944
chr6 130056
chr6 100354
chr6 14418
chr6 9487
chr6 2393
chr6 122088
chr6 115981
chr6 24282
chr6 34057
chr6 10971
chr6 56312
chr6 105196
chr6 153438
chr6 309472
chr6 99082
chr6 80795
chr6 46703
chr6 113975
chr6 55652
chr6 86414
chr6 34717
chr6 14820
chr6 107481
chr6 124170
chr6 21559
chr6 120784
chr6 54
chr6 77741
chr6 23646
chr6 7328
chr6 174980
chr6 19116
chr6 249000
chr6 23253
chr6 77648
chr6 15649
chr6 3
chr6 15800
chr6 34075
chr6 184051
chr6 17240
chr6 173627
chr6 21056
chr6 86680
chr6 107589
chr6 14779
chr6 89703
chr6 13173
chr6 82463
chr6 37961
chr6 50589
chr6 86224
chr6 92431
chr6 52778
chr6 15252
chr6 14000
chr6 15049
chr6 123003
chr6 20863
chr6 83979
chr6 45473
chr6 105500
chr6 16811
chr6 36170
chr6 26645
chr6 22576
chr6 75913
chr6 66803
chr6 47
chr6 3914
chr6 22655
chr6 145616
chr6 156608
chr6 8562
chr6 63430
chr6 25125
chr6 101
chr6 6199
chr6 102079
chr6 14376
chr6 25895
chr6 37682
chr6 277979
chr6 22861
chr6 8984
chr6 40088
chr6 6727
chr6 22566
chr6 72618
chr6 25334
chr6 295144
chr6 19436
chr6 12691
chr6 101697
chr6 18573
chr6 11375
chr6 149289
chr6 61827
chr6 83985
chr6 94324
chr6 46641
chr6 43135
chr6 253353
chr6 40846
chr6 14676
chr6 232075
chr6 34139
chr6 35881
chr6 211652
chr6 19496
chr6 58943
chr6 2095
chr6 67361
chr6 18
chr6 62981
chr6 28858
chr6 5957
chr6 15924
chr6 129319
chr6 6539
chr6 297
chr6 1897
chr6 16420
chr6 1630
chr6 63411
chr6 67754
chr6 89608
chr6 181199
chr6 31221
chr6 10678
chr6 120671
chr6 17876
chr6 77705
chr6 32312
chr6 57167
chr6 142630
chr6 42874
chr6 22389
chr6 5854
chr6 58035
chr6 12355
chr6 8141
chr6 387177
chr6 47446
chr6 104987
chr6 217567
chr6 18129
chr6 79356
chr6 78794
chr6 89592
chr6 10940
chr6 32962
chr6 5060
chr6 14497
chr6 69213
chr6 191885
chr6 1634
chr6 99821
chr6 113135
chr6 114
chr6 7143
chr6 52113
chr6 638
chr6 329333
chr6 46477
chr6 66355
chr6 130536
chr6 185317
chr6 307262
chr6 142640
chr6 99283
chr6 94441
chr6 49143
chr6 116886
chr6 16280
chr6 386838
chr6 264338
chr6 94495
chr6 50680
chr6 117816
chr6 42835
chr6 25122
chr6 18945
chr6 26638
chr6 63724
chr6 36865
chr6 87978
chr6 26537
chr6 45101
chr6 45593
chr6 72583
chr6 53468
chr6 310414
chr6 152285
chr6 158064
chr6 13936
chr6 173871
chr6 7278
chr6 34099
chr6 37033
chr6 295198
chr6 118044
chr6 3911
chr6 35060
chr6 116490
chr6 131292
chr6 70726
chr6 98929
chr6 73
chr6 15
chr6 228474
chr6 142747
chr6 7835
chr6 5241
chr6 94463
chr6 146609
chr6 63905
chr6 31479
chr6 121885
chr6 32660
chr6 97519
chr6 125953
chr6 36511
chr6 95179
chr6 7696
chr6 127
chr6 139439
chr6 48207
chr6 276488
chr6 155984
chr6 125032
chr6 150283
chr6 43264
chr6 71837
chr6 102821
chr6 30921
chr6 29302
chr6 182365
chr6 30870
chr6 74286
chr6 13108
chr6 171000
chr6 103144
chr6 14530
chr6 108128
chr6 84440
chr6 23680
chr6 29734
chr6 130098
chr6 671
chr6 54101
chr6 13532
chr6 201590
chr6 105443
chr6 127049
chr6 175
chr6 26713
chr6 49280
chr6 29168
chr6 69450
chr6 47897
chr6 136100
chr6 53879
chr6 63259
chr6 108016
chr6 104663
chr6 130377
chr6 102102
chr6 181544
chr6 24077
chr6 353109
chr6 96423
chr6 20399
chr6 179792
chr6 8279
chr6 8761
chr6 130410
chr6 55040
chr6 157818
chr6 31540
chr6 230803
chr6 230049
chr6 69997
chr6 63756
chr6 40694
chr6 117631
chr6 30888
chr6 145698
chr6 210358
chr6 57848
chr6 40389
chr6 49
chr6 16396
chr6 24818
chr6 35397
chr6 30380
chr6 78246
chr6 111883
chr6 12998
chr6 87011
chr6 1121
chr6 12
chr6 38843
chr6 12028
chr6 7929
chr6 35127
chr6 97988
chr6 97063
chr6 10418
chr6 13733
chr6 2
chr6 67337
chr6 56084
chr6 102626
chr6 38667
chr6 57867
chr6 4477
chr6 69808
chr6 108309
chr6 8358
chr6 46372
chr6 11182
chr6 1496
chr6 9401
chr6 1049
chr6 107751
chr6 63331
chr6 105692
chr6 82036
chr6 92106
chr6 151507
chr6 236939
chr6 133
chr6 41706
chr6 18099
chr6 1935
chr6 433303
chr6 49798
chr6 3157
chr6 22151
chr6 167854
chr6 15
chr6 11184
chr6 384755
chr6 45639
chr6 41566
chr6 24615
chr6 87961
chr6 48167
chr6 54207
chr6 119937
chr6 12660
chr6 14593
chr6 139446
chr6 102017
chr6 406893
chr6 178915
chr6 24051
chr6 33557
chr6 35405
chr6 5164
chr6 74680
chr6 8966
chr6 361488
chr6 71954
chr6 25592
chr6 47381
chr6 132206
chr6 101732
chr6 111331
chr6 418649
chr6 385939
chr6 36417
chr6 69397
chr6 43253
chr6 10839
chr6 31768
chr6 46354
chr6 7973
chr6 46125
chr6 66719
chr6 50020
chr6 309544
chr6 93091
chr6 27281
chr6 48128
chr6 91955
chr6 145
chr6 19550
chr6 211650
chr6 37076
chr6 142498
chr6 50558
chr6 48006
chr6 31308
chr6 103036
chr6 13607
chr6 34287
chr6 48319
chr6 120527
chr6 114182
chr6 44591
chr6 2510
chr6 12327
chr6 30467
chr6 147988
chr6 59385
chr6 24642
chr6 97925
chr6 125821
chr6 121392
chr6 52296
chr6 204360
chr6 82538
chr6 141195
chr6 30920
chr6 326773
chr6 82206
chr6 135507
chr6 145563
chr6 171699
chr6 79365
chr6 19651
chr6 15818
chr6 30730
chr6 48415
chr6 121935
chr6 19625
chr6 8631
chr6 335749
chr6 122692
chr6 5501
chr6 127079
chr6 140382
chr6 433517
chr6 158200
chr6 65120
chr6 331410
chr6 131455
chr6 184907
chr6 121092
chr6 139472
chr6 211314
chr6 85746
chr6 62683
chr6 438784
chr6 125820
chr6 42153
chr6 76239
chr6 6379
chr6 86787
chr6 222060
chr6 33393
chr6 154495
chr6 156585
chr6 19895
chr6 11688
chr6 32226
chr6 78732
chr6 44106
chr6 162331
chr6 21982
chr6 29391
chr6 43603
chr6 51126
chr6 9109
chr6 3999
chr6 28513
chr6 10458
chr6 109255
chr6 142743
chr6 43705
chr6 87610
chr6 55444
chr6 57980
chr6 104609
chr6 443644
chr6 8764
chr6 235888
chr6 204117
chr6 36330
chr6 107683
chr6 71185
chr6 382642
chr6 81234
chr6 131910
chr6 50138
chr6 925532
chr6 77373
chr6 45158
chr6 16
chr6 18131
chr6 37475
chr6 128
chr6 260003
chr6 126365
chr6 56357
chr6 10
chr6 37634
chr6 8684
chr6 27074
chr6 115907
chr6 69451
chr6 40449
chr6 23343
chr6 68871
chr6 26702
chr6 65491
chr6 16087
chr6 40068
chr6 108019
chr6 89439
chr6 32573
chr6 64015
chr6 7556
chr6 55179
chr6 19976
chr6 5240
chr6 42593
chr6 116073
chr6 170
chr6 34373
chr6 144610
chr6 98799
chr6 89895
chr6 248283
chr6 12532
chr6 37775
chr6 303271
chr6 259141
chr6 6028
chr6 286083
chr6 102922
chr6 80392
chr6 106192
chr6 348588
chr6 971643
chr6 117568
chr6 60301
chr6 55513
chr6 53621
chr6 216700
chr6 152047
chr6 85051
chr6 165773
chr6 133198
chr6 602607
chr6 308739
chr6 12124
chr6 1947
chr6 45
chr7 80922
chr7 613196
chr7 52222
chr7 7134
chr7 256281
chr7 219949
chr7 903357
chr7 565634
chr7 271934
chr7 7677
chr7 434
chr7 157148
chr7 233463
chr7 180797
chr7 248830
chr7 38
chr7 188170
chr7 22705
chr7 190063
chr7 35965
chr7 7726
chr7 92340
chr7 51345
chr7 191
chr7 41219
chr7 7227
chr7 18497
chr7 46561
chr7 54132
chr7 1222252
chr7 291
chr7 456022
chr7 150277
chr7 567593
chr7 77510
chr7 55962
chr7 22394
chr7 33824
chr7 100792
chr7 15834
chr7 43385
chr7 5210
chr7 25948
chr7 215816
chr7 52241
chr7 339197
chr7 6071
chr7 100041
chr7 27581
chr7 275529
chr7 91370
chr7 90500
chr7 71859
chr7 66742
chr7 6418
chr7 70536
chr7 56109
chr7 41
chr7 205941
chr7 22599
chr7 51749
chr7 22664
chr7 82330
chr7 13968
chr7 75482
chr7 103
chr7 24191
chr7 69384
chr7 93958
chr7 49022
chr7 17864
chr7 14472
chr7 45275
chr7 4304
chr7 34618
chr7 12092
chr7 19328
chr7 16417
chr7 9082
chr7 25034
chr7 71771
chr7 77862
chr7 121488
chr7 8838
chr7 188487
chr7 11784
chr7 28241
chr7 79198
chr7 16936
chr7 69943
chr7 258
chr7 78145
chr7 40438
chr7 18800
chr7 44767
chr7 34822
chr7 27252
chr7 7745
chr7 52265
chr7 24204
chr7 27311
chr7 78783
chr7 75162
chr7 304275
chr7 15884
chr7 2898
chr7 64126
chr7 11085
chr7 26677
chr7 12430
chr7 43313
chr7 2646
chr7 68053
chr7 20812
chr7 15899
chr7 131297
chr7 6672
chr7 35177
chr7 21118
chr7 377162
chr7 13018
chr7 9790
chr7 19941
chr7 16324
chr7 43379
chr7 16259
chr7 13642
chr7 87331
chr7 61
chr7 6156
chr7 58881
chr7 53948
chr7 40827
chr7 3433
chr7 309930
chr7 28722
chr7 27
chr7 150972
chr7 28894
chr7 94918
chr7 147737
chr7 37999
chr7 56097
chr7 2830
chr7 13154
chr7 12121
chr7 5023
chr7 271332
chr7 138428
chr7 8724
chr7 45702
chr7 10922
chr7 171294
chr7 18601
chr7 99064
chr7 123071
chr7 10833
chr7 73091
chr7 46225
chr7 47734
chr7 195649
chr7 2897
chr7 401075
chr7 57539
chr7 134148
chr7 64778
chr7 155308
chr7 48029
chr7 357962
chr7 74044
chr7 5522
chr7 381
chr7 4305
chr7 136678
chr7 50880
chr7 100156
chr7 2051
chr7 95389
chr7 25838
chr7 47228
chr7 148991
chr7 475769
chr7 110430
chr7 21
chr7 59668
chr7 22565
chr7 104906
chr7 38174
chr7 17752
chr7 21384
chr7 31047
chr7 54
chr7 106158
chr7 1754
chr7 102364
chr7 58396
chr7 2815
chr7 82755
chr7 70585
chr7 25798
chr7 95982
chr7 52714
chr7 110759
chr7 19626
chr7 732633
chr7 149
chr7 62451
chr7 53
chr7 21419
chr7 22490
chr7 3880
chr7 861
chr7 17242
chr7 147845
chr7 19516
chr7 13375
chr7 127356
chr7 14385
chr7 10991
chr7 132183
chr7 2
chr7 23891
chr7 67110
chr7 235292
chr7 32631
chr7 17768
chr7 131
chr7 4566
chr7 36510
chr7 11395
chr7 18477
chr7 10179
chr7 124042
chr7 80123
chr7 83552
chr7 122740
chr7 66845
chr7 60980
chr7 39087
chr7 16240
chr7 20447
chr7 11356
chr7 1801
chr7 21680
chr7 60721
chr7 132317
chr7 62024
chr7 38791
chr7 4969
chr7 163240
chr7 85712
chr7 55274
chr7 107180
chr7 244842
chr7 39263
chr7 70355
chr7 6522
chr7 113411
chr7 119061
chr7 43418
chr7 361450
chr7 123485
chr7 71696
chr7 59109
chr7 88900
chr7 247726
chr7 112638
chr7 5635
chr7 61975
chr7 150778
chr7 65162
chr7 239186
chr7 174295
chr7 32425
chr7 611
chr7 11825
chr7 14629
chr7 21994
chr7 27982
chr7 17200
chr7 8190
chr7 76777
chr7 30272
chr7 25254
chr7 54506
chr7 22224
chr7 13696
chr7 338
chr7 119596
chr7 254967
chr7 86
chr7 26698
chr7 19707
chr7 16601
chr7 4712
chr7 56277
chr7 39
chr7 30166
chr7 45046
chr7 106551
chr7 112861
chr7 164
chr7 100885
chr7 441634
chr7 13163
chr7 32560
chr7 219403
chr7 46199
chr7 287517
chr7 126026
chr7 287507
chr7 11782
chr7 101448
chr7 41948
chr7 149162
chr7 35
chr7 27377
chr7 53260
chr7 67720
chr7 12
chr7 30782
chr7 66328
chr7 499631
chr7 172069
chr7 185010
chr7 130441
chr7 292708
chr7 14937
chr7 24287
chr7 78843
chr7 529422
chr7 287590
chr7 245493
chr7 38319
chr7 26995
chr7 4296
chr7 124655
chr7 40388
chr7 6495
chr7 8687
chr7 49846
chr7 329392
chr7 68675
chr7 10
chr7 71289
chr7 103267
chr7 42285
chr7 56302
chr7 170182
chr7 267939
chr7 170406
chr7 80273
chr7 29878
chr7 113854
chr7 57063
chr7 105369
chr7 202555
chr7 53541
chr7 117
chr7 68295
chr7 17177
chr7 27810
chr7 41893
chr7 87413
chr7 36785
chr7 15419
chr7 28909
chr7 73153
chr7 27492
chr7 19149
chr7 21334
chr7 17075
chr7 11186
chr7 42559
chr7 54463
chr7 31621
chr7 156523
chr7 29165
chr7 101738
chr7 23374
chr7 57572
chr7 13162
chr7 880
chr7 76879
chr7 18769
chr7 30877
chr7 337134
chr7 166726
chr7 3
chr7 57643
chr7 39361
chr7 152312
chr7 17995
chr7 93039
chr7 137356
chr7 213543
chr7 44
chr7 156916
chr7 2590
chr7 20430
chr7 48
chr7 8426
chr7 207500
chr7 5453
chr7 3873
chr7 16186
chr7 34210
chr7 12202
chr7 62694
chr7 8969
chr7 78
chr7 52053
chr7 151080
chr7 34415
chr7 44177
chr7 47746
chr7 74
chr7 3536
chr7 43493
chr7 111593
chr7 7925
chr7 19197
chr7 18357
chr7 9764
chr7 30483
chr7 31400
chr7 141698
chr7 72110
chr7 67967
chr7 106572
chr7 81654
chr7 105908
chr7 22259
chr7 168413
chr7 168921
chr7 117785
chr7 10106
chr7 16056
chr7 104108
chr7 8888
chr7 104558
chr7 26999
chr7 25
chr7 458
chr7 156553
chr7 30747
chr7 133021
chr7 10819
chr7 311414
chr7 4190
chr7 89996
chr7 83676
chr7 10
chr7 18944
chr7 41332
chr7 166153
chr7 47727
chr7 24157
chr7 14705
chr7 40758
chr7 50105
chr7 22461
chr7 75906
chr7 5589
chr7 52707
chr7 54929
chr7 41873
chr7 133436
chr7 72507
chr7 364578
chr7 83700
chr7 15843
chr7 279416
chr7 224327
chr7 105624
chr7 13
chr7 21979
chr7 129816
chr7 5683
chr7 3169
chr7 57117
chr7 27821
chr7 170131
chr7 288586
chr7 309252
chr7 42236
chr7 16765
chr7 299943
chr7 96516
chr7 71319
chr7 124397
chr7 211294
chr7 211277
chr7 183346
chr7 220533
chr7 264347
chr7 87
chr7 66549
chr7 240304
chr7 18693
chr7 4389
chr7 139141
chr7 25109
chr7 50507
chr7 20534
chr7 146555
chr7 40544
chr7 13347
chr7 56954
chr7 299918
chr7 171678
chr7 12160
chr7 39373
chr7 102953
chr7 9132
chr7 180081
chr7 97676
chr7 81830
chr7 91746
chr7 253449
chr7 224452
chr7 127723
chr7 585575
chr7 119063
chr7 80877
chr7 38654
chr7 84802
chr7 26901
chr7 66607
chr7 108434
chr7 1231
chr7 71681
chr7 18553
chr7 262519
chr7 315641
chr7 1611
chr7 105312
chr7 10933
chr7 29407
chr7 18316
chr7 62974
chr7 18483
chr7 13644
chr7 202844
chr7 1936
chr7 174283
chr7 181862
chr7 7259
chr7 311089
chr7 180804
chr7 85258
chr7 119041
chr7 118661
chr7 249852
chr7 281070
chr7 8283
chr7 5057
chr7 23182
chr7 127341
chr7 14163
chr7 41738
chr7 41335
chr7 3
chr7 107971
chr7 121144
chr7 21459
chr7 93139
chr7 111702
chr7 101244
chr7 47830
chr7 57816
chr7 22863
chr7 67511
chr7 12795
chr7 56748
chr7 27998
chr7 27
chr7 16219
chr7 12885
chr7 11
chr7 23949
chr7 38132
chr7 126884
chr7 8562
chr7 4603
chr7 22016
chr7 53096
chr7 113118
chr7 4544
chr7 179614
chr7 2991
chr7 100756
chr7 49393
chr7 185812
chr7 148451
chr7 45729
chr7 12380
chr7 114327
chr7 72541
chr7 25011
chr7 4376
chr7 122366
chr7 249720
chr7 119283
chr7 68
chr7 44076
chr7 69
chr7 21454
chr7 41747
chr7 10676
chr7 69681
chr7 3433
chr7 8591
chr7 20285
chr7 68079
chr7 13438
chr7 26150
chr7 18096
chr7 7001
chr7 6265
chr7 33390
chr7 64545
chr7 32532
chr7 67517
chr7 12039
chr7 48642
chr7 113064
chr7 95707
chr7 17098
chr7 34367
chr7 129
chr7 127188
chr7 10
chr7 87251
chr7 115699
chr7 196828
chr7 35915
chr7 312813
chr7 38122
chr7 45359
chr7 5075
chr7 65757
chr7 45472
chr7 35428
chr7 305551
chr7 270
chr7 4588
chr7 37467
chr7 26635
chr7 78714
chr7 106887
chr7 110
chr7 33453
chr7 11
chr7 57492
chr7 1946
chr7 95289
chr7 8159
chr7 34464
chr7 32932
chr7 5850
chr7 4962
chr7 86052
chr7 95364
chr7 112024
chr7 78006
chr7 48100
chr7 112323
chr7 75547
chr7 19875
chr7 3333
chr7 254525
chr7 93
chr7 118866
chr7 134126
chr7 22345
chr7 97909
chr7 57082
chr7 218631
chr7 106731
chr7 88557
chr7 165
chr7 150803
chr7 30680
chr7 10383
chr7 67118
chr7 6013
chr7 137047
chr7 54424
chr7 145121
chr7 186608
chr7 226129
chr7 4309
chr7 18992
chr7 166674
chr7 87209
chr7 123443
chr7 71973
chr7 138473
chr7 249885
chr7 3039573
chr7 871554
chr7 400727
chr7 26706
chr7 68959
chr7 25
chr7 218827
chr7 88
chr7 39880
chr7 8361
chr7 70161
chr7 48861
chr7 14940
chr7 63733
chr7 104396
chr7 46985
chr7 145887
chr7 74204
chr7 37168
chr7 8944
chr7 18965
chr7 4595
chr7 18436
chr7 60726
chr7 3327
chr7 53577
chr7 42819
chr7 3401
chr7 56572
chr7 18513
chr7 237086
chr7 209040
chr7 12225
chr7 47268
chr7 60258
chr7 24869
chr7 36736
chr7 24295
chr7 12261
chr7 19304
chr7 149110
chr7 71697
chr7 169125
chr7 68772
chr7 51680
chr7 400229
chr7 60794
chr7 30
chr7 503
chr7 55740
chr7 129678
chr7 119973
chr7 21543
chr7 35101
chr7 75475
chr7 25898
chr7 42283
chr7 55053
chr7 27450
chr7 38463
chr7 206221
chr7 438779
chr7 349345
chr7 456568
chr7 83191
chr7 52270
chr7 57896
chr7 65931
chr7 38077
chr7 37753
chr7 203877
chr7 3072
chr7 19769
chr7 49163
chr7 129636
chr7 112522
chr7 99572
chr7 125768
chr7 48134
chr7 158101
chr7 42013
chr7 42550
chr7 2748
chr7 97701
chr7 3364
chr7 166
chr7 232236
chr7 76023
chr7 62306
chr7 508968
chr7 114
chr7 235661
chr7 270168
chr7 220640
chr7 265
chr7 11943
chr7 138580
chr7 23864
chr7 62
chr7 315540
chr7 31861
chr7 457920
chr7 60505
chr7 37118
chr7 41344
chr7 9125
chr7 29
chr7 349748
chr7 115618
chr7 4436
chr7 175825
chr7 7219
chr7 57186
chr7 41295
chr7 16827
chr7 9503
chr7 165
chr7 984
chr7 150391
chr7 193849
chr7 145053
chr7 413385
chr7 37319
chr7 648125
chr7 495697
chr7 627075
chr7 687373
chr7 34
chr7 341343
chr7 475347
chr7 113497
chr7 42862
chr7 129927
chr7 13385
chr7 85396
chr7 251144
chr7 56279
chr7 13263
chr7 18543
chr7 101688
chr7 42381
chr7 16922
chr7 29964
chr7 472171
chr7 162632
chr7 145155
chr7 95128
chr7 28678
chr7 53587
chr7 20075
chr7 60181
chr7 23218
chr7 51456
chr7 17065
chr7 152646
chr7 5514
chr7 6372
chr7 7270
chr7 14709
chr7 67536
chr7 74951
chr7 30141
chr7 12049
chr7 13761
chr7 12178
chr7 28454
chr7 143245
chr7 24045
chr7 36928
chr7 252036
chr7 66967
chr7 80190
chr7 35936
chr7 113972
chr7 53137
chr7 50009
chr7 54331
chr7 24827
chr7 15839
chr7 59001
chr7 6551
chr7 54322
chr7 30298
chr7 248
chr7 38
chr7 43714
chr7 258870
chr7 7987
chr7 12
chr7 68974
chr7 15371
chr7 272448
chr7 23883
chr7 232835
chr7 44898
chr7 61944
chr7 88189
chr7 29585
chr7 109387
chr7 63263
chr7 71672
chr7 43530
chr7 328
chr7 53716
chr7 125322
chr7 179164
chr7 40293
chr7 20652
chr7 8807
chr7 42
chr7 161125
chr7 4107
chr7 14855
chr7 160882
chr7 59917
chr7 61537
chr7 221974
chr7 34003
chr7 34327
chr7 6305
chr7 126474
chr7 5168
chr7 106595
chr7 8879
chr7 90042
chr7 37227
chr7 49749
chr7 58867
chr7 84719
chr7 22
chr7 68804
chr7 54679
chr7 82966
chr7 173911
chr7 1740
chr7 17102
chr7 119891
chr7 12626
chr7 16888
chr7 481
chr7 39887
chr7 15118
chr7 220185
chr7 43844
chr7 58623
chr7 88053
chr7 137716
chr7 30212
chr7 24171
chr7 149180
chr7 11303
chr7 134848
chr7 1470
chr7 603
chr7 47141
chr7 88393
chr7 4455
chr7 105624
chr7 10014
chr7 50371
chr7 83915
chr7 13295
chr7 3146
chr7 179580
chr7 61001
chr7 240891
chr7 41306
chr7 12871
chr7 81928
chr7 72282
chr7 137403
chr7 70040
chr7 38972
chr7 45188
chr7 19871
chr7 164
chr7 11946
chr7 25763
chr7 53430
chr7 33985
chr7 101548
chr7 1247
chr7 10684
chr7 144751
chr7 6805
chr7 21524
chr7 18128
chr7 7099
chr7 3983
chr7 713
chr7 220283
chr7 27260
chr7 152409
chr7 36264
chr7 40204
chr7 35101
chr7 46
chr7 145919
chr7 13898
chr7 8252
chr7 43923
chr7 11531
chr7 67450
chr7 81469
chr7 14821
chr7 193688
chr7 69877
chr7 19633
chr7 52998
chr7 127238
chr7 58374
chr7 15793
chr7 38
chr7 95228
chr7 8
chr7 250496
chr7 56115
chr7 38
chr7 164
chr7 6943
chr7 4425
chr7 111869
chr7 33295
chr7 39782
chr7 8815
chr7 156867
chr7 21339
chr7 5277
chr7 37362
chr7 17484
chr7 81
chr7 19146
chr7 55554
chr7 22659
chr7 468
chr7 44506
chr7 18803
chr7 263865
chr7 21562
chr7 121291
chr7 17395
chr7 45758
chr7 41687
chr7 29077
chr7 138
chr7 92620
chr7 119513
chr7 283
chr7 159437
chr7 87716
chr7 26382
chr7 53067
chr7 9689
chr7 130174
chr7 71448
chr7 21962
chr7 9104
chr7 89276
chr7 96734
chr7 4393
chr7 12790
chr7 71193
chr7 15201
chr7 4084
chr7 10884
chr7 65072
chr7 33572
chr7 16757
chr7 35254
chr7 69833
chr7 70717
chr7 99677
chr7 20845
chr7 136215
chr7 820
chr7 37937
chr7 55520
chr7 23537
chr7 111498
chr7 44063
chr7 8
chr7 8875
chr7 15339
chr7 82813
chr7 49751
chr7 4582
chr7 85412
chr7 29152
chr7 254
chr7 25949
chr7 15921
chr7 31925
chr7 25287
chr7 66859
chr7 50204
chr7 737
chr7 91573
chr7 8956
chr7 99803
chr7 17657
chr7 68137
chr7 89142
chr7 26422
chr7 63963
chr7 326083
chr7 116693
chr7 26376
chr7 41782
chr7 89932
chr7 30937
chr7 31796
chr7 12923
chr7 124050
chr7 16790
chr7 57732
chr7 44891
chr7 10410
chr7 88937
chr7 96651
chr7 67374
chr7 17240
chr7 5479
chr7 16742
chr7 6935
chr7 23930
chr7 39773
chr7 274745
chr7 5585
chr7 9371
chr7 158544
chr7 25281
chr7 1504
chr7 30915
chr7 16880
chr7 1254
chr7 56402
chr7 204
chr7 126301
chr7 24743
chr7 16584
chr7 255391
chr7 28545
chr7 6574
chr7 13148
chr7 15419
chr7 136017
chr7 12258
chr7 17342
chr7 27089
chr7 68818
chr7 56100
chr7 76538
chr7 3964
chr7 42421
chr7 86193
chr7 41133
chr7 43833
chr7 136870
chr7 100823
chr7 164847
chr7 124291
chr7 97480
chr7 1035
chr7 204671
chr7 15558
chr7 18310
chr7 38
chr7 71471
chr7 149878
chr7 36304
chr7 17881
chr7 3616
chr7 58380
chr7 29360
chr7 460
chr7 24972
chr7 10602
chr7 24783
chr7 91490
chr7 6502
chr7 235380
chr7 5241
chr7 516
chr7 59856
chr7 38314
chr7 34860
chr7 13512
chr7 31996
chr7 15767
chr7 52473
chr7 57290
chr7 81513
chr7 88920
chr7 13361
chr7 11010
chr7 10636
chr7 11955
chr7 42787
chr7 83216
chr7 53580
chr7 25052
chr7 24637
chr7 456
chr7 33304
chr7 68379
chr7 429068
chr7 98029
chr7 128838
chr7 87815
chr7 13318
chr7 39532
chr7 25
chr7 77943
chr7 12005
chr7 67
chr7 411663
chr7 100
chr7 331000
chr7 115233
chr7 25871
chr7 26704
chr7 58445
chr7 19014
chr7 36586
chr7 41005
chr7 73224
chr7 312205
chr7 530143
chr7 151034
chr7 103119
chr7 753908
chr7 899591
chr7 11623
chr7 7083
chr7 13272
chr7 56504
chr7 40836
chr7 34839
chr7 65
chr7 26590
chr7 17761
chr7 38
chr7 50729
chr7 154102
chr7 97079
chr7 9730
chr7 62166
chr7 19986
chr7 97520
chr7 48670
chr7 38656
chr7 23108
chr7 92076
chr7 74084
chr7 249
chr7 15959
chr7 53776
chr7 42809
chr7 17953
chr7 39030
chr7 38048
chr7 18238
chr7 3807
chr7 155298
chr7 22381
chr7 33257
chr7 9262
chr7 30564
chr7 18218
chr7 37920
chr7 28652
chr7 37880
chr7 20328
chr7 99951
chr7 47404
chr7 6535
chr7 40
chr7 28376
chr7 10220
chr7 46946
chr7 470
chr7 43218
chr7 28280
chr7 86213
chr7 27604
chr7 39589
chr7 59746
chr7 40523
chr7 6791
chr7 82625
chr7 300865
chr7 42307
chr7 59600
chr7 873
chr7 436619
chr7 120537
chr7 27263
chr7 18132
chr7 151794
chr7 19428
chr7 72028
chr7 114497
chr7 38999
chr7 133719
chr7 7459
chr7 47579
chr7 48
chr7 677
chr7 129736
chr7 78579
chr7 161481
chr7 4615
chr7 8821
chr7 116124
chr7 22
chr7 101055
chr7 122142
chr7 73801
chr7 96750
chr7 64581
chr7 23564
chr7 108732
chr7 195599
chr7 430576
chr7 114706
chr7 329475
chr7 9671
chr7 40683
chr7 169646
chr7 23390
chr7 16586
chr7 37840
chr7 27503
chr7 43054
chr7 3024
chr7 4687
chr7 232000
chr7 59500
chr7 29240
chr7 66373
chr7 42681
chr7 128165
chr7 33647
chr7 37736
chr7 36840
chr7 38778
chr7 133
chr7 57267
chr7 4699
chr7 55537
chr7 39749
chr7 15533
chr7 17466
chr7 37904
chr7 28474
chr7 67128
chr7 6080
chr7 8651
chr7 23046
chr7 77555
chr7 92220
chr7 13947
chr7 2884
chr7 17898
chr7 108628
chr7 176942
chr7 94377
chr7 69089
chr7 7603
chr7 16371
chr7 78
chr7 15289
chr7 78212
chr7 16104
chr7 168676
chr7 129546
chr7 5995
chr7 31249
chr7 34598
chr7 23904
chr7 48238
chr7 23879
chr7 45531
chr7 4406
chr7 34847
chr7 38302
chr7 33463
chr7 122102
chr7 208462
chr7 140095
chr7 78477
chr7 82462
chr7 107030
chr7 223512
chr7 908
chr7 60576
chr7 38639
chr7 14973
chr7 27701
chr7 32078
chr7 14789
chr7 5007
chr7 91848
chr7 7287
chr7 140620
chr7 5091
chr7 24472
chr7 42767
chr7 42062
chr7 74654
chr7 40207
chr7 51279
chr7 12429
chr7 67189
chr7 8494
chr7 123760
chr7 42528
chr7 855
chr7 10180
chr7 43378
chr7 35847
chr7 138106
chr7 120351
chr7 198496
chr7 188281
chr7 460
chr7 100207
chr7 140235
chr7 20462
chr7 3501
chr7 28459
chr7 43737
chr7 162043
chr7 14933
chr7 52854
chr7 172929
chr7 85261
chr7 91911
chr7 19348
chr7 59598
chr7 28636
chr7 4042
chr7 81110
chr7 40544
chr7 19661
chr7 45206
chr7 69423
chr7 20588
chr7 42145
chr7 34519
chr7 77624
chr7 20832
chr7 104895
chr7 55176
chr7 69525
chr7 23678
chr7 8314
chr7 6
chr7 55667
chr7 39695
chr7 18987
chr7 37318
chr7 26954
chr7 115474
chr7 86916
chr7 14871
chr7 22351
chr7 14208
chr7 55235
chr7 103046
chr7 21308
chr7 180883
chr7 171874
chr7 3445
chr7 201641
chr7 247259
chr7 47256
chr7 55068
chr7 190853
chr7 215818
chr7 45335
chr7 8543
chr7 92113
chr7 33676
chr7 4505
chr7 19203
chr7 140651
chr7 16075
chr7 28158
chr7 43723
chr7 20010
chr7 16474
chr7 157482
chr7 69160
chr7 89671
chr7 14630
chr7 102238
chr7 135679
chr7 70886
chr7 139900
chr7 43
chr7 39023
chr7 203
chr7 15885
chr7 69828
chr7 22466
chr7 18665
chr7 150805
chr7 56
chr7 73
chr7 45
chr7 23919
chr7 81016
chr7 2101
chr7 11705
chr7 21675
chr7 9911
chr7 22892
chr7 69111
chr7 59234
chr7 71707
chr7 8576
chr7 6218
chr7 31718
chr7 48724
chr7 31869
chr7 67
chr7 31121
chr7 55352
chr7 35053
chr7 94759
chr7 22735
chr7 88029
chr7 144
chr7 67478
chr7 56987
chr7 458430
chr7 76603
chr7 48909
chr7 34450
chr7 58054
chr7 93162
chr7 2250
chr7 32111
chr7 36483
chr7 31806
chr7 118662
chr7 145151
chr7 50977
chr7 152694
chr7 3317
chr7 15252
chr7 161120
chr7 102757
chr7 62075
chr7 123620
chr7 115730
chr7 29259
chr7 166653
chr7 21829
chr7 42430
chr7 40303
chr7 25386
chr7 38
chr7 8342
chr7 50780
chr7 79342
chr7 32887
chr7 47237
chr7 33697
chr7 23441
chr7 7712
chr7 93487
chr7 7689
chr7 177352
chr7 33927
chr7 45298
chr7 5285
chr7 31833
chr7 22726
chr7 29998
chr7 43791
chr7 73941
chr7 25396
chr7 181731
chr7 77654
chr7 13570
chr7 81687
chr7 33505
chr7 57805
chr7 146989
chr7 38687
chr7 252085
chr7 11733
chr7 18217
chr7 1445
chr7 83918
chr7 42552
chr7 2793
chr7 75124
chr7 135454
chr7 25475
chr7 45644
chr7 68069
chr7 4788
chr7 16594
chr7 35752
chr7 8387
chr7 1669
chr7 18594
chr7 42817
chr7 2217
chr7 16373
chr7 262514
chr7 30884
chr7 61004
chr7 107381
chr7 69350
chr7 34202
chr7 148207
chr7 91315
chr7 79777
chr7 97477
chr7 89094
chr7 102382
chr7 48113
chr7 38746
chr7 21243
chr7 60279
chr7 94507
chr7 5544
chr7 20146
chr7 19818
chr7 29
chr7 11438
chr7 49679
chr7 27019
chr7 16976
chr7 112245
chr7 66298
chr7 6501
chr7 29201
chr7 36809
chr7 60681
chr7 17534
chr7 41188
chr7 83804
chr7 109155
chr7 122961
chr7 55601
chr7 8023
chr7 23614
chr7 24065
chr7 8946
chr7 976141
chr7 118310
chr7 60121
chr7 432005
chr7 7297
chr7 487595
chr7 644307
chr7 352721
chr7 31070
chr7 131589
chr7 31723
chr7 16250
chr7 59744
chr7 18
chr7 34314
chr7 65385
chr7 25632
chr7 7521
chr7 430973
chr7 239523
chr7 237637
chr7 116817
chr7 358757
chr7 161536
chr7 110077
chr7 11130
chr7 22247
chr7 206674
chr7 311383
chr7 127
chr7 64327
chr7 42330
chr7 58582
chr7 352107
chr7 62461
chr7 113922
chr7 55367
chr7 24072
chr7 256242
chr7 94074
chr7 10594
chr7 170522
chr7 333074
chr7 128047
chr7 38788
chr7 51732
chr7 58425
chr7 69454
chr7 168
chr7 95962
chr7 342633
chr7 207559
chr7 73
chr7 24
chr7 205882
chr7 53009
chr7 77911
chr7 40689
chr7 17515
chr7 57623
chr7 13695
chr7 119119
chr7 105014
chr7 57935
chr7 82211
chr7 40999
chr7 29462
chr7 11427
chr7 42
chr7 50286
chr7 26856
chr7 14841
chr7 68917
chr7 54116
chr7 20835
chr7 48017
chr7 60392
chr7 69477
chr7 26953
chr7 51388
chr7 18072
chr7 60443
chr7 12
chr7 95061
chr7 53019
chr7 286632
chr7 197867
chr7 73608
chr7 13532
chr7 429659
chr7 482597
chr7 162344
chr7 82671
chr7 227880
chr7 283031
chr7 378658
chr7 426244
chr7 132528
chr7 4
chr7 81004
chr7 22592
chr7 15609
chr7 256299
chr7 51303
chr7 26462
chr7 20
chr7 57318
chr7 12854
chr7 98763
chr7 11404
chr7 12928
chr7 72678
chr7 386616
chr7 51738
chr7 49804
chr7 27775
chr7 74675
chr7 5510
chr7 18028
chr7 216797
chr7 159439
chr7 36856
chr7 37064
chr7 125507
chr7 61639
chr7 16056
chr7 21315
chr7 261194
chr7 58474
chr7 42791
chr7 36257
chr7 20838
chr7 2266
chr7 20507
chr7 33143
chr7 9563
chr7 20704
chr7 46940
chr7 501365
chr7 83426
chr7 47300
chr7 105341
chr7 47445
chr7 2340
chr7 282
chr7 28745
chr7 401025
chr7 91183
chr7 36695
chr7 43617
chr7 1450
chr7 44771
chr7 74711
chr7 15936
chr7 22309
chr7 40
chr7 24234
chr7 117210
chr7 5031
chr7 143730
chr7 143778
chr7 19819
chr7 338
chr7 71084
chr7 10978
chr7 20622
chr7 6739
chr7 3957
chr7 1408
chr7 63627
chr7 93837
chr7 101072
chr7 42065
chr7 155026
chr7 12487
chr7 19583
chr7 111438
chr7 22977
chr7 5808
chr7 1456
chr7 66487
chr7 77303
chr7 24809
chr7 13852
chr7 70459
chr7 75124
chr7 236392
chr7 5672
chr7 38223
chr7 40363
chr7 20322
chr7 130207
chr7 311
chr7 9701
chr7 24695
chr7 6322
chr7 1536
chr7 126285
chr7 20529
chr7 104563
chr7 118197
chr7 34601
chr7 39617
chr7 22632
chr7 27256
chr7 22482
chr7 11850
chr7 30235
chr7 76231
chr7 87627
chr7 23438
chr7 26919
chr7 4182
chr7 96723
chr7 13170
chr7 19283
chr7 119485
chr7 11160
chr7 88600
chr7 149222
chr7 73631
chr7 133694
chr7 18485
chr7 103636
chr7 86295
chr7 17348
chr7 38494
chr7 133900
chr7 42769
chr7 39127
chr7 483265
chr7 65729
chr7 3167
chr7 26257
chr7 204515
chr7 430218
chr7 119413
chr7 26250
chr7 4491
chr7 6793
chr7 173
chr7 109850
chr7 87840
chr7 68
chr7 189262
chr7 25834
chr7 13431
chr7 914
chr7 22336
chr7 22796
chr7 41
chr7 37277
chr7 1560
chr7 16754
chr7 155
chr7 23116
chr7 35980
chr7 9603
chr7 53361
chr7 152832
chr7 438295
chr7 541140
chr7 3
chr7 49728
chr7 63855
chr7 123
chr7 114721
chr7 451549
chr7 28836
chr7 182343
chr7 35470
chr7 34752
chr7 53013
chr7 29156
chr7 20548
chr7 8580
chr7 4941
chr7 50248
chr7 21598
chr7 170
chr7 18757
chr7 111833
chr7 42881
chr7 35929
chr7 59
chr7 2060
chr7 8950
chr7 6138
chr7 161019
chr7 12452
chr7 119079
chr7 3609
chr7 63528
chr7 119687
chr7 171
chr7 6821
chr7 4502
chr7 131584
chr7 28165
chr7 187325
chr7 130533
chr7 34108
chr7 22502
chr7 26541
chr7 23116
chr7 63394
chr7 38
chr7 64726
chr7 7213
chr7 1002
chr7 15860
chr7 2470
chr7 16220
chr7 81
chr7 462
chr7 19
chr7 446
chr7 3230
chr7 20633
chr7 31026
chr7 124050
chr7 6693
chr7 111781
chr7 24039
chr7 323430
chr7 1
chr7 93608
chr7 312835
chr7 38
chr7 533021
chr7 101083
chr7 46809
chr7 11593
chr7 72840
chr7 5
chr7 107542
chr7 10120
chr7 51
chr7 16149
chr7 70750
chr7 100579
chr7 1221
chr7 102001
chr7 162024
chr7 62777
chr7 270301
chr7 192483
chr7 20761
chr7 107011
chr7 37485
chr7 59
chr7 8160
chr7 516350
chr7 412713
chr7 10076
chr7 63348
chr7 86858
chr7 326475
chr7 107626
chr7 67999
chr7 32110
chr8 14156
chr8 92004
chr8 49039
chr8 43
chr8 4134
chr8 132501
chr8 119865
chr8 23069
chr8 247308
chr8 85073
chr8 229095
chr8 22143
chr8 24666
chr8 35168
chr8 63654
chr8 198915
chr8 84581
chr8 29962
chr8 7683
chr8 107318
chr8 6908
chr8 174072
chr8 85609
chr8 178655
chr8 50963
chr8 14544
chr8 9755
chr8 59676
chr8 15598
chr8 25283
chr8 33818
chr8 1209
chr8 25273
chr8 15598
chr8 57551
chr8 185850
chr8 136608
chr8 41106
chr8 135860
chr8 30467
chr8 66
chr8 23191
chr8 2160
chr8 37610
chr8 214453
chr8 2875
chr8 25056
chr8 66494
chr8 12974
chr8 56461
chr8 45460
chr8 12112
chr8 2749
chr8 86482
chr8 13122
chr8 46488
chr8 5019
chr8 1165
chr8 12742
chr8 5770
chr8 152397
chr8 18108
chr8 265247
chr8 87229
chr8 69945
chr8 24081
chr8 19700
chr8 166666
chr8 17175
chr8 13896
chr8 11700
chr8 479728
chr8 3664
chr8 178565
chr8 148005
chr8 10932
chr8 118508
chr8 26811
chr8 48948
chr8 10084
chr8 149710
chr8 31701
chr8 145545
chr8 30113
chr8 17456
chr8 16550
chr8 126179
chr8 10627
chr8 1
chr8 21209
chr8 11236
chr8 154811
chr8 53980
chr8 7300
chr8 156343
chr8 163584
chr8 189774
chr8 257148
chr8 108621
chr8 458444
chr8 159563
chr8 134387
chr8 196536
chr8 296055
chr8 106565
chr8 145179
chr8 14903
chr8 39397
chr8 201546
chr8 121945
chr8 79725
chr8 259774
chr8 14447
chr8 221046
chr8 159398
chr8 22392
chr8 15060
chr8 22598
chr8 59126
chr8 52819
chr8 496052
chr8 262
chr8 12887
chr8 26
chr8 3799
chr8 87680
chr8 4448
chr8 451080
chr8 6587
chr8 231858
chr8 68952
chr8 41950
chr8 31078
chr8 16714
chr8 61319
chr8 17586
chr8 285900
chr8 243764
chr8 65775
chr8 180529
chr8 22945
chr8 42373
chr8 77557
chr8 56161
chr8 85696
chr8 58016
chr8 129572
chr8 84543
chr8 40388
chr8 55135
chr8 154390
chr8 67892
chr8 75149
chr8 43473
chr8 116904
chr8 3057
chr8 23651
chr8 76050
chr8 655
chr8 5362
chr8 80132
chr8 39116
chr8 4102
chr8 70862
chr8 84843
chr8 104339
chr8 7469
chr8 20125
chr8 45813
chr8 19751
chr8 40795
chr8 28188
chr8 17120
chr8 3156
chr8 23320
chr8 9156
chr8 15053
chr8 115305
chr8 13327
chr8 112906
chr8 17197
chr8 9084
chr8 33911
chr8 58511
chr8 37828
chr8 26848
chr8 14249
chr8 14019
chr8 24475
chr8 5489
chr8 3860
chr8 34130
chr8 22057
chr8 19716
chr8 24114
chr8 77571
chr8 62853
chr8 58537
chr8 130395
chr8 159507
chr8 65437
chr8 483694
chr8 33127
chr8 20813
chr8 15506
chr8 6368
chr8 58270
chr8 16781
chr8 18556
chr8 16119
chr8 49931
chr8 86
chr8 22117
chr8 152178
chr8 6834
chr8 134523
chr8 97369
chr8 10611
chr8 18398
chr8 894
chr8 57028
chr8 56348
chr8 82540
chr8 12651
chr8 44437
chr8 11095
chr8 36136
chr8 15513
chr8 25163
chr8 28349
chr8 39140
chr8 10438
chr8 15450
chr8 49
chr8 34525
chr8 49857
chr8 17587
chr8 204214
chr8 63486
chr8 30725
chr8 19429
chr8 20617
chr8 182285
chr8 22800
chr8 525874
chr8 176057
chr8 196336
chr8 40242
chr8 120874
chr8 30438
chr8 11197
chr8 78930
chr8 77911
chr8 51
chr8 77060
chr8 180032
chr8 157220
chr8 234450
chr8 56642
chr8 275737
chr8 9363
chr8 51151
chr8 23227
chr8 34425
chr8 2930
chr8 8928
chr8 3683
chr8 126
chr8 14450
chr8 11303
chr8 90329
chr8 8740
chr8 319763
chr8 45868
chr8 13060
chr8 72420
chr8 30030
chr8 40597
chr8 53940
chr8 70178
chr8 27606
chr8 38522
chr8 199658
chr8 13637
chr8 170798
chr8 58486
chr8 73907
chr8 68903
chr8 4249
chr8 175
chr8 97668
chr8 102073
chr8 59376
chr8 168017
chr8 64279
chr8 5167
chr8 392322
chr8 236356
chr8 15582
chr8 8785
chr8 241714
chr8 33298
chr8 59469
chr8 72
chr8 488891
chr8 33488
chr8 25697
chr8 342215
chr8 72267
chr8 28632
chr8 148
chr8 307251
chr8 33358
chr8 62261
chr8 33541
chr8 7243
chr8 13164
chr8 26565
chr8 705
chr8 57616
chr8 17431
chr8 2943
chr8 19361
chr8 47898
chr8 54999
chr8 59690
chr8 2167
chr8 13142
chr8 102837
chr8 53660
chr8 278837
chr8 226908
chr8 82630
chr8 204691
chr8 79785
chr8 111023
chr8 9697
chr8 6788
chr8 24947
chr8 31080
chr8 31617
chr8 259787
chr8 46178
chr8 556878
chr8 90005
chr8 68151
chr8 8385
chr8 16047
chr8 5160
chr8 6361
chr8 97974
chr8 76154
chr8 138701
chr8 15716
chr8 62571
chr8 274048
chr8 263684
chr8 113021
chr8 82852
chr8 124503
chr8 77114
chr8 80996
chr8 465677
chr8 57924
chr8 14915
chr8 558385
chr8 65087
chr8 145665
chr8 37752
chr8 4331
chr8 120876
chr8 58
chr8 69575
chr8 55940
chr8 24935
chr8 351832
chr8 27296
chr8 16
chr8 186416
chr8 6
chr8 140411
chr8 261278
chr8 101991
chr8 69202
chr8 136747
chr8 39621
chr8 6171
chr8 90691
chr8 5220
chr8 3439
chr8 26926
chr8 80722
chr8 24566
chr8 14033
chr8 23348
chr8 63510
chr8 61214
chr8 47425
chr8 77794
chr8 3005
chr8 14837
chr8 129
chr8 36
chr8 47243
chr8 92076
chr8 206295
chr8 65949
chr8 24562
chr8 37574
chr8 63892
chr8 495742
chr8 27520
chr8 52988
chr8 127337
chr8 12180
chr8 52805
chr8 137473
chr8 1657
chr8 79882
chr8 51604
chr8 10348
chr8 222181
chr8 109647
chr8 198701
chr8 30848
chr8 33584
chr8 68948
chr8 29771
chr8 73016
chr8 17972
chr8 48203
chr8 53
chr8 20214
chr8 24613
chr8 142150
chr8 158156
chr8 40817
chr8 156747
chr8 41200
chr8 205511
chr8 7782
chr8 71272
chr8 157526
chr8 130126
chr8 169530
chr8 71631
chr8 70668
chr8 151126
chr8 92152
chr8 79192
chr8 18344
chr8 4306
chr8 17341
chr8 9034
chr8 54870
chr8 23723
chr8 73191
chr8 34230
chr8 31205
chr8 21354
chr8 78318
chr8 22598
chr8 23852
chr8 51984
chr8 11595
chr8 12856
chr8 40086
chr8 141354
chr8 46564
chr8 18476
chr8 43557
chr8 55335
chr8 79009
chr8 170
chr8 281923
chr8 92751
chr8 77396
chr8 103349
chr8 19583
chr8 25716
chr8 203
chr8 50232
chr8 180076
chr8 1039351
chr8 230538
chr8 13280
chr8 95108
chr8 16713
chr8 15742
chr8 7847
chr8 10185
chr8 27167
chr8 44843
chr8 17650
chr8 46473
chr8 86680
chr8 7660
chr8 78408
chr8 187065
chr8 3880
chr8 71079
chr8 223934
chr8 100032
chr8 67359
chr8 1816
chr8 110409
chr8 13462
chr8 59
chr8 54915
chr8 8350
chr8 179867
chr8 110401
chr8 123003
chr8 13107
chr8 52650
chr8 237
chr8 56503
chr8 32
chr8 50450
chr8 56204
chr8 54880
chr8 9383
chr8 101650
chr8 67857
chr8 9473
chr8 17077
chr8 121145
chr8 130795
chr8 217802
chr8 100
chr8 105649
chr8 79
chr8 73876
chr8 89695
chr8 717167
chr8 246018
chr8 219677
chr8 29317
chr8 7459
chr8 69326
chr8 59791
chr8 6026
chr8 5547
chr8 6917
chr8 4928
chr8 141360
chr8 7613
chr8 13365
chr8 118731
chr8 23033
chr8 55958
chr8 42364
chr8 2564229
chr8 203220
chr8 98322
chr8 19831
chr8 183
chr8 22607
chr8 19942
chr8 13647
chr8 8563
chr8 31934
chr8 18496
chr8 2095
chr8 26041
chr8 24599
chr8 96523
chr8 48362
chr8 125410
chr8 6906
chr8 473
chr8 32037
chr8 50118
chr8 73
chr8 113060
chr8 19888
chr8 14137
chr8 98815
chr8 5837
chr8 37614
chr8 36237
chr8 8795
chr8 48980
chr8 105832
chr8 145494
chr8 174709
chr8 29716
chr8 155239
chr8 136
chr8 2582
chr8 21279
chr8 26836
chr8 30
chr8 121963
chr8 23546
chr8 27926
chr8 18970
chr8 42431
chr8 8395
chr8 1249
chr8 34074
chr8 47003
chr8 29834
chr8 191036
chr8 179287
chr8 14698
chr8 38889
chr8 860
chr8 212835
chr8 16547
chr8 50258
chr8 178794
chr8 53154
chr8 19606
chr8 2329
chr8 65
chr8 176785
chr8 72
chr8 77610
chr8 209855
chr8 85013
chr8 22871
chr8 34099
chr8 12421
chr8 25151
chr8 749
chr8 16724
chr8 22443
chr8 102161
chr8 36550
chr8 80624
chr8 40950
chr8 13702
chr8 2825
chr8 15824
chr8 109
chr8 13112
chr8 39382
chr8 23034
chr8 88034
chr8 15528
chr8 24792
chr8 45692
chr8 19026
chr8 65
chr8 46036
chr8 91944
chr8 61723
chr8 8577
chr8 42519
chr8 69556
chr8 47499
chr8 103378
chr8 140673
chr8 73735
chr8 197
chr8 33073
chr8 106092
chr8 37582
chr8 123
chr8 36102
chr8 11441
chr8 135957
chr8 205188
chr8 9712
chr8 6563
chr8 17373
chr8 323034
chr8 123523
chr8 159228
chr8 120
chr8 174599
chr8 149867
chr8 46145
chr8 41
chr8 14174
chr8 1661
chr8 21095
chr8 25885
chr8 149827
chr8 118318
chr8 71555
chr8 10959
chr8 20546
chr8 41038
chr8 163770
chr8 24
chr8 10701
chr8 818
chr8 85255
chr8 111225
chr8 45013
chr8 1117
chr8 566407
chr8 76102
chr8 88634
chr8 17422
chr8 11340
chr8 244783
chr8 37642
chr8 9205
chr8 53329
chr8 83113
chr8 173290
chr8 64145
chr8 10391
chr8 90528
chr8 15786
chr8 52818
chr8 41973
chr8 7376
chr8 16081
chr8 39335
chr8 9539
chr8 12909
chr8 2623
chr8 230357
chr8 241392
chr8 8118
chr8 35178
chr8 78823
chr8 3183
chr8 79682
chr8 175
chr8 26806
chr8 50108
chr8 127570
chr8 193
chr8 81234
chr8 103530
chr8 39053
chr8 33227
chr8 44277
chr8 45545
chr8 20707
chr8 1902
chr8 19644
chr8 85838
chr8 85330
chr8 47781
chr8 132168
chr8 23833
chr8 172816
chr8 191
chr8 153348
chr8 46
chr8 67475
chr8 19756
chr8 43685
chr8 12022
chr8 83321
chr8 223533
chr8 10802
chr8 73208
chr8 18541
chr8 3273
chr8 88267
chr8 24739
chr8 11352
chr8 12829
chr8 48485
chr8 146710
chr8 86335
chr8 26677
chr8 523682
chr8 58057
chr8 30826
chr8 9453
chr8 32173
chr8 87018
chr8 63585
chr8 6264
chr8 12920
chr8 6879
chr8 61681
chr8 4608
chr8 208474
chr8 7144
chr8 60019
chr8 134145
chr8 1587
chr8 49530
chr8 19505
chr8 8926
chr8 43034
chr8 89145
chr8 80870
chr8 191246
chr8 14833
chr8 140621
chr8 2723
chr8 14507
chr8 94717
chr8 54285
chr8 64485
chr8 221767
chr8 96247
chr8 38858
chr8 10072
chr8 55535
chr8 66691
chr8 32364
chr8 7072
chr8 119257
chr8 99664
chr8 2357
chr8 21990
chr8 196003
chr8 168839
chr8 27043
chr8 9471
chr8 21934
chr8 56376
chr8 1743
chr8 102232
chr8 516
chr8 44689
chr8 8078
chr8 36946
chr8 3659
chr8 9739
chr8 9694
chr8 18096
chr8 350632
chr8 71842
chr8 21389
chr8 26891
chr8 81491
chr8 9215
chr8 8013
chr8 27996
chr8 57754
chr8 110582
chr8 343103
chr8 16783
chr8 91428
chr8 207964
chr8 21805
chr8 9011
chr8 30713
chr8 130002
chr8 154283
chr8 24769
chr8 122039
chr8 80010
chr8 82997
chr8 32267
chr8 5500
chr8 98
chr8 55321
chr8 42304
chr8 124552
chr8 97
chr8 213019
chr8 51138
chr8 13736
chr8 22129
chr8 18098
chr8 26332
chr8 77570
chr8 15073
chr8 79465
chr8 36380
chr8 125223
chr8 45303
chr8 46437
chr8 439
chr8 6042
chr8 27959
chr8 95794
chr8 6765
chr8 36
chr8 9496
chr8 22243
chr8 256055
chr8 68590
chr8 65655
chr8 19125
chr8 59694
chr8 164456
chr8 342327
chr8 327971
chr8 5471
chr8 226936
chr8 213081
chr8 133997
chr8 16557
chr8 30840
chr8 55056
chr8 16055
chr8 45549
chr8 105731
chr8 74
chr8 4650
chr8 10743
chr8 126422
chr8 29927
chr8 37478
chr8 242856
chr8 161538
chr8 30659
chr8 16206
chr8 14287
chr8 67
chr8 31412
chr8 310078
chr8 160656
chr8 88035
chr8 107142
chr8 90023
chr8 63686
chr8 6711
chr8 58356
chr8 81653
chr8 47474
chr8 152766
chr8 22535
chr8 8816
chr8 22929
chr8 160696
chr8 17435
chr8 46583
chr8 347795
chr8 156781
chr8 41798
chr8 28534
chr8 18524
chr8 119014
chr8 18697
chr8 39613
chr8 264
chr8 9418
chr8 23003
chr8 46146
chr8 12242
chr8 37098
chr8 38432
chr8 861
chr8 28235
chr8 3771
chr8 38
chr8 45534
chr8 31244
chr8 7282
chr8 3809
chr8 64
chr8 10559
chr8 222865
chr8 384
chr8 184706
chr8 7603
chr8 56491
chr8 16191
chr8 60580
chr8 36500
chr8 16118
chr8 153828
chr8 158616
chr8 27540
chr8 6081
chr8 115773
chr8 112155
chr8 99306
chr8 35243
chr8 3623
chr8 25964
chr8 84070
chr8 189142
chr8 29
chr8 99431
chr8 18327
chr8 63177
chr8 31875
chr8 24134
chr8 1670
chr8 58144
chr8 163243
chr8 79540
chr8 15493
chr8 52656
chr8 25071
chr8 25292
chr8 174
chr8 11847
chr8 57177
chr8 139250
chr8 105328
chr8 447040
chr8 40297
chr8 193909
chr8 35509
chr8 79738
chr8 13285
chr8 10982
chr8 32231
chr8 41414
chr8 46547
chr8 5161
chr8 3132
chr8 90020
chr8 46586
chr8 18480
chr8 17509
chr8 34287
chr8 11119
chr8 266675
chr8 55091
chr8 13402
chr8 60921
chr8 10852
chr8 50289
chr8 28407
chr8 42250
chr8 80962
chr8 163552
chr8 57511
chr8 26770
chr8 31828
chr8 21590
chr8 109432
chr8 588
chr8 165225
chr8 235290
chr8 268994
chr8 6908
chr8 1918
chr8 34127
chr8 30497
chr8 55096
chr8 72007
chr8 258261
chr8 6308
chr8 122422
chr8 674
chr8 19052
chr8 2860
chr8 28131
chr8 27018
chr8 1363
chr8 96708
chr8 162
chr8 72629
chr8 56929
chr8 37505
chr8 13195
chr8 254429
chr8 7593
chr8 75977
chr8 114211
chr8 17120
chr8 40624
chr8 22112
chr8 57179
chr8 414
chr8 80428
chr8 48970
chr8 68211
chr8 12
chr8 19999
chr8 61283
chr8 46498
chr8 56298
chr8 24571
chr8 68980
chr8 469
chr8 17431
chr8 35125
chr8 2531
chr8 166505
chr8 19692
chr8 59739
chr8 15052
chr8 69241
chr8 64675
chr8 26278
chr8 70193
chr8 33388
chr8 30351
chr8 55016
chr8 24772
chr8 4194
chr8 20095
chr8 58128
chr8 13185
chr8 22745
chr8 5237
chr8 5274
chr8 28494
chr8 54046
chr8 17520
chr8 33021
chr8 110009
chr8 15325
chr8 32458
chr8 114664
chr8 34887
chr8 98142
chr8 48074
chr8 38152
chr8 21005
chr8 68244
chr8 10
chr8 308160
chr8 87238
chr8 49319
chr8 38781
chr8 182612
chr8 128126
chr8 35674
chr8 2937
chr8 12269
chr8 16803
chr8 102670
chr8 1035
chr8 101915
chr8 79622
chr8 33727
chr8 220778
chr8 40859
chr8 32358
chr8 145755
chr8 2922
chr8 178985
chr8 4462
chr8 163829
chr8 22880
chr8 122163
chr8 35938
chr8 25027
chr8 154603
chr8 12554
chr8 55017
chr8 66783
chr8 23708
chr8 4086
chr8 3325
chr8 40453
chr8 55872
chr8 25008
chr8 10303
chr8 79610
chr8 394342
chr8 18848
chr8 115304
chr8 254
chr8 49524
chr8 14997
chr8 31604
chr8 15342
chr8 92888
chr8 58230
chr8 70323
chr8 31460
chr8 21439
chr8 110790
chr8 105875
chr8 10840
chr8 10082
chr8 19963
chr8 13757
chr8 995
chr8 12881
chr8 702
chr8 45703
chr8 64452
chr8 61818
chr8 73917
chr8 323957
chr8 17868
chr8 53913
chr8 20809
chr8 82784
chr8 28768
chr8 9103
chr8 97807
chr8 26623
chr8 6672
chr8 24177
chr8 94
chr8 106185
chr8 5537
chr8 5936
chr8 8093
chr8 27655
chr8 15814
chr8 18571
chr8 20031
chr8 7118
chr8 30784
chr8 64986
chr8 28969
chr8 18062
chr8 177419
chr8 36648
chr8 14612
chr8 47785
chr8 136413
chr8 2310
chr8 29800
chr8 90787
chr8 17208
chr8 12080
chr8 15161
chr8 12079
chr8 24267
chr8 45501
chr8 49908
chr8 55306
chr8 102003
chr8 75927
chr8 16430
chr8 154828
chr8 151204
chr8 224
chr8 111058
chr8 10452
chr8 71190
chr8 21192
chr8 7956
chr8 17946
chr8 38527
chr8 90046
chr8 110158
chr8 122453
chr8 186455
chr8 9650
chr8 30478
chr8 23471
chr8 2939
chr8 23228
chr8 8324
chr8 6748
chr8 21126
chr8 23156
chr8 51510
chr8 17880
chr8 8238
chr8 45856
chr8 14893
chr8 100541
chr8 66150
chr8 22419
chr8 10233
chr8 37397
chr8 28209
chr8 60755
chr8 182644
chr8 38196
chr8 58963
chr8 182911
chr8 2542
chr8 118133
chr8 34602
chr8 30028
chr8 42626
chr8 8239
chr8 111828
chr8 134067
chr8 12210
chr8 11343
chr8 4618
chr8 48025
chr8 73967
chr8 45305
chr8 8528
chr8 205
chr8 58193
chr8 63004
chr8 15096
chr8 24215
chr8 31669
chr8 106254
chr8 49203
chr8 958
chr8 49548
chr8 9263
chr8 75
chr8 3500
chr8 65484
chr8 51
chr8 42280
chr8 155
chr8 103929
chr8 3528
chr8 17828
chr8 1
chr8 35837
chr8 89206
chr8 173513
chr8 63257
chr8 10313
chr8 159014
chr8 59673
chr8 38
chr8 90235
chr8 20739
chr8 38
chr8 11195
chr8 624
chr8 92444
chr8 27687
chr8 205329
chr8 9429
chr8 23664
chr8 394990
chr8 206
chr8 72143
chr8 135251
chr8 38
chr8 2856
chr8 61272
chr8 31861
chr8 41405
chr8 44210
chr8 34942
chr8 7386
chr8 69890
chr8 41859
chr8 83369
chr8 23020
chr8 24935
chr8 65977
chr8 193391
chr8 101
chr8 37209
chr8 93239
chr8 1035
chr8 37244
chr8 37176
chr8 17179
chr8 144
chr8 44712
chr8 28075
chr8 102616
chr8 44088
chr8 176554
chr8 38
chr8 56954
chr8 84372
chr8 66971
chr8 55800
chr8 82368
chr8 147257
chr8 223224
chr8 57261
chr8 39949
chr8 29062
chr8 61446
chr8 26206
chr8 31795
chr8 104736
chr8 172102
chr8 17118
chr8 39676
chr8 46199
chr8 34104
chr8 47277
chr8 72334
chr8 91101
chr8 29174
chr8 13080
chr8 78186
chr8 104662
chr8 254354
chr8 331764
chr8 6403
chr8 5006
chr8 69871
chr8 54376
chr8 43747
chr8 155099
chr8 3465
chr8 2768
chr8 51022
chr8 7159
chr8 743
chr8 38864
chr8 40498
chr8 5738
chr8 153934
chr8 10265
chr8 123476
chr8 38896
chr8 6790
chr8 148272
chr8 26228
chr8 72758
chr8 14873
chr8 7705
chr8 222732
chr8 50998
chr8 278253
chr8 75915
chr8 71759
chr8 15750
chr8 53
chr8 12005
chr8 27794
chr8 84589
chr8 3
chr8 282686
chr8 6779
chr8 48674
chr8 37820
chr8 13594
chr8 24524
chr8 27748
chr8 40454
chr8 38
chr8 13498
chr8 10049
chr8 223907
chr8 222113
chr8 30995
chr8 476301
chr8 11484
chr8 72002
chr8 71999
chr8 59563
chr8 28486
chr8 34173
chr8 50
chr8 33786
chr8 56948
chr8 179912
chr8 2851
chr8 14115
chr8 25875
chr8 111737
chr8 85109
chr8 17325
chr8 171
chr8 64758
chr8 37373
chr8 18329
chr8 28774
chr8 9870
chr8 51567
chr8 21520
chr8 2727
chr8 27986
chr8 14400
chr8 2258
chr8 11670
chr8 9351
chr8 53732
chr8 80265
chr8 158503
chr8 69942
chr8 187
chr8 22133
chr8 39723
chr8 78192
chr8 225533
chr8 288532
chr8 43827
chr8 185566
chr8 161297
chr8 320964
chr8 90762
chr8 165837
chr8 4113
chr8 97804
chr8 16417
chr8 249171
chr8 744
chr8 39271
chr8 121138
chr8 83
chr8 11453
chr8 184073
chr8 143
chr8 291341
chr8 5347
chr8 478541
chr8 169861
chr8 34
chr8 24124
chr8 72631
chr8 15180
chr8 6459
chr8 133216
chr8 6244
chr8 49838
chr8 8143
chr8 60623
chr8 18555
chr8 50016
chr8 23958
chr8 55930
chr8 41932
chr8 61238
chr8 158722
chr8 100220
chr8 80163
chr8 259862
chr8 29310
chr8 99149
chr8 66161
chr8 79981
chr8 124301
chr8 13542
chr8 47293
chr8 9665
chr8 31503
chr8 36715
chr8 2422
chr8 18874
chr8 102070
chr8 147079
chr8 52262
chr8 67
chr8 44556
chr8 241974
chr8 286523
chr8 19547
chr8 14400
chr8 102573
chr8 48121
chr8 38092
chr8 52604
chr8 234390
chr8 122176
chr8 104732
chr8 90720
chr8 18030
chr8 104775
chr8 7244
chr8 34595
chr8 33262
chr8 44384
chr8 52230
chr8 1627
chr8 186522
chr8 224826
chr8 4883
chr8 103
chr8 78588
chr8 54118
chr8 119326
chr8 87189
chr8 7686
chr8 8071
chr8 4891
chr8 35284
chr8 17055
chr8 35412
chr8 76241
chr8 12666
chr8 6908
chr8 27583
chr8 10211
chr8 5044
chr8 24319
chr8 19786
chr8 17760
chr8 32279
chr8 12323
chr8 38332
chr8 163643
chr8 9191
chr8 3430
chr8 112961
chr8 28276
chr8 67094
chr8 67838
chr8 14764
chr8 28200
chr8 140521
chr8 14610
chr8 73717
chr8 44191
chr8 9990
chr8 66802
chr8 9088
chr8 89108
chr8 51761
chr8 3902
chr8 70389
chr8 48067
chr8 39594
chr8 34941
chr8 149425
chr8 86957
chr8 156183
chr8 21223
chr8 18273
chr8 61650
chr8 129091
chr8 6798
chr8 41406
chr8 1426
chr8 70411
chr8 38268
chr8 5492
chr8 670
chr8 24857
chr8 3726
chr8 29434
chr8 12270
chr8 65989
chr8 42030
chr8 11996
chr8 130323
chr8 29442
chr8 30510
chr8 229436
chr8 119244
chr8 58938
chr8 15844
chr8 172650
chr8 33346
chr8 25049
chr8 253096
chr8 11403
chr8 58490
chr8 79
chr8 18
chr8 19334
chr8 60720
chr8 18940
chr8 18076
chr8 74185
chr8 14889
chr8 75404
chr8 36279
chr8 58103
chr8 6312
chr8 5223
chr8 98047
chr8 23513
chr8 29613
chr8 23880
chr8 44254
chr8 20105
chr8 2851
chr8 71442
chr8 61039
chr8 48980
chr8 167165
chr8 126342
chr8 33990
chr8 89152
chr8 82969
chr8 9898
chr8 270127
chr8 26332
chr8 76459
chr8 7255
chr8 237800
chr8 19396
chr8 49064
chr8 6206
chr8 65827
chr8 25380
chr8 47836
chr8 117472
chr8 40419
chr8 170941
chr8 90231
chr8 18278
chr8 5163
chr8 12110
chr8 24222
chr8 268518
chr8 118776
chr8 24085
chr8 35417
chr8 12488
chr8 224
chr8 18870
chr8 43556
chr8 35940
chr8 97007
chr8 4822
chr8 3994
chr8 126352
chr8 37389
chr8 20492
chr8 17503
chr8 169860
chr8 4474
chr8 14
chr8 29790
chr8 53539
chr8 68072
chr8 143823
chr8 254653
chr8 10264
chr8 56382
chr8 41120
chr8 87661
chr8 154194
chr8 160448
chr8 137
chr8 35531
chr8 12729
chr8 51242
chr8 19456
chr8 67028
chr8 81663
chr8 345762
chr8 63869
chr8 12124
chr8 36287
chr8 1067
chr8 156911
chr8 15433
chr8 59659
chr8 55175
chr8 38121
chr8 27448
chr8 50198
chr8 9443
chr8 41846
chr8 12350
chr8 66615
chr8 11481
chr8 68506
chr8 33373
chr8 106075
chr8 7394
chr8 277217
chr8 4012
chr8 92336
chr8 11074
chr8 31456
chr8 51648
chr8 65075
chr8 16233
chr8 33649
chr8 137314
chr8 190705
chr8 227
chr8 101358
chr8 29163
chr8 23920
chr8 68634
chr8 17032
chr8 1878
chr8 26429
chr8 8741
chr8 38181
chr8 69
chr8 17976
chr8 77802
chr8 7299
chr8 105496
chr8 14412
chr8 44561
chr8 13466
chr8 14616
chr8 64874
chr8 4909
chr8 278246
chr8 3730
chr8 144
chr8 11639
chr8 110829
chr8 11058
chr8 26717
chr8 158146
chr8 193691
chr8 11022
chr8 96
chr8 39593
chr8 3034
chr8 46645
chr8 23866
chr8 18876
chr8 2
chr8 36810
chr8 4107
chr8 114692
chr8 104385
chr8 55618
chr8 22949
chr8 60116
chr8 166336
chr8 108467
chr8 28017
chr8 25682
chr8 71150
chr8 28496
chr8 97408
chr8 97884
chr8 46052
chr8 31299
chr8 103344
chr8 77091
chr8 308454
chr8 93773
chr8 27712
chr8 22294
chr8 145178
chr8 280
chr8 58887
chr8 17125
chr8 6900
chr8 114165
chr8 6285
chr8 3180
chr8 15507
chr8 27134
chr8 23666
chr8 10062
chr8 41635
chr8 36219
chr8 5403
chr8 197099
chr8 182178
chr8 42350
chr8 5461
chr8 384551
chr8 168618
chr8 31207
chr8 15284
chr8 12283
chr8 96387
chr8 38718
chr8 74994
chr8 207104
chr8 255803
chr8 97280
chr8 30767
chr8 431997
chr8 29802
chr8 321012
chr8 204775
chr8 82540
chr8 8750
chr8 46821
chr8 177725
chr8 21198
chr8 80706
chr8 31085
chr8 104439
chr8 50233
chr8 19447
chr8 79808
chr8 3217
chr8 18566
chr8 67881
chr8 117974
chr8 2
chr8 8231
chr8 141450
chr8 169136
chr8 78272
chr8 20678
chr8 104362
chr8 52320
chr8 4024
chr8 8535
chr8 53585
chr8 69755
chr8 22638
chr8 41684
chr8 5498
chr8 12236
chr8 24170
chr8 51922
chr8 7980
chr8 43378
chr8 17115
chr8 119973
chr8 16505
chr8 85959
chr8 27328
chr8 37579
chr8 14446
chr8 7034
chr8 206340
chr8 66052
chr8 421167
chr8 92618
chr8 7527
chr8 221624
chr8 82097
chr8 104589
chr8 41260
chr8 34358
chr8 26385
chr8 85860
chr8 23159
chr8 18242
chr8 86846
chr8 248727
chr8 161033
chr8 87152
chr8 19510
chr8 5698
chr8 15866
chr8 24137
chr8 6582
chr8 66455
chr8 10267
chr8 9107
chr8 67239
chr8 101302
chr8 418741
chr8 183791
chr8 28907
chr8 183617
chr8 32051
chr8 266885
chr8 77726
chr8 108146
chr8 23248
chr8 24475
chr8 9862
chr8 31322
chr8 10030
chr8 17395
chr8 112684
chr8 13651
chr8 7951
chr8 46545
chr8 93719
chr8 115445
chr8 1434
chr8 30747
chr8 82578
chr8 21772
chr8 556
chr8 18689
chr8 4997
chr8 88126
chr8 191588
chr8 63013
chr8 75449
chr8 43983
chr8 260989
chr8 29970
chr8 18378
chr8 2299
chr8 240398
chr8 417095
chr8 34414
chr8 51474
chr8 18
chr8 134791
chr8 267004
chr8 51053
chr8 19263
chr8 1671
chr8 132446
chr8 24360
chr8 38691
chr8 86779
chr8 112513
chr8 44
chr8 6044
chr8 34579
chr8 22393
chr8 184674
chr8 152088
chr8 281
chr8 12347
chr8 226894
chr8 87914
chr8 156552
chr8 189532
chr8 214350
chr8 126951
chr8 120731
chr8 31793
chr8 18487
chr8 1139
chr8 208173
chr8 44394
chr8 59179
chr8 2437
chr8 35069
chr8 24876
chr8 33
chr8 476878
chr8 327419
chr8 28577
chr8 7776
chr8 2692
chr8 182242
chr8 139244
chr8 11468
chr8 19087
chr8 950
chr8 103161
chr8 59519
chr8 10357
chr8 63310
chr8 132
chr8 28799
chr8 44628
chr8 73762
chr8 5695
chr8 59098
chr8 93119
chr8 71483
chr8 12304
chr8 66786
chr8 1186
chr8 25529
chr8 90872
chr8 63313
chr8 51375
chr8 50235
chr8 178024
chr8 9618
chr8 141657
chr8 42301
chr8 111957
chr8 244199
chr8 25421
chr8 138219
chr8 60245
chr8 9772
chr8 317046
chr8 315712
chr8 159282
chr8 62349
chr8 70457
chr8 94383
chr8 29709
chr8 61339
chr8 17981
chr8 355594
chr8 48339
chr8 77215
chr8 368293
chr8 530728
chr8 38128
chr8 473
chr8 95518
chr8 55047
chr8 7118
chr8 30789
chr8 4251
chr8 91
chr8 254832
chr8 243
chr8 242514
chr8 20009
chr8 64
chr8 163103
chr8 63571
chr8 22386
chr8 21908
chr8 158047
chr8 47443
chr8 3
chr8 100
chr8 258
chr8 97
chr8 97
chr8 928
chr8 151
chr8 802170
chr8 104232
chr8 558573
chr8 79081
chr8 419263
chr9 8246
chr9 103631
chr9 264022
chr9 251429
chr9 111336
chr9 84902
chr9 208409
chr9 123400
chr9 20666
chr9 188505
chr9 7954
chr9 92927
chr9 63799
chr9 4613
chr9 13401
chr9 10131
chr9 101278
chr9 60988
chr9 9550
chr9 13276
chr9 26723
chr9 42252
chr9 10862
chr9 6060
chr9 57801
chr9 8196
chr9 398660
chr9 67717
chr9 33713
chr9 83887
chr9 26435
chr9 165178
chr9 6280
chr9 13103
chr9 49704
chr9 120902
chr9 29091
chr9 129817
chr9 63537
chr9 20957
chr9 5011
chr9 159281
chr9 11647
chr9 22758
chr9 11818
chr9 24122
chr9 18590
chr9 140581
chr9 20002
chr9 61338
chr9 23206
chr9 43407
chr9 10238
chr9 165959
chr9 188526
chr9 135542
chr9 135770
chr9 131735
chr9 18636
chr9 64203
chr9 25963
chr9 48555
chr9 49272
chr9 114001
chr9 10315
chr9 110537
chr9 18867
chr9 32515
chr9 167958
chr9 22551
chr9 17065
chr9 90619
chr9 7691
chr9 28178
chr9 16238
chr9 17275
chr9 15138
chr9 38124
chr9 36594
chr9 38750
chr9 228
chr9 25913
chr9 22684
chr9 42870
chr9 34747
chr9 9405
chr9 95743
chr9 105716
chr9 56993
chr9 41858
chr9 102942
chr9 70305
chr9 1034
chr9 42989
chr9 107557
chr9 92703
chr9 40364
chr9 40301
chr9 5144
chr9 67599
chr9 3691
chr9 303021
chr9 58498
chr9 203488
chr9 130900
chr9 66380
chr9 31007
chr9 182003
chr9 49519
chr9 52267
chr9 17245
chr9 19695
chr9 57860
chr9 86277
chr9 48259
chr9 68474
chr9 32436
chr9 17278
chr9 59520
chr9 56805
chr9 70745
chr9 29362
chr9 94985
chr9 1038
chr9 138210
chr9 225084
chr9 300200
chr9 64295
chr9 40420
chr9 53982
chr9 43212
chr9 18990
chr9 95920
chr9 65047
chr9 101
chr9 77794
chr9 14879
chr9 3894
chr9 1357
chr9 24400
chr9 62904
chr9 55146
chr9 92236
chr9 77777
chr9 12
chr9 58279
chr9 54
chr9 25478
chr9 28030
chr9 58654
chr9 9158
chr9 99069
chr9 55600
chr9 26853
chr9 4840
chr9 26695
chr9 46655
chr9 52043
chr9 155652
chr9 70983
chr9 45777
chr9 35589
chr9 9364
chr9 2523
chr9 6710
chr9 9635
chr9 4022
chr9 16843
chr9 20651
chr9 250
chr9 30362
chr9 66
chr9 7312
chr9 10815
chr9 141847
chr9 6888
chr9 15292
chr9 4576
chr9 15284
chr9 6666
chr9 13801
chr9 4430
chr9 8176
chr9 24929
chr9 23131
chr9 227
chr9 6455
chr9 5131
chr9 44896
chr9 45091
chr9 4554
chr9 28568
chr9 8322
chr9 131103
chr9 489
chr9 94159
chr9 33917
chr9 7
chr9 38739
chr9 32934
chr9 157803
chr9 49494
chr9 15620
chr9 27550
chr9 55071
chr9 4281
chr9 115
chr9 1146
chr9 10587
chr9 20144
chr9 196
chr9 53294
chr9 53283
chr9 70057
chr9 2615
chr9 52615
chr9 8555
chr9 82226
chr9 94031
chr9 126145
chr9 9333
chr9 20285
chr9 63890
chr9 36497
chr9 2095
chr9 6479
chr9 57883
chr9 31109
chr9 70550
chr9 6793
chr9 27018
chr9 198442
chr9 107530
chr9 15733
chr9 9192
chr9 25986
chr9 43613
chr9 39297
chr9 210858
chr9 106924
chr9 38521
chr9 62312
chr9 2
chr9 2417
chr9 4101
chr9 18870
chr9 222075
chr9 11265
chr9 85748
chr9 47090
chr9 3259
chr9 82611
chr9 8160
chr9 64
chr9 18300
chr9 76651
chr9 15674
chr9 47337
chr9 285
chr9 319113
chr9 82080
chr9 10161
chr9 112230
chr9 29150
chr9 83932
chr9 113732
chr9 20458
chr9 25820
chr9 4121
chr9 20065
chr9 20600
chr9 64103
chr9 42429
chr9 7513
chr9 18800
chr9 15470
chr9 16901
chr9 4472
chr9 303929
chr9 178894
chr9 10510
chr9 26861
chr9 12355
chr9 7968
chr9 30534
chr9 3350
chr9 12542
chr9 4659
chr9 16305
chr9 81146
chr9 36851
chr9 118666
chr9 2030
chr9 34210
chr9 2821
chr9 15118
chr9 31130
chr9 11841
chr9 83747
chr9 96844
chr9 2718
chr9 39005
chr9 148459
chr9 5169
chr9 111522
chr9 560332
chr9 16604
chr9 59977
chr9 16728
chr9 49626
chr9 58180
chr9 5941
chr9 97894
chr9 1553
chr9 166555
chr9 15743
chr9 24485
chr9 6288
chr9 12
chr9 65074
chr9 35755
chr9 146
chr9 4688
chr9 45933
chr9 8489
chr9 19113
chr9 62623
chr9 211086
chr9 36461
chr9 22353
chr9 78638
chr9 3765
chr9 99044
chr9 29048
chr9 2889
chr9 7673
chr9 211231
chr9 35445
chr9 49443
chr9 36685
chr9 194522
chr9 25657
chr9 56
chr9 96174
chr9 30001
chr9 13026
chr9 19601
chr9 11537
chr9 2377
chr9 226851
chr9 153003
chr9 80447
chr9 35082
chr9 142840
chr9 58286
chr9 24500
chr9 35517
chr9 28774
chr9 84172
chr9 54763
chr9 46379
chr9 9724
chr9 42796
chr9 21
chr9 38689
chr9 6081
chr9 56161
chr9 17526
chr9 47089
chr9 48115
chr9 87954
chr9 205268
chr9 17756
chr9 143910
chr9 24884
chr9 37324
chr9 32683
chr9 71874
chr9 38964
chr9 20708
chr9 168136
chr9 94136
chr9 169
chr9 799
chr9 22308
chr9 22685
chr9 2658
chr9 73765
chr9 1018
chr9 112011
chr9 202342
chr9 34986
chr9 24757
chr9 9350
chr9 73
chr9 48939
chr9 38303
chr9 55404
chr9 12292
chr9 7248
chr9 4513
chr9 15274
chr9 99981
chr9 52217
chr9 22752
chr9 92923
chr9 145495
chr9 796
chr9 152790
chr9 20435
chr9 34
chr9 28567
chr9 3295
chr9 42458
chr9 29
chr9 55260
chr9 92662
chr9 8806
chr9 8757
chr9 18171
chr9 2674
chr9 13816
chr9 209
chr9 10289
chr9 97646
chr9 75801
chr9 52094
chr9 53299
chr9 18078
chr9 23996
chr9 20228
chr9 91495
chr9 29677
chr9 120
chr9 3730
chr9 60122
chr9 203097
chr9 27838
chr9 78503
chr9 49898
chr9 38747
chr9 144435
chr9 156340
chr9 37897
chr9 13590
chr9 53344
chr9 52076
chr9 13020
chr9 26988
chr9 7380
chr9 44035
chr9 42101
chr9 28592
chr9 10278
chr9 45664
chr9 19190
chr9 13
chr9 161094
chr9 64474
chr9 17131
chr9 6715
chr9 13620
chr9 67987
chr9 5592
chr9 8539
chr9 97639
chr9 27201
chr9 10590
chr9 25340
chr9 99103
chr9 20259
chr9 18050
chr9 49599
chr9 14108
chr9 110
chr9 8968
chr9 13
chr9 18638
chr9 2166
chr9 12795
chr9 6836
chr9 56452
chr9 3730
chr9 24387
chr9 57815
chr9 3928
chr9 157
chr9 7705
chr9 157523
chr9 106274
chr9 217802
chr9 100432
chr9 19169
chr9 59043
chr9 33898
chr9 15460
chr9 15
chr9 10351
chr9 157093
chr9 77341
chr9 95010
chr9 70897
chr9 27
chr9 97956
chr9 11278
chr9 63602
chr9 35130
chr9 71282
chr9 62
chr9 49035
chr9 58598
chr9 337384
chr9 21858
chr9 22318
chr9 6948
chr9 30842
chr9 60138
chr9 259967
chr9 33060
chr9 144324
chr9 12202
chr9 12619
chr9 14188
chr9 36142
chr9 70145
chr9 64952
chr9 21254
chr9 104456
chr9 18565
chr9 4
chr9 6760
chr9 191212
chr9 140
chr9 91406
chr9 7246
chr9 1603
chr9 83863
chr9 63541
chr9 73152
chr9 4469
chr9 54073
chr9 53085
chr9 150442
chr9 101881
chr9 12022
chr9 75269
chr9 30973
chr9 10620
chr9 150786
chr9 16023
chr9 62385
chr9 11497
chr9 3085
chr9 15560
chr9 43509
chr9 27414
chr9 24536
chr9 104314
chr9 49997
chr9 46712
chr9 47
chr9 54228
chr9 58436
chr9 38939
chr9 34658
chr9 129033
chr9 2299
chr9 13455
chr9 5729
chr9 91914
chr9 53067
chr9 5208
chr9 15452
chr9 58
chr9 28586
chr9 2922
chr9 122259
chr9 501
chr9 42865
chr9 42772
chr9 12848
chr9 16157
chr9 44134
chr9 44045
chr9 27872
chr9 13132
chr9 6121
chr9 17322
chr9 26515
chr9 45073
chr9 4841
chr9 20692
chr9 77165
chr9 33101
chr9 38458
chr9 19790
chr9 74297
chr9 6000
chr9 41463
chr9 11595
chr9 40737
chr9 4
chr9 4240
chr9 110
chr9 45966
chr9 41455
chr9 11047
chr9 26728
chr9 105601
chr9 66326
chr9 19366
chr9 9065
chr9 28802
chr9 375
chr9 32414
chr9 106544
chr9 20278
chr9 72494
chr9 40989
chr9 22861
chr9 39620
chr9 116376
chr9 23
chr9 33539
chr9 33680
chr9 15343
chr9 13049
chr9 37912
chr9 3490
chr9 3906
chr9 43274
chr9 74223
chr9 20386
chr9 79781
chr9 219044
chr9 70517
chr9 77465
chr9 97806
chr9 4837
chr9 214667
chr9 10862
chr9 42903
chr9 12300
chr9 22368
chr9 84715
chr9 7732
chr9 92105
chr9 18
chr9 74
chr9 203929
chr9 170001
chr9 70302
chr9 3945
chr9 11774
chr9 28527
chr9 54604
chr9 798485
chr9 275121
chr9 43438
chr9 55
chr9 38378
chr9 58510
chr9 6875
chr9 68920
chr9 179923
chr9 29352
chr9 16931
chr9 812915
chr9 28838
chr9 454408
chr9 221995
chr9 341
chr9 9788
chr9 2606
chr9 189
chr9 444257
chr9 412895
chr9 292946
chr9 385882
chr9 8516
chr9 409562
chr9 52957
chr9 7645
chr9 102480
chr9 56
chr9 31268
chr9 6173
chr9 52272
chr9 139376
chr9 78586
chr9 11803
chr9 63739
chr9 92485
chr9 159167
chr9 234216
chr9 136145
chr9 89820
chr9 43143
chr9 41349
chr9 67735
chr9 17970
chr9 83620
chr9 27393
chr9 9164
chr9 18
chr9 94493
chr9 60229
chr9 170511
chr9 20700
chr9 15343
chr9 30169
chr9 56759
chr9 3316
chr9 185479
chr9 580
chr9 11205
chr9 68522
chr9 153296
chr9 97957
chr9 4228
chr9 23206
chr9 13900
chr9 5221
chr9 15729
chr9 2074
chr9 69316
chr9 41097
chr9 42223
chr9 1200
chr9 80953
chr9 9305
chr9 8
chr9 58942
chr9 186206
chr9 136003
chr9 24
chr9 96092
chr9 158253
chr9 85825
chr9 152034
chr9 330479
chr9 278
chr9 106368
chr9 128333
chr9 59818
chr9 172449
chr9 23055
chr9 2436
chr9 12798
chr9 17655339
chr9 157842
chr9 117583
chr9 132247
chr9 75551
chr9 418200
chr9 176041
chr9 8070
chr9 52679
chr9 49657
chr9 25
chr9 138086
chr9 1189
chr9 88333
chr9 28
chr9 104667
chr9 5655
chr9 117272
chr9 148
chr9 241478
chr9 4213
chr9 23241
chr9 13841
chr9 81356
chr9 68726
chr9 20679
chr9 155332
chr9 87418
chr9 134213
chr9 20698
chr9 15492
chr9 30339
chr9 113055
chr9 43619
chr9 40727
chr9 69658
chr9 11832
chr9 5215
chr9 13882
chr9 18646
chr9 4212
chr9 51939
chr9 136133
chr9 111882
chr9 295210
chr9 125004
chr9 60139
chr9 72
chr9 153696
chr9 20676
chr9 46117
chr9 56813
chr9 3320
chr9 357931
chr9 20674
chr9 15446
chr9 528938
chr9 20722
chr9 133556
chr9 59853
chr9 337
chr9 94467
chr9 36562
chr9 83601
chr9 86252
chr9 41441
chr9 42554
chr9 1198
chr9 225604
chr9 146
chr9 364414
chr9 157777
chr9 11700
chr9 96124
chr9 136072
chr9 52291
chr9 37567
chr9 49811
chr9 52849
chr9 8071
chr9 168165
chr9 59255
chr9 18
chr9 75451
chr9 36591
chr9 355846
chr9 228975
chr9 82556
chr9 112602
chr9 97119
chr9 54649
chr9 80481
chr9 356
chr9 37852
chr9 90400
chr9 215542
chr9 14343
chr9 77084
chr9 44796
chr9 20933
chr9 55291
chr9 86257
chr9 21452
chr9 33498
chr9 48139
chr9 93761
chr9 62673
chr9 64011
chr9 216358
chr9 89162
chr9 33125
chr9 6200
chr9 289255
chr9 110774
chr9 67946
chr9 17868
chr9 27077
chr9 130902
chr9 2106
chr9 65716
chr9 10146
chr9 124688
chr9 102630
chr9 7955
chr9 36219
chr9 17359
chr9 78800
chr9 7533
chr9 31829
chr9 35482
chr9 96
chr9 87724
chr9 10816
chr9 4093
chr9 237551
chr9 346262
chr9 16196
chr9 36800
chr9 42750
chr9 132080
chr9 124557
chr9 59953
chr9 254528
chr9 35786
chr9 27182
chr9 130689
chr9 14084
chr9 149509
chr9 185625
chr9 25439
chr9 10
chr9 1656
chr9 183578
chr9 41260
chr9 23526
chr9 76265
chr9 124349
chr9 46963
chr9 16182
chr9 151937
chr9 57048
chr9 43570
chr9 37279
chr9 62999
chr9 19273
chr9 34731
chr9 343981
chr9 22
chr9 215541
chr9 14331
chr9 225712
chr9 142211
chr9 9465
chr9 41345
chr9 49162
chr9 6822
chr9 11714
chr9 41806
chr9 66883
chr9 29021
chr9 94196
chr9 130261
chr9 62243
chr9 18961
chr9 18892
chr9 31078
chr9 85062
chr9 46639
chr9 50775
chr9 264330
chr9 15272
chr9 39166
chr9 118420
chr9 279712
chr9 83266
chr9 43036
chr9 15162
chr9 77098
chr9 115362
chr9 104965
chr9 106021
chr9 37256
chr9 36136
chr9 12137
chr9 65990
chr9 63426
chr9 151464
chr9 55029
chr9 19633
chr9 332
chr9 95434
chr9 105244
chr9 107268
chr9 46658
chr9 3464
chr9 24974
chr9 21650
chr9 28370
chr9 25860
chr9 15229
chr9 26690
chr9 2708
chr9 209325
chr9 41905
chr9 187093
chr9 5061
chr9 341303
chr9 132921
chr9 48894
chr9 54074
chr9 74195
chr9 45325
chr9 70481
chr9 1914
chr9 20758
chr9 57
chr9 28141
chr9 67070
chr9 8932
chr9 56797
chr9 72135
chr9 176447
chr9 63252
chr9 2465
chr9 114860
chr9 85630
chr9 118477
chr9 50559
chr9 54527
chr9 45109
chr9 62635
chr9 21342
chr9 61325
chr9 42099
chr9 29956
chr9 32908
chr9 9773
chr9 15558
chr9 70740
chr9 47426
chr9 14739
chr9 13837
chr9 14680
chr9 7970
chr9 59454
chr9 4397
chr9 16594
chr9 249503
chr9 1137
chr9 31674
chr9 21523
chr9 39797
chr9 175092
chr9 168225
chr9 94950
chr9 17438
chr9 296318
chr9 63250
chr9 8
chr9 83201
chr9 59396
chr9 15220
chr9 87019
chr9 56562
chr9 4990
chr9 34019
chr9 107572
chr9 41601
chr9 38
chr9 302533
chr9 61107
chr9 7930
chr9 28112
chr9 165049
chr9 118647
chr9 132
chr9 188876
chr9 76503
chr9 93556
chr9 210158
chr9 8052
chr9 29012
chr9 55679
chr9 214004
chr9 46908
chr9 4933
chr9 65259
chr9 171632
chr9 77
chr9 36306
chr9 7
chr9 67037
chr9 5869
chr9 98775
chr9 15823
chr9 38081
chr9 388386
chr9 89107
chr9 91144
chr9 112811
chr9 74072
chr9 268392
chr9 9755
chr9 44705
chr9 36217
chr9 62690
chr9 223596
chr9 177770
chr9 7251
chr9 42
chr9 124903
chr9 34378
chr9 44284
chr9 38
chr9 265342
chr9 108338
chr9 285183
chr9 75752
chr9 64
chr9 182
chr9 52076
chr9 974
chr9 78239
chr9 88887
chr9 117685
chr9 150726
chr9 38690
chr9 169396
chr9 14938
chr9 191227
chr9 39087
chr9 55048
chr9 91534
chr9 75203
chr9 227340
chr9 11538
chr9 52659
chr9 3816
chr9 36945
chr9 111870
chr9 197605
chr9 39713
chr9 66323
chr9 8933
chr9 168944
chr9 35
chr9 427153
chr9 118447
chr9 176
chr9 4213
chr9 27652
chr9 66880
chr9 121805
chr9 60124
chr9 58970
chr9 112153
chr9 84032
chr9 76384
chr9 34215
chr9 195330
chr9 100364
chr9 49220
chr9 93
chr9 143
chr9 10974
chr9 351117
chr9 80222
chr9 329007
chr9 55177
chr9 25606
chr9 62
chr9 148517
chr9 238223
chr9 367731
chr9 117866
chr9 127872
chr9 103801
chr9 20453
chr9 46710
chr9 870122
chr9 1653
chr9 65250
chr9 121888
chr9 117909
chr9 196380
chr9 127199
chr9 100395
chr9 37310
chr9 12050
chr9 4
chr9 13580
chr9 87863
chr9 414196
chr9 123912
chr9 61448
chr9 39697
chr9 13474
chr9 282907
chr9 86
chr9 275542
chr9 45688
chr9 79246
chr9 281957
chr9 45399
chr9 28936
chr9 93339
chr9 177120
chr9 92667
chr9 9352
chr9 115309
chr9 23248
chr9 61494
chr9 13
chr9 5872
chr9 124950
chr9 151045
chr9 40580
chr9 49
chr9 123814
chr9 245705
chr9 364204
chr9 35820
chr9 339158
chr9 1534
chr9 100204
chr9 91800
chr9 70717
chr9 20272
chr9 49824
chr9 33004
chr9 202644
chr9 208808
chr9 141307
chr9 5358
chr9 26169
chr9 123776
chr9 299728
chr9 84521
chr9 98082
chr9 72214
chr9 41510
chr9 120792
chr9 67582
chr9 48223
chr9 11699
chr9 58
chr9 371932
chr9 30296
chr9 16771
chr9 37361
chr9 4079
chr9 37723
chr9 19
chr9 551
chr9 46617
chr9 28975
chr9 4339
chr9 16394
chr9 94504
chr9 19261
chr9 9152
chr9 3555
chr9 177101
chr9 10582
chr9 107919
chr9 4976
chr9 127275
chr9 20311
chr9 177136
chr9 30888
chr9 17168
chr9 180069
chr9 9765
chr9 39513
chr9 5818
chr9 4345
chr9 34782
chr9 1
chr9 99859
chr9 42352
chr9 2274
chr9 29736
chr9 3
chr9 10784
chr9 16323
chr9 3535
chr9 3784
chr9 73
chr9 65
chr9 42854
chr9 47985
chr9 102297
chr9 29831
chr9 15079
chr9 13479
chr9 3747
chr9 24345
chr9 5853
chr9 68103
chr9 113120
chr9 101805
chr9 37955
chr9 65308
chr9 1673
chr9 2806
chr9 42633
chr9 4452
chr9 49184
chr9 26074
chr9 41039
chr9 7053
chr9 178253
chr9 132087
chr9 24616
chr9 121919
chr9 21091
chr9 1216
chr9 43
chr9 33536
chr9 102307
chr9 13622
chr9 44848
chr9 59035
chr9 5844
chr9 33822
chr9 118494
chr9 167
chr9 102029
chr9 36
chr9 5984
chr9 38474
chr9 24639
chr9 10407
chr9 5621
chr9 24082
chr9 133375
chr9 109
chr9 95835
chr9 43492
chr9 73158
chr9 8683
chr9 64043
chr9 114240
chr9 7906
chr9 21777
chr9 349357
chr9 89852
chr9 404677
chr9 39879
chr9 13804
chr9 64051
chr9 22227
chr9 55757
chr9 42131
chr9 16346
chr9 17546
chr9 14674
chr9 7663
chr9 66
chr9 97222
chr9 11569
chr9 159500
chr9 32371
chr9 14055
chr9 25247
chr9 21487
chr9 6033
chr9 12263
chr9 4468
chr9 10838
chr9 27700
chr9 47747
chr9 78135
chr9 36226
chr9 563
chr9 35077
chr9 64056
chr9 149
chr9 36923
chr9 5579
chr9 266
chr9 22275
chr9 10482
chr9 22828
chr9 1575
chr9 37724
chr9 40502
chr9 39703
chr9 13575
chr9 58316
chr9 51452
chr9 9397
chr9 171096
chr9 98925
chr9 398654
chr9 25186
chr9 289404
chr9 217957
chr9 20897
chr9 19805
chr9 180121
chr9 57
chr9 244476
chr9 17617
chr9 184404
chr9 24554
chr9 15145
chr9 70080
chr9 98144
chr9 173066
chr9 93347
chr9 516797
chr9 15677
chr9 58753
chr9 64602
chr9 15027
chr9 158611
chr9 22441
chr9 39380
chr9 112174
chr9 110483
chr9 54063
chr9 19338
chr9 19709
chr9 127050
chr9 119719
chr9 20848
chr9 6078
chr9 11915
chr9 11382
chr9 164617
chr9 114907
chr9 9763
chr9 238
chr9 15873
chr9 64
chr9 10397
chr9 31301
chr9 47598
chr9 7142
chr9 50008
chr9 38451
chr9 37834
chr9 3631
chr9 15947
chr9 38
chr9 13232
chr9 60371
chr9 4330
chr9 13188
chr9 35
chr9 4921
chr9 19310
chr9 103272
chr9 251390
chr9 37846
chr9 83738
chr9 207065
chr9 163378
chr9 483240
chr9 159344
chr9 148963
chr9 33788
chr9 156214
chr9 22180
chr9 56138
chr9 187024
chr9 286155
chr9 316349
chr9 186540
chr9 131640
chr9 324340
chr9 44441
chr9 1938
chr9 19977
chr9 3116
chr9 95872
chr9 362422
chr9 140973
chr9 67127
chr9 6275
chr9 108291
chr9 47966
chr9 119523
chr9 6419
chr9 20484
chr9 55690
chr9 18006
chr9 54106
chr9 59789
chr9 199763
chr9 1212
chr9 389863
chr9 152626
chr9 20889
chr9 195549
chr9 160744
chr9 158592
chr9 239
chr9 273996
chr9 134369
chr9 50507
chr9 114353
chr9 33701
chr9 142248
chr9 94510
chr9 80014
chr9 94234
chr9 42106
chr9 32847
chr9 48641
chr9 31520
chr9 121939
chr9 65
chr9 7712
chr9 66
chr9 121339
chr9 237355
chr9 32339
chr9 28703
chr9 47888
chr9 66663
chr9 24683
chr9 41475
chr9 70132
chr9 67669
chr9 83953
chr9 32916
chr9 68459
chr9 47836
chr9 30792
chr9 990
chr9 9807
chr9 742
chr9 16564
chr9 25275
chr9 19781
chr9 59744
chr9 27083
chr9 4022
chr9 72989
chr9 154082
chr9 19607
chr9 11771
chr9 73644
chr9 28850
chr9 67905
chr9 22045
chr9 74624
chr9 25086
chr9 45013
chr9 4772
chr9 156231
chr9 85129
chr9 67
chr9 14035
chr9 497713
chr9 98952
chr9 231166
chr9 15
chr9 55890
chr9 251254
chr9 228010
chr9 77110
chr9 1488
chr9 70253
chr9 444872
chr9 20904
chr9 3509
chr9 4041
chr9 30748
chr9 20954
chr9 20338
chr9 37408
chr9 163
chr9 22031
chr9 74723
chr9 11956
chr9 8527
chr9 19737
chr9 30647
chr9 161801
chr9 230656
chr9 271
chr9 82165
chr9 2308
chr9 72895
chr9 116542
chr9 267048
chr9 877017
chr9 351268
chr9 6418
chr9 49715
chr9 165293
chr9 134728
chr9 264119
chr9 619518
chr9 8886
chr9 126
chr9 113403
chr9 54636
chr9 301149
chr9 319612
chr9 463543
chr9 1833400
chr9 5399
chr9 172732
chr9 173200
chr9 49
chr9 521523
chr9 174661
chr9 384
chr9 51
chr9 259
chr9 743735
chr9 605612
chr9 226988
chr9 88749
chr9 90203
chr9 1123151
chr9 8418
chr9 82716
chr9 450632
chr9 23100
chr9 134070
chr9 134784
chr9 121044
chr9 326292
chr9 143541
chr9 110298
chr9 97336
chr9 9545
chr9 34015
chr9 85089
chr9 51449
chr9 17
chr9 328481
chr9 45107
chr9 435154
chr9 96146
chr9 1853724
chr9 124078
chr9 81
chr9 13124
chr9 13408
chr9 401
chr9 239861
chr9 135081
chr9_KI270717v1_random 15516
chr9_KI270719v1_random 40337
chr9_KI270719v1_random 283
chr9_KI270719v1_random 68015
chr9_KI270719v1_random 2057
chr9_KI270719v1_random 22555
chrM 42
chrUn_GL000195v1 131412
chrUn_GL000214v1 17608
chrUn_GL000214v1 81886
chrUn_GL000214v1 688
chrUn_GL000214v1 5508
chrUn_GL000214v1 5833
chrUn_GL000218v1 32208
chrUn_GL000218v1 12244
chrUn_GL000219v1 24786
chrUn_GL000219v1 454
chrUn_GL000219v1 52549
chrUn_GL000219v1 42493
chrUn_GL000224v1 6145
chrUn_GL000224v1 139
chrUn_GL000224v1 5815
chrUn_GL000224v1 30402
chrUn_GL000224v1 38
chrUn_GL000224v1 65224
chrUn_KI270435v1 13307
chrUn_KI270442v1 20729
chrUn_KI270442v1 21834
chrUn_KI270442v1 4916
chrUn_KI270442v1 9599
chrUn_KI270442v1 6943
chrUn_KI270442v1 61595
chrUn_KI270442v1 20722
chrUn_KI270442v1 62965
chrUn_KI270519v1 56517
chrUn_KI270519v1 555
chrUn_KI270579v1 22680
chrUn_KI270742v1 23997
chrUn_KI270742v1 66550
chrUn_KI270742v1 32325
chrUn_KI270742v1 12272
chrUn_KI270742v1 17610
chrUn_KI270743v1 11935
chrUn_KI270743v1 202
chrUn_KI270743v1 32144
chrUn_KI270743v1 54545
chrUn_KI270744v1 30324
chrUn_KI270744v1 68237
chrUn_KI270744v1 6862
chrUn_KI270744v1 4123
chrUn_KI270744v1 146
chrUn_KI270744v1 5875
chrUn_KI270744v1 611
chrUn_KI270744v1 37408
chrUn_KI270746v1 110
chrUn_KI270748v1 59279
chrUn_KI270749v1 11865
chrUn_KI270751v1 17475
chrUn_KI270751v1 32097
chrUn_KI270751v1 12287
chrUn_KI270751v1 7548
chrUn_KI270751v1 10027
chrX 2571
chrX 9380
chrX 46123
chrX 101707
chrX 512
chrX 49230
chrX 41144
chrX 62553
chrX 33114
chrX 43322
chrX 29730
chrX 34818
chrX 57536
chrX 2866
chrX 40928
chrX 98049
chrX 101057
chrX 66723
chrX 148149
chrX 32171
chrX 51344
chrX 9484
chrX 58708
chrX 49481
chrX 9806
chrX 8020
chrX 15037
chrX 11314
chrX 2981
chrX 17460
chrX 49495
chrX 25384
chrX 17013
chrX 6677
chrX 9533
chrX 7212
chrX 15925
chrX 11320
chrX 4093
chrX 92
chrX 12024
chrX 228277
chrX 41996
chrX 12448
chrX 17617
chrX 86643
chrX 10291
chrX 6468
chrX 27498
chrX 4401
chrX 1925
chrX 4193
chrX 33540
chrX 23946
chrX 513
chrX 10305
chrX 8559
chrX 2994
chrX 1713
chrX 101388
chrX 65039
chrX 87909
chrX 298432
chrX 11147
chrX 123793
chrX 151240
chrX 68748
chrX 220211
chrX 426216
chrX 64883
chrX 102257
chrX 209428
chrX 28706
chrX 183157
chrX 295
chrX 161302
chrX 71329
chrX 37018
chrX 11760
chrX 86793
chrX 102088
chrX 450392
chrX 215432
chrX 43190
chrX 5200
chrX 18562
chrX 33902
chrX 10513
chrX 142426
chrX 1
chrX 276613
chrX 55933
chrX 177352
chrX 40485
chrX 117449
chrX 299705
chrX 271153
chrX 166448
chrX 244
chrX 3970
chrX 70630
chrX 57401
chrX 20182
chrX 58056
chrX 91759
chrX 45542
chrX 11
chrX 30245
chrX 210454
chrX 305601
chrX 120885
chrX 165100
chrX 150818
chrX 69608
chrX 116492
chrX 36673
chrX 103589
chrX 6639
chrX 707
chrX 150930
chrX 34707
chrX 279342
chrX 59186
chrX 6851
chrX 94
chrX 279594
chrX 293909
chrX 72883
chrX 7200
chrX 20203
chrX 10527
chrX 43821
chrX 80429
chrX 20760
chrX 11621
chrX 144463
chrX 81645
chrX 76919
chrX 42104
chrX 23414
chrX 18241
chrX 4464
chrX 64152
chrX 66560
chrX 25835
chrX 6576
chrX 2034
chrX 26539
chrX 52518
chrX 34459
chrX 33919
chrX 30292
chrX 62779
chrX 9160
chrX 48499
chrX 81456
chrX 6101
chrX 25036
chrX 3523
chrX 114796
chrX 11341
chrX 2317
chrX 58631
chrX 17260
chrX 42779
chrX 208432
chrX 15140
chrX 249158
chrX 51512
chrX 20
chrX 198036
chrX 181642
chrX 87298
chrX 30683
chrX 9146
chrX 75440
chrX 85872
chrX 25142
chrX 10688
chrX 207
chrX 59026
chrX 203555
chrX 54428
chrX 23388
chrX 121080
chrX 77102
chrX 71645
chrX 45863
chrX 51923
chrX 63652
chrX 40703
chrX 47479
chrX 35099
chrX 205889
chrX 48973
chrX 75935
chrX 6604
chrX 37531
chrX 8784
chrX 6865
chrX 234
chrX 2697
chrX 26814
chrX 9991
chrX 1478
chrX 476
chrX 596
chrX 58439
chrX 27230
chrX 22144
chrX 36989
chrX 28829
chrX 21490
chrX 60504
chrX 155438
chrX 8526
chrX 61063
chrX 49209
chrX 34671
chrX 18143
chrX 19330
chrX 161492
chrX 2888
chrX 33518
chrX 28078
chrX 16124
chrX 47075
chrX 6562
chrX 2691
chrX 189858
chrX 65491
chrX 85753
chrX 69642
chrX 25138
chrX 69695
chrX 249530
chrX 36315
chrX 43019
chrX 18219
chrX 1029
chrX 108586
chrX 162918
chrX 14786
chrX 23975
chrX 72817
chrX 23179
chrX 20870
chrX 10795
chrX 41826
chrX 156202
chrX 92515
chrX 171
chrX 186428
chrX 40690
chrX 9341
chrX 26008
chrX 63209
chrX 101738
chrX 103846
chrX 8650
chrX 68160
chrX 180474
chrX 9763
chrX 65934
chrX 13692
chrX 56316
chrX 36073
chrX 119788
chrX 33
chrX 198224
chrX 39048
chrX 92092
chrX 3
chrX 30388
chrX 57304
chrX 355002
chrX 5443
chrX 29545
chrX 91240
chrX 53389
chrX 349952
chrX 21127
chrX 31298
chrX 136333
chrX 196795
chrX 41642
chrX 123095
chrX 152864
chrX 104421
chrX 297986
chrX 88259
chrX 106367
chrX 26553
chrX 127492
chrX 14989
chrX 9959
chrX 11148
chrX 5491
chrX 120760
chrX 21359
chrX 35649
chrX 16664
chrX 266
chrX 69
chrX 8284
chrX 9812
chrX 62825
chrX 21375
chrX 187036
chrX 67005
chrX 2947
chrX 85040
chrX 5324
chrX 33950
chrX 552
chrX 82114
chrX 69953
chrX 67658
chrX 67687
chrX 52985
chrX 45985
chrX 18985
chrX 71
chrX 150358
chrX 130280
chrX 28616
chrX 20116
chrX 229160
chrX 15314
chrX 16309
chrX 113583
chrX 66694
chrX 48250
chrX 24751
chrX 16797
chrX 33037
chrX 15198
chrX 1507
chrX 33498
chrX 153877
chrX 1602
chrX 24379
chrX 48287
chrX 25
chrX 28590
chrX 596
chrX 7606
chrX 67748
chrX 155512
chrX 99574
chrX 146
chrX 4140
chrX 5547
chrX 142850
chrX 37
chrX 65514
chrX 30266
chrX 32044
chrX 33
chrX 33865
chrX 13389
chrX 26893
chrX 34420
chrX 50648
chrX 249351
chrX 402829
chrX 26337
chrX 78080
chrX 30374
chrX 116481
chrX 27943
chrX 241289
chrX 88457
chrX 11267
chrX 54833
chrX 127651
chrX 46076
chrX 88491
chrX 65948
chrX 8381
chrX 7931
chrX 15123
chrX 72967
chrX 42102
chrX 33867
chrX 17940
chrX 17999
chrX 214258
chrX 40497
chrX 27262
chrX 84190
chrX 8552
chrX 43334
chrX 42948
chrX 52081
chrX 74657
chrX 32
chrX 26392
chrX 40219
chrX 9427
chrX 6990
chrX 56172
chrX 31703
chrX 17706
chrX 40578
chrX 37757
chrX 43211
chrX 1039
chrX 67481
chrX 182956
chrX 14032
chrX 43322
chrX 136608
chrX 71080
chrX 38143
chrX 44494
chrX 145624
chrX 75
chrX 31266
chrX 9421
chrX 96944
chrX 147907
chrX 18813
chrX 51114
chrX 34867
chrX 9937
chrX 10557
chrX 32014
chrX 35727
chrX 22044
chrX 94874
chrX 34528
chrX 149331
chrX 11077
chrX 3601
chrX 126944
chrX 3623
chrX 42540
chrX 9231
chrX 92441
chrX 23940
chrX 16011
chrX 111827
chrX 10677
chrX 51996
chrX 5634
chrX 2672
chrX 19267
chrX 158964
chrX 59275
chrX 19924
chrX 44315
chrX 82887
chrX 46625
chrX 50537
chrX 1812
chrX 13760
chrX 52185
chrX 148356
chrX 15337
chrX 67067
chrX 7102
chrX 13318
chrX 25810
chrX 3719
chrX 117967
chrX 304863
chrX 2028
chrX 139752
chrX 43873
chrX 28578
chrX 48536
chrX 32926
chrX 153954
chrX 42328
chrX 63045
chrX 6482
chrX 45299
chrX 129684
chrX 29173
chrX 282077
chrX 159631
chrX 11752
chrX 116471
chrX 128732
chrX 1296
chrX 126507
chrX 61616
chrX 11315
chrX 78969
chrX 27432
chrX 18187
chrX 96
chrX 29882
chrX 42168
chrX 106972
chrX 48517
chrX 45800
chrX 26735
chrX 84507
chrX 109908
chrX 47112
chrX 17077
chrX 25563
chrX 2404
chrX 62186
chrX 88886
chrX 7499
chrX 149186
chrX 244151
chrX 13929
chrX 17198
chrX 52998
chrX 151443
chrX 41255
chrX 229599
chrX 216245
chrX 20159
chrX 10395
chrX 15544
chrX 76170
chrX 12032
chrX 91617
chrX 159
chrX 36627
chrX 44757
chrX 49544
chrX 89650
chrX 310504
chrX 8100
chrX 18100
chrX 5054
chrX 64193
chrX 24418
chrX 91341
chrX 30419
chrX 47381
chrX 1307
chrX 70146
chrX 733
chrX 228941
chrX 22167
chrX 27289
chrX 66232
chrX 2576
chrX 146852
chrX 76164
chrX 1973
chrX 30516
chrX 6377
chrX 10463
chrX 22675
chrX 4
chrX 130381
chrX 36799
chrX 23062
chrX 14331
chrX 68220
chrX 31066
chrX 184981
chrX 240144
chrX 163
chrX 45887
chrX 95451
chrX 8807
chrX 59025
chrX 45305
chrX 44076
chrX 33894
chrX 138338
chrX 4729
chrX 22310
chrX 6399
chrX 19963
chrX 18284
chrX 72714
chrX 620
chrX 58809
chrX 41723
chrX 6604
chrX 16134
chrX 83203
chrX 4164
chrX 195486
chrX 20301
chrX 393093
chrX 93881
chrX 141301
chrX 18945
chrX 17804
chrX 46541
chrX 23030
chrX 122763
chrX 47179
chrX 9571
chrX 38946
chrX 32751
chrX 58512
chrX 39667
chrX 225097
chrX 23719
chrX 140046
chrX 130043
chrX 190795
chrX 1941
chrX 10251
chrX 39945
chrX 61059
chrX 25546
chrX 38028
chrX 21522
chrX 156993
chrX 26675
chrX 175666
chrX 173550
chrX 103398
chrX 25
chrX 833
chrX 86287
chrX 42
chrX 197727
chrX 57
chrX 930322
chrX 5674
chrX 264875
chrX 34099
chrX 332910
chrX 165440
chrX 73646
chrX 158632
chrX 13851
chrX 97279
chrX 67486
chrX 30986
chrX 6186
chrX 87230
chrX 7985
chrX 60568
chrX 29050
chrX 23272
chrX 110771
chrX 75834
chrX 34338
chrX 65874
chrX 32512
chrX 7200
chrX 103619
chrX 153949
chrX 61333
chrX 38242
chrX 106115
chrX 16
chrX 14446
chrX 41305
chrX 25824
chrX 74009
chrX 123267
chrX 141435
chrX 2233
chrX 134343
chrX 74902
chrX 17114
chrX 46235
chrX 8335
chrX 29203
chrX 13159
chrX 12176
chrX 25931
chrX 51590
chrX 67376
chrX 66063
chrX 7000
chrX 58402
chrX 11555
chrX 22078
chrX 52874
chrX 2115
chrX 83634
chrX 32529
chrX 103439
chrX 38
chrX 118683
chrX 190535
chrX 135299
chrX 175377
chrX 140594
chrX 40238
chrX 89737
chrX 27334
chrX 6355
chrX 141876
chrX 36050
chrX 45407
chrX 7938
chrX 85193
chrX 20116
chrX 13392
chrX 18749
chrX 276219
chrX 11587
chrX 105671
chrX 9538
chrX 31172
chrX 16610
chrX 24682
chrX 113308
chrX 57085
chrX 72222
chrX 32085
chrX 69584
chrX 13165
chrX 17071
chrX 81549
chrX 69267
chrX 28383
chrX 154434
chrX 656923
chrX 171753
chrX 11634
chrX 30433
chrX 1952
chrX 20597
chrX 930
chrX 127741
chrX 37824
chrX 4510
chrX 22889
chrX 105347
chrX 800
chrX 113947
chrX 19424
chrX 170883
chrX 38890
chrX 96
chrX 29235
chrX 51
chrX 26458
chrX 434688
chrX 281591
chrX 464365
chrX 8120
chrX 2919
chrX 138179
chrX 44179
chrX 8328
chrX 34939
chrX 38
chrX 45764
chrX 97773
chrX 27562
chrX 101631
chrX 17999
chrX 69126
chrX 77725
chrX 9139
chrX 17787
chrX 202943
chrX 45121
chrX 98370
chrX 66009
chrX 3686
chrX 184411
chrX 32945
chrX 49182
chrX 1788
chrX 162155
chrX 3578
chrX 29124
chrX 9566
chrX 6710
chrX 7495
chrX 23987
chrX 105435
chrX 9429
chrX 46447
chrX 48678
chrX 68570
chrX 10410
chrX 8138
chrX 289939
chrX 30714
chrX 33610
chrX 22190
chrX 31882
chrX 29544
chrX 12228
chrX 6274
chrX 11206
chrX 19688
chrX 75
chrX 56431
chrX 270
chrX 28852
chrX 3978
chrX 5648
chrX 10252
chrX 10476
chrX 628
chrX 9317
chrX 10403
chrX 68286
chrX 8562
chrX 51107
chrX 17693
chrX 4130
chrX 57561
chrX 10627
chrX 46514
chrX 35350
chrX 57282
chrX 67333
chrX 161538
chrX 73975
chrX 1915
chrX 2920
chrX 120
chrX 16763
chrX 21
chrX 73
chrX 20671
chrX 48814
chrX 219368
chrX 612457
chrX 26456
chrX 36
chrX 58550
chrX 56
chrX 45994
chrX 12784
chrX 95
chrX 56552
chrX 10564
chrX 77383
chrX 93605
chrX 120557
chrX 3699
chrX 60354
chrX 211011
chrX 37777
chrX 84711
chrX 17090
chrX 34206
chrX 8341
chrX 35472
chrX 67252
chrX 20030
chrX 2471
chrX 2823
chrX 51857
chrX 2637
chrX 33738
chrX 25954
chrX 2016
chrX 67327
chrX 2230
chrX 6663
chrX 6204
chrX 13664
chrX 18306
chrX 19409
chrX 69364
chrX 23840
chrX 35335
chrX 13209
chrX 25235
chrX 20787
chrX 3942
chrX 20055
chrX 30004
chrX 54304
chrX 18357
chrX 11407
chrX 16610
chrX 95708
chrX 3
chrX 33685
chrX 21672
chrX 30838
chrX 18410
chrX 14249
chrX 3789
chrX 8620
chrX 3844
chrX 27034
chrX 461
chrX 56378
chrX 3381
chrX 16907
chrX 19985
chrX 26776
chrX 1526
chrX 10989
chrX 39145
chrX 455
chrX 15044
chrX 27369
chrX 18886
chrX 39701
chrX 20464
chrX 7075
chrX 55116
chrX 324
chrX 5546
chrX 21253
chrX 12135
chrX 2309
chrX 23097
chrX 1943
chrX 8835
chrX 24800
chrX 469
chrX 17526
chrX 10087
chrX 47953
chrX 87379
chrX 12107
chrX 257
chrX 580
chrX 3094
chrX 156
chrX 45380
chrX 25813
chrX 17691
chrX 32
chrX 25
chrX 7033
chrX 39993
chrX 24205
chrX 26342
chrX 41086
chrX 10052
chrX 33948
chrX 3689
chrX 16678
chrX 9316
chrX 6947
chrX 16550
chrX 76328
chrX 49668
chrX 6982
chrX 11437
chrX 2763
chrX 8169
chrX 17210
chrX 21610
chrX 24972
chrX 6998
chrX 7506
chrX 601
chrX 22364
chrX 61109
chrX 12045
chrX 10671
chrX 9979
chrX 19872
chrX 26909
chrX 35649
chrX 7904
chrX 34722
chrX 18
chrX 27661
chrX 30106
chrX 41602
chrX 21786
chrX 21886
chrX 19737
chrX 1498
chrX 33832
chrX 3746
chrX 1438
chrX 22654
chrX 12537
chrX 14395
chrX 6373
chrX 19759
chrX 25417
chrX 9907
chrX 15841
chrX 17324
chrX 13355
chrX 23851
chrX 18061
chrX 40585
chrX 5630
chrX 9634
chrX 15446
chrX 73
chrX 2488
chrX 51912
chrX 3508
chrX 549
chrX 19771
chrX 7
chrX 230
chrX 5437
chrX 4902
chrX 24390
chrX 27706
chrX 6885
chrX 1921
chrX 13543
chrX 31076
chrX 1304
chrX 14807
chrX 12663
chrX 448
chrX 1973
chrX 37905
chrX 34
chrX 47584
chrX 6852
chrX 23006
chrX 52927
chrX 31384
chrX 49670
chrX 47201
chrX 165881
chrX 74090
chrX 51659
chrX 2528
chrX 60440
chrX 4044689
chrX 120
chrX 81199
chrX 56674
chrX 81332
chrX 44099
chrX 36412
chrX 31831
chrX 6613
chrX 50604
chrX 9189
chrX 26145
chrX 75896
chrX 26
chrX 84195
chrX 6553
chrX 2864
chrX 35947
chrX 30957
chrX 6314
chrX 155
chrX 26342
chrX 3377
chrX 24799
chrX 50981
chrX 109228
chrX 37619
chrX 13521
chrX 26903
chrX 23601
chrX 14908
chrX 9110
chrX 2837
chrX 29937
chrX 6135
chrX 5160
chrX 27453
chrX 158284
chrX 7964
chrX 62240
chrX 8496
chrX 15754
chrX 9963
chrX 63196
chrX 47798
chrX 30127
chrX 28606
chrX 12508
chrX 16928
chrX 8043
chrX 14774
chrX 12297
chrX 38
chrX 13544
chrX 72762
chrX 19084
chrX 13189
chrX 18619
chrX 35120
chrX 236
chrX 62616
chrX 23285
chrX 5881
chrX 68235
chrX 7446
chrX 26
chrX 11146
chrX 13376
chrX 13018
chrX 41942
chrX 31914
chrX 2802
chrX 267
chrX 8645
chrX 6237
chrX 34112
chrX 19159
chrX 19742
chrX 68978
chrX 10840
chrX 34828
chrX 21293
chrX 1275
chrX 6136
chrX 43131
chrX 6957
chrX 5876
chrX 22955
chrX 13519
chrX 15074
chrX 63990
chrX 46538
chrX 7925
chrX 43857
chrX 11284
chrX 1960
chrX 46489
chrX 642
chrX 12975
chrX 2871
chrX 47991
chrX 4286
chrX 15226
chrX 61820
chrX 40198
chrX 21301
chrX 19503
chrX 29113
chrX 7685
chrX 31121
chrX 101025
chrX 50032
chrX 146409
chrX 21685
chrX 20987
chrX 271
chrX 17422
chrX 5164
chrX 25037
chrX 37191
chrX 46135
chrX 50247
chrX 100562
chrX 11341
chrX 5382
chrX 18826
chrX 73
chrX 113
chrX 13325
chrX 42652
chrX 113192
chrX 14127
chrX 8746
chrX 23363
chrX 13823
chrX 19319
chrX 16751
chrX 29504
chrX 38
chrX 10776
chrX 1065
chrX 29603
chrX 20689
chrX 14769
chrX 28732
chrX 11925
chrX 10412
chrX 3862
chrX 12808
chrX 10548
chrX 10658
chrX 59413
chrX 24688
chrX 17245
chrX 12416
chrX 24797
chrX 5157
chrX 10471
chrX 20539
chrX 27866
chrX 15606
chrX 4582
chrX 34169
chrX 1520
chrX 3523
chrX 37704
chrX 45599
chrX 16343
chrX 3010
chrX 8032
chrX 18432
chrX 1044
chrX 11875
chrX 5042
chrX 34681
chrX 104149
chrX 5305
chrX 9052
chrX 18949
chrX 49156
chrX 3551
chrX 147
chrX 73
chrX 35993
chrX 62
chrX 38746
chrX 4764
chrX 61033
chrX 27267
chrX 3359
chrX 14562
chrX 2724
chrX 8181
chrX 29642
chrX 1
chrX 10901
chrX 12694
chrX 9727
chrX 9123
chrX 276
chrX 17570
chrX 1712
chrX 101872
chrX 5037
chrX 15694
chrX 11573
chrX 10218
chrX 11256
chrX 32921
chrX 57329
chrX 39299
chrX 3061
chrX 16423
chrX 16899
chrX 15808
chrX 30618
chrX 37840
chrX 1674
chrX 24584
chrX 23378
chrX 816
chrX 18173
chrX 2974
chrX 9300
chrX 4631
chrX 47276
chrX 49580
chrX 8033
chrX 56843
chrX 59859
chrX 119021
chrX 7332
chrX 120511
chrX 8033
chrX 7865
chrX 30311
chrX 22099
chrX 6291
chrX 6496
chrX 16364
chrX 31785
chrX 6341
chrX 5222
chrX 36599
chrX 85260
chrX 39313
chrX 5150
chrX 458236
chrX 5625
chrX 53847
chrX 51584
chrX 76978
chrX 48262
chrX 1123
chrX 97288
chrX 73686
chrX 38
chrX 5533
chrX 16376
chrX 35997
chrX 19027
chrX 17793
chrX 33140
chrX 25553
chrX 13687
chrX 10995
chrX 116901
chrX 153029
chrX 149
chrX 105976
chrX 93411
chrX 20
chrX 95624
chrX 115306
chrX 32910
chrX 16124
chrX 8209
chrX 26536
chrX 45015
chrX 3366
chrX 38000
chrX 19631
chrX 13938
chrX 13661
chrX 4670
chrX 12390
chrX 10002
chrX 24621
chrX 24199
chrX 372
chrX 33198
chrX 24291
chrX 69055
chrX 62412
chrX 2409
chrX 40274
chrX 610229
chrX 152431
chrX 16092
chrX 13162
chrX 1354
chrX 45931
chrX 20869
chrX 59628
chrX 36
chrX 127924
chrX 2290
chrX 321
chrX 11666
chrX 69547
chrX 236472
chrX 14242
chrX 18816
chrX 34243
chrX 9558
chrX 94137
chrX 6423
chrX 77704
chrX 80650
chrX 2955
chrX 1503
chrX 56581
chrX 21910
chrX 25332
chrX 2405
chrX 25370
chrX 8182
chrX 70230
chrX 1500
chrX 2953
chrX 87704
chrX 7196
chrX 28096
chrX 38906
chrX 44374
chrX 13113
chrX 30482
chrX 14110
chrX 51649
chrX 4544
chrX 7681
chrX 28378
chrX 29333
chrX 37409
chrX 12032
chrX 4
chrX 13684
chrX 7523
chrX 11501
chrX 46892
chrX 63433
chrX 19347
chrX 24839
chrX 2323
chrX 13275
chrX 8564
chrX 18648
chrX 73
chrX 2738
chrX 49934
chrX 4803
chrX 4334
chrX 20
chrX 5985
chrX 16304
chrX 9208
chrX 7609
chrX 3943
chrX 15609
chrX 15576
chrX 104817
chrX 9645
chrX 7422
chrX 98678
chrX 33553
chrX 2770
chrX 6537
chrX 31255
chrX 22490
chrX 6676
chrX 42425
chrX 45852
chrX 167782
chrX 96478
chrX 19890
chrX 177679
chrX 19982
chrX 14860
chrX 14138
chrX 16096
chrX 4600
chrX 38845
chrX 100
chrX 57983
chrX 48221
chrX 4355
chrX 14911
chrX 278
chrX 31072
chrX 32254
chrX 10079
chrX 22372
chrX 9064
chrX 26774
chrX 10186
chrX 92846
chrX 5083
chrX 53363
chrX 34
chrX 29529
chrX 33294
chrX 6700
chrX 54777
chrX 5549
chrX 30522
chrX 4145
chrX 25539
chrX 45590
chrX 728
chrX 1992
chrX 14356
chrX 6944
chrX 1542
chrX 45151
chrX 4181
chrX 21569
chrX 11897
chrX 11850
chrX 10428
chrX 9285
chrX 30845
chrX 4140
chrX 15801
chrX 9725
chrX 18929
chrX 29098
chrX 1959
chrX 17406
chrX 8177
chrX 2114
chrX 9065
chrX 4219
chrX 1173
chrX 41074
chrX 36495
chrX 11227
chrX 15182
chrX 1764
chrX 7682
chrX 3388
chrX 10237
chrX 10275
chrX 21509
chrX 18242
chrX 23809
chrX 3556
chrX 14048
chrX 1938
chrX 6923
chrX 16195
chrX 8692
chrX 841
chrX 52
chrX 20533
chrX 41488
chrX 13436
chrX 9975
chrX 25204
chrX 1535
chrX 28350
chrX 1811
chrX 32169
chrX 8592
chrX 9737
chrX 59750
chrX 14579
chrX 15435
chrX 42370
chrX 6925
chrX 100
chrX 9250
chrX 37
chrX 26369
chrX 50
chrX 17459
chrX 5203
chrX 3101
chrX 17856
chrX 34441
chrX 5928
chrX 54315
chrX 262
chrX 17364
chrX 3420
chrX 19642
chrX 6108
chrX 7015
chrX 7274
chrX 5150
chrX 17448
chrX 8928
chrX 46
chrX 10940
chrX 6840
chrX 4456
chrX 19505
chrX 83
chrX 16185
chrX 16198
chrX 18275
chrX 9612
chrX 1397
chrX 3373
chrX 37048
chrX 39112
chrX 2786
chrX 12481
chrX 2436
chrX 24757
chrX 14615
chrX 47
chrX 55571
chrX 14957
chrX 3841
chrX 634
chrX 8261
chrX 251
chrX 9483
chrX 885
chrX 17918
chrX 3108
chrX 4226
chrX 4419
chrX 13561
chrX 29116
chrX 6856
chrX 48083
chrX 11387
chrX 13223
chrX 34631
chrX 23971
chrX 7683
chrX 21070
chrX 1304
chrX 3092
chrX 32420
chrX 943
chrX 7850
chrX 2266
chrX 59887
chrX 11727
chrX 95
chrX 14537
chrX 266
chrX 21150
chrX 7944
chrX 21312
chrX 13439
chrX 21722
chrX 20770
chrX 9654
chrX 13727
chrX 33
chrX 314
chrX 56088
chrX 61359
chrX 5634
chrX 11787
chrX 56571
chrX 110629
chrX 3168
chrX 1084
chrX 22824
chrX 9696
chrX 19
chrX 39165
chrX 10423
chrX 11542
chrX 42040
chrX 17176
chrX 85385
chrX 109489
chrX 75959
chrX 34198
chrX 98
chrX 7571
chrX 13847
chrX 1003
chrX 15943
chrX 32620
chrX 16696
chrX 10905
chrX 2349
chrX 79306
chrX 51347
chrX 25595
chrX 31986
chrX 80005
chrX 23328
chrX 446
chrX 44196
chrX 71329
chrX 96832
chrX 7741
chrX 51473
chrX 13368
chrX 13176
chrX 4489
chrX 51799
chrX 36523
chrX 33338
chrX 14340
chrX 36276
chrX 19008
chrX 28632
chrX 14619
chrX 71734
chrX 8208
chrX 13052
chrX 9464
chrX 27727
chrX 13956
chrX 14119
chrX 59091
chrX 18826
chrX 27466
chrX 6322
chrX 277
chrX 16162
chrX 45706
chrX 12746
chrX 32101
chrX 9681
chrX 140282
chrX 7741
chrX 14565
chrX 18120
chrX 8403
chrX 65901
chrX 79309
chrX 139753
chrX 197
chrX 14795
chrX 6027
chrX 50583
chrX 3425
chrX 15225
chrX 21318
chrX 32647
chrX 21053
chrX 9915
chrX 8056
chrX 16853
chrX 913
chrX 8678
chrX 83139
chrX 16222
chrX 29248
chrX 46
chrX 6956
chrX 14144
chrX 9958
chrX 2637
chrX 17589
chrX 8933
chrX 24564
chrX 25286
chrX 31925
chrX 21194
chrX 12095
chrX 61675
chrX 16934
chrX 15306
chrX 4357
chrX 16256
chrX 39196
chrX 2358
chrX 27085
chrX 54627
chrX 31320
chrX 85033
chrX 8424
chrX 21390
chrX 19582
chrX 34831
chrX 9953
chrX 6242
chrX 11337
chrX 62257
chrX 919
chrX 5434
chrX 13952
chrX 16880
chrX 6702
chrX 12421
chrX 1081
chrX 26
chrX 58244
chrX 3400
chrX 6113
chrX 1202
chrX 20440
chrX 7419
chrX 11993
chrX 21454
chrX 22353
chrX 20439
chrX 22205
chrX 32014
chrX 19819
chrX 97
chrX 115474
chrX 54390
chrX 93595
chrX 29733
chrX 41834
chrX 13176
chrX 2636
chrX 7194
chrX 3057
chrX 969
chrX 10251
chrX 58832
chrX 53
chrX 15371
chrX 213
chrX 8192
chrX 11641
chrX 25018
chrX 4370
chrX 107578
chrX 19992
chrX 4890
chrX 747
chrX 186
chrX 14820
chrX 23504
chrX 2318
chrX 23628
chrX 66693
chrX 5416
chrX 19
chrX 10872
chrX 6027
chrX 58739
chrX 16433
chrX 1767
chrX 60922
chrX 130111
chrX 1360
chrX 54196
chrX 4653
chrX 12004
chrX 1708
chrX 1862
chrX 63527
chrX 10672
chrX 9025
chrX 9800
chrX 10117
chrX 7593
chrX 33252
chrX 2888
chrX 2754
chrX 1949
chrX 88567
chrX 80674
chrX 8498
chrX 10293
chrX 90884
chrX 17126
chrX 24247
chrX 9069
chrX 41210
chrX 5044
chrX 1606
chrX 18
chrX 27191
chrX 28985
chrX 21288
chrX 5564
chrX 10441
chrX 465
chrX 58980
chrX 56110
chrX 1605
chrX 31951
chrX 10237
chrX 23352
chrX 11464
chrX 30120
chrX 6104
chrX 47709
chrX 6029
chrX 29946
chrX 29750
chrX 22225
chrX 151490
chrX 5
chrX 2325
chrX 3436
chrX 4557
chrX 1916
chrX 18923
chrX 7283
chrX 23774
chrX 32871
chrX 5637
chrX 34
chrX 57729
chrX 13236
chrX 8574
chrX 52804
chrX 59243
chrX 6148
chrX 9046
chrX 63934
chrX 22838
chrX 34731
chrX 21911
chrX 12799
chrX 88319
chrX 40794
chrX 17229
chrX 31938
chrX 105588
chrX 7770
chrX 33854
chrX 55823
chrX 78510
chrX 33116
chrX 23007
chrX 18854
chrX 48993
chrX 22861
chrX 11176
chrX 75382
chrX 25400
chrX 3501
chrX 1341
chrX 9860
chrX 24648
chrX 26646
chrX 61
chrX 27989
chrX 2211
chrX 52706
chrX 40
chrX 11073
chrX 20212
chrX 6068
chrX 5241
chrX 61415
chrX 18105
chrX 96541
chrX 16957
chrX 3780
chrX 2613
chrX 125710
chrX 49012
chrX 29433
chrX 12473
chrX 6788
chrX 154
chrX 112995
chrX 34
chrX 28326
chrX 63982
chrX 35137
chrX 7731
chrX 8284
chrX 13739
chrX 10139
chrX 8346
chrX 7836
chrX 46890
chrX 46
chrX 21621
chrX 59160
chrX 6252
chrX 79749
chrX 8362
chrX 20115
chrX 46921
chrX 43322
chrX 16456
chrX 111001
chrX 34898
chrX 67280
chrX 16681
chrX 33211
chrX 61506
chrX 63245
chrX 5530
chrX 18329
chrX 87475
chrX 43
chrX 691
chrX 19392
chrX 73
chrX 7737
chrX 88851
chrX 52448
chrX 20550
chrX 15043
chrX 206
chrX 77627
chrX 7670
chrX 21
chrX 31415
chrX 70787
chrX 114388
chrX 142
chrX 32054
chrX 66448
chrX 14306
chrX 28988
chrX 37611
chrX 17260
chrX 12964
chrX 5922
chrX 5612
chrX 20932
chrX 120054
chrX 54
chrX 113163
chrX 38484
chrX 13617
chrX 44979
chrX 34986
chrX 138855
chrX 25468
chrX 53243
chrX 48016
chrX 33376
chrX 15546
chrX 3367
chrX 23301
chrX 43037
chrX 9337
chrX 26657
chrX 169799
chrX 41744
chrX 31651
chrX 132044
chrX 47868
chrX 14666
chrX 7412
chrX 53325
chrX 29583
chrX 40709
chrX 16309
chrX 38
chrX 28
chrX 6734
chrX 77084
chrX 13821
chrX 10061
chrX 14446
chrX 90014
chrX 19169
chrX 22759
chrX 33650
chrX 90632
chrX 13434
chrX 43090
chrX 12426
chrX 97892
chrX 53921
chrX 6305
chrX 19871
chrX 193636
chrX 118302
chrX 5522
chrX 37052
chrX 38695
chrX 92826
chrX 114089
chrX 5501
chrX 42320
chrX 78026
chrX 58045
chrX 82698
chrX 235406
chrX 68061
chrX 77733
chrX 65537
chrX 8291
chrX 82771
chrX 86582
chrX 15388
chrX 8087
chrX 63594
chrX 127844
chrX 16223
chrX 6628
chrX 159345
chrX 2460
chrX 35288
chrX 40011
chrX 29415
chrX 557
chrX 138947
chrX 46167
chrX 64726
chrX 42708
chrX 14975
chrX 40846
chrX 84479
chrX 60994
chrX 12584
chrX 23946
chrX 75240
chrX 34491
chrX 48265
chrX 22145
chrX 25895
chrX 320124
chrX 27810
chrX 166694
chrX 75267
chrX 9315
chrX 58334
chrX 138662
chrX 59692
chrX 59445
chrX 49651
chrX 43462
chrX 63354
chrX 51784
chrX 126200
chrX 79057
chrX 32408
chrX 50944
chrX 10815
chrX 16038
chrX 112646
chrX 49080
chrX 52150
chrX 226887
chrX 79
chrX 45382
chrX 94025
chrX 66390
chrX 32981
chrX 123312
chrX 48758
chrX 144513
chrX 33295
chrX 43035
chrX 184763
chrX 16575
chrX 9789
chrX 35051
chrX 13707
chrX 28800
chrX 27376
chrX 228
chrX 25861
chrX 26463
chrX 49122
chrX 73000
chrX 143929
chrX 15499
chrX 32096
chrX 22412
chrX 27480
chrX 29366
chrX 27356
chrX 22943
chrX 165134
chrX 54598
chrX 50382
chrX 91742
chrX 15989
chrX 80965
chrX 2196
chrX 18503
chrX 52915
chrX 87286
chrX 7195
chrX 13933
chrX 39885
chrX 45626
chrX 54243
chrX 14874
chrX 7741
chrX 38687
chrX 12813
chrX 4040
chrX 7270
chrX 32916
chrX 8841
chrX 17082
chrX 38
chrX 884
chrX 39138
chrX 2267
chrX 61850
chrX 66578
chrX 34965
chrX 2781
chrX 40838
chrX 18446
chrX 13559
chrX 30100
chrX 144042
chrX 31511
chrX 67005
chrX 20928
chrX 281390
chrX 26706
chrX 209407
chrX 93794
chrX 213615
chrX 35474
chrX 38930
chrX 128895
chrX 659
chrX 105396
chrX 10029
chrX 49786
chrX 32245
chrX 10053
chrX 98903
chrX 15570
chrX 68858
chrX 98088
chrX 142242
chrX 80677
chrX 29378
chrX 16542
chrX 76225
chrX 54027
chrX 68979
chrX 19218
chrX 7
chrX 21243
chrX 150298
chrX 23219
chrX 5925
chrX 133271
chrX 45632
chrX 27288
chrX 10498
chrX 21771
chrX 55434
chrX 108132
chrX 56364
chrX 27333
chrX 23404
chrX 29329
chrX 3593
chrX 20137
chrX 10787
chrX 129037
chrX 3122
chrX 2573
chrX 25624
chrX 22959
chrX 6
chrX 12568
chrX 7440
chrX 42208
chrX 14148
chrX 6244
chrX 15132
chrX 78960
chrX 12828
chrX 147
chrX 52335
chrX 5247
chrX 25802
chrX 8095
chrX 1531
chrX 4828
chrX 53133
chrX 26894
chrX 25407
chrX 80
chrX 10429
chrX 102892
chrX 159195
chrX 2607
chrX 740
chrX 1426
chrX 32925
chrX 46105
chrX 4833
chrX 84094
chrX 44078
chrX 5971
chrX 10918
chrX 110614
chrX 186596
chrX 80308
chrX 287278
chrX 95459
chrX 15746
chrX 24471
chrX 9109
chrX 53626
chrX 14444
chrX 62598
chrX 17528
chrX 77097
chrX 10495
chrX 51050
chrX 3850
chrX 84184
chrX 81124
chrX 3643
chrX 6111
chrX 5761
chrX 35022
chrX 14997
chrX 87455
chrX 39293
chrX 59992
chrX 105529
chrX 21309
chrX 38565
chrX 87912
chrX 35654
chrX 60828
chrX 22212
chrX 22101
chrX 90788
chrX 25432
chrX 117
chrX 8209
chrX 16433
chrX 64
chrX 43301
chrX 10576
chrX 136293
chrX 2082
chrX 5989
chrX 2500
chrX 9327
chrX 68
chrX 98459
chrX 101002
chrX 49856
chrX 64737
chrX 101186
chrX 52239
chrX 4583
chrX 71939
chrX 233593
chrX 55686
chrX 905
chrX 10657
chrX 6069
chrX 14223
chrX 16620
chrX 12010
chrX 13462
chrX 21171
chrX 22309
chrX 32319
chrX 10338
chrX 34631
chrX 21775
chrX 32173
chrX 24501
chrX 17
chrX 73
chrX 3383
chrX 179548
chrX 69040
chrX 2764
chrX 212
chrX 53163
chrX 7516
chrX 40781
chrX 33424
chrX 3029
chrX 7706
chrX 8481
chrX 41903
chrX 6865
chrX 22600
chrX 27389
chrX 20235
chrX 13517
chrX 25135
chrX 3686
chrX 3334
chrX 5214
chrX 79804
chrX 10970
chrX 15352
chrX 39581
chrX 143
chrX 12946
chrX 20445
chrX 4073
chrX 94796
chrX 4703
chrX 14789
chrX 469
chrX 13050
chrX 42
chrX 8457
chrX 20783
chrX 283
chrX 69459
chrX 75080
chrX 8984
chrX 54077
chrX 70233
chrX 40239
chrX 43785
chrX 8721
chrX 16234
chrX 51541
chrX 72464
chrX 59118
chrX 27271
chrX 870
chrX 16672
chrX 14535
chrX 84876
chrX 12956
chrX 2712
chrX 25109
chrX 134623
chrX 31541
chrX 89328
chrX 38300
chrX 10364
chrX 18286
chrX 8369
chrX 26704
chrX 31893
chrX 90564
chrX 28271
chrX 72389
chrX 71
chrX 74107
chrX 83108
chrX 83044
chrX 112056
chrX 60580
chrX 4136
chrX 14492
chrX 5991
chrX 30054
chrX 90488
chrX 38909
chrX 47866
chrX 31423
chrX 15822
chrX 151181
chrX 12021
chrX 21345
chrX 84245
chrX 51420
chrX 5656
chrX 37834
chrX 17391
chrX 26915
chrX 67110
chrX 215881
chrX 83938
chrX 60353
chrX 9875
chrX 13098
chrX 19149
chrX 221011
chrX 15763
chrX 60956
chrX 101397
chrX 8207
chrX 38
chrX 56558
chrX 91183
chrX 15622
chrX 71623
chrX 15797
chrX 16218
chrX 19859
chrX 137204
chrX 16873
chrX 9414
chrX 92988
chrX 59732
chrX 7750
chrX 12540
chrX 16437
chrX 7
chrX 29471
chrX 788
chrX 16562
chrX 55940
chrX 58330
chrX 4706
chrX 682
chrX 8655
chrX 30543
chrX 11399
chrX 2
chrX 38930
chrX 19840
chrX 10131
chrX 112760
chrX 52965
chrX 48986
chrX 7913
chrX 48255
chrX 18678
chrX 23058
chrX 16162
chrX 3397
chrX 30121
chrX 26247
chrX 48788
chrX 132684
chrX 18126
chrX 18124
chrX 52861
chrX 45713
chrX 3927
chrX 44695
chrX 10867
chrX 31480
chrX 113263
chrX 30867
chrX 10487
chrX 51038
chrX 5173
chrX 11395
chrX 60752
chrX 60886
chrX 16100
chrX 711
chrX 67210
chrX 2784
chrX 48021
chrX 8854
chrX 20489
chrX 5901
chrX 1667
chrX 16261
chrX 6318
chrX 85448
chrX 52149
chrX 30414
chrX 60235
chrX 6669
chrX 13537
chrX 38228
chrX 19933
chrX 142827
chrX 10
chrX 46716
chrX 7020
chrX 16666
chrX 57739
chrX 189723
chrX 32625
chrX 12587
chrX 76301
chrX 40448
chrX 19483
chrX 141673
chrX 10258
chrX 11358
chrX 12139
chrX 1774
chrX 10531
chrX 101530
chrX 88239
chrX 5900
chrX 10665
chrX 18419
chrX 4706
chrX 64729
chrX 5224
chrX 21113
chrX 49414
chrX 9883
chrX 47258
chrX 9093
chrX 62701
chrX 28276
chrX 21470
chrX 114004
chrX 77985
chrX 50074
chrX 4384
chrX 83670
chrX 65029
chrX 117376
chrX 47321
chrX 8390
chrX 14727
chrX 92396
chrX 90455
chrX 20694
chrX 17074
chrX 47179
chrX 224
chrX 30592
chrX 80424
chrX 6934
chrX 35317
chrX 13172
chrX 4364
chrX 53117
chrX 37182
chrX 16240
chrX 81698
chrX 44012
chrX 80721
chrX 17784
chrX 38
chrX 19613
chrX 22211
chrX 31078
chrX 30777
chrX 4825
chrX 38438
chrX 141342
chrX 18187
chrX 3468
chrX 57597
chrX 3416
chrX 107246
chrX 47773
chrX 155922
chrX 3165
chrX 39475
chrX 21492
chrX 27184
chrX 997
chrX 6441
chrX 31258
chrX 18065
chrX 16251
chrX 82429
chrX 96654
chrX 63946
chrX 44468
chrX 21393
chrX 28432
chrX 39347
chrX 103189
chrX 13723
chrX 26256
chrX 23539
chrX 26866
chrX 85999
chrX 24198
chrX 44926
chrX 38
chrX 97008
chrX 171060
chrX 360712
chrX 71746
chrX 45394
chrX 13442
chrX 16785
chrX 24162
chrX 38746
chrX 37884
chrX 19465
chrX 23521
chrX 8465
chrX 40213
chrX 5204
chrX 213
chrX 6543
chrX 43899
chrX 51114
chrX 35067
chrX 24340
chrX 134
chrX 46983
chrX 1215
chrX 8278
chrX 134684
chrX 7601
chrX 22414
chrX 15038
chrX 19
chrX 20024
chrX 34914
chrX 26924
chrX 2802
chrX 43668
chrX 58961
chrX 666
chrX 130313
chrX 79780
chrX 96467
chrX 1570
chrX 22156
chrX 8564
chrX 61672
chrX 21806
chrX 12469
chrX 38
chrX 19386
chrX 73748
chrX 35551
chrX 18109
chrX 14997
chrX 46147
chrX 10344
chrX 28051
chrX 55
chrX 74
chrX 20553
chrX 6151
chrX 2386
chrX 33449
chrX 614
chrX 2761
chrX 15433
chrX 16950
chrX 28555
chrX 5574
chrX 59653
chrX 29177
chrX 20236
chrX 21836
chrX 21696
chrX 38
chrX 34329
chrX 52223
chrX 3032
chrX 27417
chrX 25522
chrX 27
chrX 34718
chrX 21547
chrX 16117
chrX 15677
chrX 110978
chrX 82987
chrX 21530
chrX 104441
chrX 54876
chrX 154099
chrX 8342
chrX 171216
chrX 88369
chrX 175054
chrX 84735
chrX 54291
chrX 11629
chrX 31
chrX 3230
chrX 3922
chrX 620897
chrX 78852
chrX 91722
chrX 69237
chrX 58423
chrX 84612
chrX 160323
chrX 119251
chrX 20727
chrX 162004
chrX 11209
chrX 65601
chrX 58291
chrX 29848
chrX 3878
chrX 40717
chrX 155020
chrX 291
chrX 23360
chrX 30082
chrX 110021
chrX 10680
chrX 80666
chrX 26463
chrX 61220
chrX 19876
chrX 90155
chrX 39005
chrX 12438
chrX 7335
chrX 128136
chrX 30775
chrX 106681
chrX 23008
chrX 21857
chrX 40860
chrX 114708
chrX 29831
chrX 39138
chrX 17187
chrX 61180
chrX 14543
chrX 9730
chrX 3225
chrX 83066
chrX 37116
chrX 49831
chrX 29594
chrX 23737
chrX 82015
chrX 9413
chrX 2852
chrX 4088
chrX 33153
chrX 85777
chrX 5430
chrX 62515
chrX 22845
chrX 21892
chrX 6876
chrX 69126
chrX 32833
chrX 3982
chrX 69709
chrX 44327
chrX 134
chrX 47893
chrX 45752
chrX 2112
chrX 1670
chrX 44
chrX 46679
chrX 31683
chrX 155596
chrX 83586
chrX 6439
chrX 79
chrX 34655
chrX 21513
chrX 17225
chrX 55231
chrX 13933
chrX 45520
chrX 11280
chrX 74313
chrX 68189
chrX 12832
chrX 198
chrX 368545
chrX 9153
chrX 34154
chrX 31184
chrX 3778
chrX 126810
chrX 45450
chrX 212
chrX 18419
chrX 213841
chrX 80006
chrX 82793
chrX 9814
chrX 55335
chrX 91142
chrX 62726
chrX 2698
chrX 38098
chrX 5543
chrX 6174
chrX 26103
chrX 13761
chrX 5380
chrX 47809
chrX 2743
chrX 221368
chrX 213142
chrX 163126
chrX 72863
chrX 143859
chrX 465
chrX 86396
chrX 18610
chrX 29402
chrX 33348
chrX 49158
chrX 25916
chrX 14866
chrX 34895
chrX 12063
chrX 23262
chrX 1430
chrX 38
chrX 42842
chrX 37613
chrX 11153
chrX 556
chrX 29556
chrX 24868
chrX 13380
chrX 97485
chrX 23033
chrX 19068
chrX 16419
chrX 8202
chrX 23404
chrX 62062
chrX 4588
chrX 168498
chrX 101205
chrX 7917
chrX 12620
chrX 58446
chrX 5358
chrX 13231
chrX 56828
chrX 34861
chrX 18469
chrX 28584
chrX 11244
chrX 48908
chrX 15449
chrX 15236
chrX 30102
chrX 20756
chrX 70630
chrX 35470
chrX 88829
chrX 52001
chrX 10877
chrX 18170
chrX 3957
chrX 2296
chrX 11935
chrX 47306
chrX 37874
chrX 16225
chrX 29634
chrX 35339
chrX 47636
chrX 11329
chrX 210305
chrX 34992
chrX 117273
chrX 42419
chrX 92569
chrX 25875
chrX 14183
chrX 88599
chrX 56083
chrX 38703
chrX 92490
chrX 110
chrX 20892
chrX 14387
chrX 5993
chrX 5039
chrX 2697
chrX 19835
chrX 49656
chrX 90
chrX 3284
chrX 38641
chrX 11344
chrX 5178
chrX 33
chrX 41387
chrX 36819
chrX 21169
chrX 76865
chrX 26111
chrX 34890
chrX 70864
chrX 11425
chrX 78446
chrX 33263
chrX 5389
chrX 260
chrX 25576
chrX 16274
chrX 46534
chrX 17860
chrX 8049
chrX 7154
chrX 55
chrX 11186
chrX 35589
chrX 109141
chrX 8481
chrX 97400
chrX 149886
chrX 1438
chrX 31172
chrX 448588
chrX 3617
chrX 82437
chrX 58792
chrX 31166
chrX 88743
chrX 23834
chrX 118000
chrX 76513
chrX 33083
chrX 2791
chrX 51142
chrX 67067
chrX 181935
chrX 24
chrX 10504
chrX 17740
chrX 39797
chrX 2
chrX 20453
chrX 28825
chrX 68462
chrX 33679
chrX 34733
chrX 55679
chrX 2430
chrX 1423
chrX 17823
chrX 14720
chrX 17228
chrX 7776
chrX 10810
chrX 5601
chrX 39452
chrX 5520
chrX 26413
chrX 20611
chrX 31557
chrX 34341
chrX 25334
chrX 149324
chrX 29644
chrX 17948
chrX 18513
chrX 53439
chrX 28916
chrX 14970
chrX 41003
chrX 128157
chrX 63948
chrX 40309
chrX 21189
chrX 21323
chrX 10919
chrX 44
chrX 107141
chrX 54595
chrX 42173
chrX 63116
chrX 265567
chrX 19594
chrX 54994
chrX 89530
chrX 66530
chrX 5461
chrX 57795
chrX 118396
chrX 171366
chrX 159013
chrX 11436
chrX 44481
chrX 73119
chrX 73971
chrX 68805
chrX 127316
chrX 15482
chrX 20792
chrX 4586
chrX 10612
chrX 1419
chrX 29020
chrX 5815
chrX 18911
chrX 3976
chrX 63017
chrX 3650
chrX 2203
chrX 84002
chrX 30739
chrX 15216
chrX 19250
chrX 77735
chrX 85793
chrX 9612
chrX 4628
chrX 120079
chrX 62736
chrX 126082
chrX 118203
chrX 68057
chrX 51890
chrX 695
chrX 70819
chrX 37894
chrX 75752
chrX 18553
chrX 110191
chrX 27957
chrX 206002
chrX 46607
chrX 47844
chrX 6497
chrX 1942
chrX 20389
chrX 13430
chrX 7448
chrX 17169
chrX 9795
chrX 17163
chrX 10
chrX 7243
chrX 17159
chrX 27067
chrX 7238
chrX 65996
chrX 301745
chrX 61568
chrX 408559
chrX 101925
chrX 166815
chrX 10
chrX 38
chrX 30978
chrX 66050
chrX 36
chrX 28313
chrX 4461
chrX 20450
chrX 4
chrX 6780
chrX 3784
chrX 257
chrX 66835
chrX 184320
chrX 48540
chrX 69326
chrX 2978
chrX 158540
chrX 6979
chrX 86666
chrX 34260
chrX 84927
chrX 92355
chrX 67763
chrX 52132
chrX 14123
chrX 30888
chrX 17015
chrX 44712
chrX 11974
chrX 20234
chrX 42273
chrX 62590
chrX 51967
chrX 67775
chrX 17401
chrX 25557
chrX 26301
chrX 33473
chrX 31662
chrX 6084
chrX 17085
chrX 39452
chrX 18129
chrX 109313
chrX 8370
chrX 15137
chrX 1265
chrX 2141
chrX 35715
chrX 23064
chrX 3100
chrX 1044
chrX 1233
chrX 73682
chrX 9295
chrX 39221
chrX 68684
chrX 37678
chrX 38043
chrX 16300
chrX 52143
chrX 49715
chrX 107673
chrX 3511
chrX 3688
chrX 17109
chrX 43540
chrX 4783
chrX 34584
chrX 9200
chrX 21126
chrX 17505
chrX 43000
chrX 49944
chrX 32609
chrX 8
chrX 14661
chrX 201925
chrX 92312
chrX 13743
chrX 10215
chrX 8895
chrX 17414
chrX 3
chrX 724
chrX 26611
chrX 24216
chrX 79370
chrX 4326
chrX 66134
chrX 17299
chrX 31535
chrX 20864
chrX 48521
chrX 44733
chrX 25573
chrX 35939
chrX 124103
chrX 34327
chrX 15783
chrX 21002
chrX 40079
chrX 7630
chrX 36746
chrX 70
chrX 241
chrX 78313
chrX 37346
chrX 182214
chrX 27613
chrX 58588
chrX 48363
chrX 61596
chrX 4606
chrX 37472
chrX 5369
chrX 17615
chrX 36747
chrX 32763
chrX 2178
chrX 97162
chrX 110974
chrX 66
chrX 113427
chrX 37721
chrX 204
chrX 28042
chrX 54306
chrX 24295
chrX 162027
chrX 23591
chrX 27233
chrX 24568
chrX 5787
chrX 129
chrX 33260
chrX 9489
chrX 14735
chrX 38326
chrX 6524
chrX 190424
chrX 844
chrX 15573
chrX 29211
chrX 13261
chrX 13435
chrX 29398
chrX 2785
chrX 16814
chrX 5431
chrX 7257
chrX 29012
chrX 60094
chrX 3800
chrX 41303
chrX 40481
chrX 10931
chrX 39825
chrX 27016
chrX 13685
chrX 5686
chrX 16339
chrX 88969
chrX 9290
chrX 8475
chrX 6604
chrX 53197
chrX 22276
chrX 27284
chrX 41857
chrX 110182
chrX 52384
chrX 130117
chrX 101951
chrX 4598
chrX 76568
chrX 125012
chrX 5863
chrX 109405
chrX 31207
chrX 9443
chrX 5415
chrX 38447
chrX 4099
chrX 77726
chrX 60699
chrX 62821
chrX 15970
chrX 124906
chrX 48227
chrX 63359
chrX 14205
chrX 1009
chrX 84390
chrX 117078
chrX 63955
chrX 49473
chrX 53622
chrX 90404
chrX 5287
chrX 79202
chrX 39
chrX 101383
chrX 48282
chrX 28862
chrX 150
chrX 31080
chrX 30533
chrX 34
chrX 59191
chrX 16293
chrX 43
chrX 53134
chrX 83912
chrX 176
chrX 36131
chrX 5364
chrX 133
chrX 21952
chrX 78638
chrX 319888
chrX 931
chrX 51764
chrX 75812
chrX 198179
chrX 13628
chrX 44257
chrX 25983
chrX 16832
chrX 15260
chrX 60360
chrX 28897
chrX 44419
chrX 108309
chrX 85335
chrX 49395
chrX 16868
chrX 43927
chrX 42608
chrX 14588
chrX 189567
chrX 160791
chrX 51930
chrX 10520
chrX 4612
chrX 19
chrX 64066
chrX 140696
chrX 8336
chrX 5177
chrX 63721
chrX 35316
chrX 30474
chrX 27450
chrX 29871
chrX 276892
chrX 6590
chrX 13238
chrX 127787
chrX 11889
chrX 12898
chrX 69723
chrX 5077
chrX 9592
chrX 6640
chrX 51238
chrX 22953
chrX 11594
chrX 11373
chrX 53060
chrX 16625
chrX 42067
chrX 25626
chrX 6767
chrX 28877
chrX 15802
chrX 46
chrX 29784
chrX 151916
chrX 57175
chrX 77358
chrX 71540
chrX 7007
chrX 2944
chrX 276142
chrX 37480
chrX 22382
chrX 10710
chrX 67323
chrX 43997
chrX 31899
chrX 38
chrX 72969
chrX 9913
chrX 32793
chrX 63267
chrX 128019
chrX 25313
chrX 19752
chrX 80938
chrX 68775
chrX 25327
chrX 61003
chrX 34584
chrX 15565
chrX 38
chrX 7820
chrX 110226
chrX 41008
chrX 55
chrX 12131
chrX 12636
chrX 46400
chrX 3506
chrX 34948
chrX 74611
chrX 116275
chrX 35125
chrX 254428
chrX 11423
chrX 53822
chrX 60054
chrX 4468
chrX 29178
chrX 233778
chrX 6383
chrX 9552
chrX 57286
chrX 1000
chrX 233
chrX 14420
chrX 74148
chrX 62752
chrX 9379
chrX 48701
chrX 14
chrX 20393
chrX 193068
chrX 5
chrX 61887
chrX 26248
chrX 16549
chrX 11406
chrX 377107
chrX 3233
chrX 26161
chrX 27
chrX 43155
chrX 56894
chrX 7643
chrX 96311
chrX 11283
chrX 8619
chrX 5349
chrX 69797
chrX 7797
chrX 5359
chrX 48197
chrX 5145
chrX 20845
chrX 303
chrX 1874
chrX 51542
chrX 7011
chrX 2522
chrX 36257
chrX 6885
chrX 18718
chrX 159
chrX 17657
chrX 2192
chrX 9553
chrX 207601
chrX 9677
chrX 183047
chrX 117189
chrX 32474
chrX 3144
chrX 92203
chrX 118481
chrX 65745
chrX 417622
chrX 799008
chrX 160550
chrX 16865
chrX 29514
chrX 37749
chrX 11343
chrX 22993
chrX 98
chrX 199318
chrX 37602
chrX 7183
chrX 61448
chrX 16505
chrX 72084
chrX 62646
chrX 106
chrX 24586
chrX 5402
chrX 67338
chrX 9257
chrX 30673
chrX 8557
chrX 5033
chrX 18714
chrX 9060
chrX 13696
chrX 1444
chrX 29088
chrX 1224
chrX 7790
chrX 10262
chrX 31503
chrX 9624
chrX 28652
chrX 69271
chrX 27772
chrX 22055
chrX 14693
chrX 52319
chrX 8145
chrX 14622
chrX 3481
chrY 6924
chrY 15
chrY 379185
chrY 3
chrY 37153
chrY 247510
chrY 42190
chrY 130533
chrY 154810
chrY 51
chrY 88476
chrY 30
chrY 307892
chrY 366102
chrY 233198
chrY 29006
chrY 98727
chrY 220363
chrY 25915
chrY 44
chrY 74640
chrY 162058
chrY 172472
chrY 398525
chrY 36
chrY 88883
chrY 143511
chrY 50
chrY 249839
chrY 3160
chrY 43
chrY 50696
chrY 28035
chrY 134116
chrY 38
chrY 63142
chrY 177443
chrY 45
chrY 210311
chrY 149526
chrY 659705
chrY 51
chrY 1541059
chrY 398032
chrY 142515
chrY 22481
chrY 1095581
chrY 205887
chrY 437617
chrY 107913
chrY 16
chrY 37735
chrY 89228
chrY 373534
chrY 34
chrY 39990
chrY 437569
chrY 91605
chrY 768167
chrY 399113
chrY 217940
chrY 8
chrY 173689
chrY 946
chrY 512953
chrY 75439
chrY 22
chrY 358363
chrY 284786
chrY 236846
chrY 20
chrY 183506
chrY 6542
chrY 434774
chrY 64
chrY 200561
chrY 28988
chrY 403636
chrY 132244
chrY 333355
chrY 576850
chrY 385035
chrY 123397
chrY 768302
chrY 170790
chrY 540873
chrY 315547
chrY 86
chrY 10314
chrY 432929
chrY 204373
chrY 30
chrY 77803
chrY 953294
chrY 18
chrY 555606
chrY 23
chrY 1633633
chrY 3
chrY 1087874
chrY 31185875
